dataset,seed,fold,feature_fraction,B,distinct_oof_columns,distinct_masks
breast_cancer,11,0,0.1,100,98,98
breast_cancer,11,1,0.1,100,100,99
breast_cancer,11,2,0.1,100,96,95
breast_cancer,29,0,0.1,100,99,99
breast_cancer,29,1,0.1,100,100,100
breast_cancer,29,2,0.1,100,98,97
diabetes,11,0,0.1,100,10,10
diabetes,11,1,0.1,100,10,10
diabetes,11,2,0.1,100,10,10
diabetes,29,0,0.1,100,10,10
diabetes,29,1,0.1,100,10,10
diabetes,29,2,0.1,100,10,10
wine,11,0,0.1,100,64,56
wine,11,1,0.1,100,73,58
wine,11,2,0.1,100,67,56
wine,29,0,0.1,100,73,57
wine,29,1,0.1,100,67,55
wine,29,2,0.1,100,68,58
breast_cancer,11,0,0.5,100,100,100
breast_cancer,11,1,0.5,100,100,100
breast_cancer,11,2,0.5,100,100,100
breast_cancer,29,0,0.5,100,100,100
breast_cancer,29,1,0.5,100,99,100
breast_cancer,29,2,0.5,100,100,100
diabetes,11,0,0.5,100,84,84
diabetes,11,1,0.5,100,83,85
diabetes,11,2,0.5,100,78,81
diabetes,29,0,0.5,100,84,85
diabetes,29,1,0.5,100,81,84
diabetes,29,2,0.5,100,87,88
wine,11,0,0.5,100,99,98
wine,11,1,0.5,100,95,92
wine,11,2,0.5,100,100,99
wine,29,0,0.5,100,99,97
wine,29,1,0.5,100,99,95
wine,29,2,0.5,100,96,97
