dataset,task,feature_fraction,method,B,aggregation_scalar_parameters,auprc,auroc,auroc_macro_ovr,balanced_accuracy,brier,certification_rate,certified_count,coefficient_count,cpu_seconds,ece_10,feature_coverage,inference_batch_rows,inference_batch_seconds,inference_rows_per_second,leaves,log_loss,mae,max_abs_residual_correlation,mean_abs_residual_correlation,mean_feature_jaccard,mean_residual_correlation,mean_selected_quality,model_bytes,mse,nodes,normalized_squared_loss,observed_peak_rss_bytes,oof_calibrated_squared_loss,oof_squared_loss,r2,requested_K,residual_effective_rank,retained_count,rmse,train_cpu_seconds,train_wall_seconds,wall_seconds,completed_splits
breast_cancer,binary,0.1,abs_correlation,100.0,,0.9933889347622994,0.9903304983965416,,0.9408726871030102,0.05048988964683513,0.9983333333333334,99.83333333333333,,,0.11739998497639258,18.333333333333332,256.0,0.020479361332642502,12595.020535088339,61.0,0.20500239466608952,,0.6478169167250504,0.41214167397945406,0.05059523809523806,0.41214167397945406,0.9110423299776408,48481.333333333336,,114.0,0.21596503926060442,,,0.045329637934711876,,8.0,3.274966293445083,8.0,,3.0218116666666677,3.5537256109528244,,6
breast_cancer,binary,0.1,caruana,100.0,,0.9889364660970754,0.9855460494056777,,0.9366907326310806,0.04272559084624422,0.9983333333333334,99.83333333333333,,,0.04998629224555976,13.5,256.0,0.0173002918406079,15628.12406000355,45.166666666666664,0.1532634473904322,,0.7826476166172288,0.5162221142872964,0.07571428571428568,0.5162221142872964,0.9567734190869435,38292.833333333336,,84.0,0.18277385279375488,,,0.033684145165305955,,8.0,2.5356721789771064,6.333333333333333,,2.9200931666666676,3.420589673294065,,6
breast_cancer,binary,0.1,catboost,,,0.9955826857237206,0.9932513850610668,,0.9602457884562275,0.02653637926761643,,,,0.3786906666666671,0.037078043055290465,,256.0,0.0030072983354329495,85709.2322720384,1596.3333333333333,0.0972762903069347,,,,,,,45506.666666666664,,3092.6666666666665,0.1135015024144173,214212608.0,,,,,,100.0,,0.3786906666666671,0.4372221735926966,0.4372221735926966,6
breast_cancer,binary,0.1,certified_random,100.0,,0.9890389144139952,0.9838684769682521,,0.9272842939992899,0.05351117226003552,0.9983333333333334,99.83333333333333,,,0.09674979460026913,18.666666666666668,256.0,0.02406592368303483,10807.509273860467,59.166666666666664,0.20593955142694775,,0.7798063092009689,0.5144002564846717,0.04880952380952378,0.5144002564846717,0.913818541288756,48180.166666666664,,110.33333333333333,0.22891016511686932,,,0.05101511151177609,,8.0,2.6156306417653803,8.0,,2.921270833333333,3.420360528243085,,6
breast_cancer,binary,0.1,coerror,100.0,,0.9921178759091617,0.9875514994730287,,0.9364638813271787,0.04262536678649185,0.9983333333333334,99.83333333333333,,,0.051640170665445885,14.833333333333334,256.0,0.022381777952735566,11467.896429460714,57.666666666666664,0.15173410297592457,,0.8643566489932825,0.5295639090301372,0.0976190476190476,0.5295639090301372,0.9576578858493753,47886.333333333336,,107.33333333333333,0.18234301260923302,,,0.033967760872214516,,8.0,2.6574122576869246,8.0,,2.9221965000000014,3.424586257276436,,6
breast_cancer,binary,0.1,coerror_greedy,100.0,,0.9923620054418462,0.9878944535560704,,0.9376711247879433,0.04190927068069533,0.9983333333333334,99.83333333333333,,,0.052757925576276364,15.333333333333334,256.0,0.022065541706979202,11742.132395071892,57.666666666666664,0.15017527546168727,,0.8388138178634875,0.5310125899201315,0.08571428571428569,0.5310125899201315,0.9573871315082821,47898.333333333336,,107.33333333333333,0.17928186641222266,,,0.034119960099297096,,8.0,2.6569388847097275,8.0,,2.9232195000000005,3.4258696804366386,,6
breast_cancer,binary,0.1,coerror_no_cert,100.0,,0.9921178759091617,0.9875514994730287,,0.9364638813271787,0.04262536678649185,0.9983333333333334,99.83333333333333,,,0.051640170665445885,14.833333333333334,256.0,0.02284847215438877,11332.485289002963,57.666666666666664,0.15173410297592457,,0.8643566489932825,0.5295639090301372,0.0976190476190476,0.5295639090301372,0.9576578858493753,47886.333333333336,,107.33333333333333,0.18234301260923302,,,0.033967760872214516,,8.0,2.6574122576869246,8.0,,2.9242366666666673,3.425388826212535,,6
breast_cancer,binary,0.1,covariance_only,100.0,,0.992487512361942,0.9880347913813412,,0.9357636012151339,0.04266071925574135,0.9983333333333334,99.83333333333333,,,0.05268636804584117,14.666666666666666,256.0,0.024018472332196866,10756.56785896445,57.333333333333336,0.15112913496679828,,0.868602508948313,0.5326148380754681,0.09345238095238094,0.5326148380754681,0.9574818845978107,47830.333333333336,,106.66666666666667,0.18249406116511238,,,0.033953031074534255,,8.0,2.6410353523521444,8.0,,2.9230508333333334,3.426242215015615,,6
breast_cancer,binary,0.1,direct_auroc,100.0,,0.9940759786336061,0.9910510683146497,,0.9387047776857221,0.048994923534738916,0.9983333333333334,99.83333333333333,,,0.11082439225783264,16.833333333333332,256.0,0.021983104098277733,11698.618753115212,59.666666666666664,0.19808684764761,,0.7989346314440028,0.4566031854913497,0.06845238095238092,0.4566031854913497,0.9161432009873174,48241.333333333336,,111.33333333333333,0.20960131101930404,,,0.04538112199132202,,8.0,2.931146337670352,8.0,,3.0614171666666667,3.5947084995762757,,6
breast_cancer,binary,0.1,direct_squared,100.0,,0.9923620054418462,0.9878944535560704,,0.9376711247879433,0.04190927068069533,0.9983333333333334,99.83333333333333,,,0.052757925576276336,15.333333333333334,256.0,0.02161257628661885,11950.91628688049,57.666666666666664,0.15017527546168727,,0.8388138178634875,0.5310125899201313,0.08571428571428569,0.5310125899201313,0.9573871315082821,47895.666666666664,,107.33333333333333,0.17928186641222266,,,0.034119960099297096,,8.0,2.656938884709727,8.0,,2.9304684999999995,3.434876555848556,,6
breast_cancer,binary,0.1,et_shallow,,,0.9883572732778686,0.9826708148047952,,0.9195082258255415,0.06669786792170451,,,,0.015411333333333917,0.1242254408515926,,256.0,0.004796652938239233,55302.962690451335,50.0,0.2522104793598526,,,,,,,15131.0,,92.0,0.2853315774390543,205976917.33333334,,,,,,8.0,,0.015411333333333917,0.01921173600324735,0.01921173600324735,6
breast_cancer,binary,0.1,extra_trees,,,0.9958735862212836,0.99377018412999,,0.958371799423995,0.029127101744160718,,,,0.3080251666666666,0.04994086054256006,,256.0,0.027672909588242534,9261.907789433073,12211.666666666666,0.11148330654974774,,,,,,,2036277.6666666667,,24167.333333333332,0.12458592032345095,206361941.33333334,,,,,,256.0,,0.3080251666666666,0.3483719303039834,0.3483719303039834,6
breast_cancer,binary,0.1,lightgbm,,,0.9939427384858281,0.990739957955013,,0.9532232611354402,0.03150046442890694,,,,0.07904299999999949,0.03170994852915293,,256.0,0.006048472326559283,42403.28007491255,1484.1666666666667,0.11609631769186286,,,,,,,181681.66666666666,,2868.3333333333335,0.13474244920220732,209554090.66666666,,,,,,100.0,,0.07904299999999949,0.08921310429771735,0.08921310429771735,6
breast_cancer,binary,0.1,linear,,,0.9967543497563799,0.9951803256513873,,0.9776186530950408,0.0188157044958986,,,31.0,0.012064499999999515,0.02926789820334175,,256.0,0.0031866112258285,84604.57734070541,,0.07372760282278427,,,,,,,5290.0,,,0.08049746849688165,214218069.33333334,,,,,,1.0,,0.012064499999999515,0.01316868750533705,0.01316868750533705,6
breast_cancer,binary,0.1,minimax,100.0,,0.9928395299239895,0.9887867823185612,,0.9406793703396851,0.056288166383484495,0.9983333333333334,99.83333333333333,,,0.12763419204948842,18.5,256.0,0.02271054871380325,11578.717966889579,60.666666666666664,0.22295986168981283,,0.5776304947853504,0.45229562352449965,0.04702380952380947,0.45229562352449965,0.9021345580610629,48473.333333333336,,113.33333333333333,0.24076600601427048,,,0.0526291871429451,,8.0,3.0068839419201336,8.0,,2.9899705000000023,3.5141833268571645,,6
breast_cancer,binary,0.1,prediction_correlation,100.0,,0.9725094420114871,0.9566120814522993,,0.8353493510080088,0.127661552933346,0.9983333333333334,99.83333333333333,,,0.20442099429680452,14.333333333333334,256.0,0.024295034779546115,10700.3451820282,61.5,0.42128756724343347,,0.8778623184104989,0.6394267956136865,0.11011904761904757,0.6394267956136865,0.7630331075592758,48589.0,,115.0,0.5461036242593315,,,0.12729392900425382,,8.0,1.9290566466999792,8.0,,2.993529833333334,3.51307392368714,,6
breast_cancer,binary,0.1,quality_diversity,100.0,,0.9919869123335644,0.9875871475350704,,0.9374275062137531,0.04209183805905836,0.9983333333333334,99.83333333333333,,,0.05066397765973308,16.833333333333332,256.0,0.023709194307836332,11129.757901550396,58.5,0.1529533259510622,,0.8079323203539595,0.5204811089424958,0.061309523809523786,0.5204811089424958,0.9594083784622628,48037.666666666664,,109.0,0.18005991821134493,,,0.03562690213209143,,8.0,2.709967314821087,8.0,,2.995895666666668,3.513188027543947,,6
breast_cancer,binary,0.1,random_forest,,,0.9902375358485208,0.9893364388008724,,0.9534668797096305,0.03276278556781942,,,,0.4814656666666668,0.04608959827230109,,256.0,0.02447537495754655,10525.521385138409,4064.1666666666665,0.1405785995948584,,,,,,,732677.6666666666,,7872.333333333333,0.14012967973477455,206050645.33333334,,,,,,256.0,,0.4814656666666668,0.5443085553512598,0.5443085553512598,6
breast_cancer,binary,0.1,random_patches,,,0.9917679834911008,0.986461063298559,,0.9247800528662169,0.05609199452051853,,,,0.04957800000000002,0.10001576727478129,,256.0,0.022046624760453867,11823.576564420333,53.333333333333336,0.2106326971507242,,,,,,,35072.0,,98.66666666666667,0.23994606922286946,205993301.33333334,,,,,,8.0,,0.04957800000000002,0.06220434718610093,0.06220434718610093,6
breast_cancer,binary,0.1,random_subspace,100.0,,0.9890259119236989,0.9837797090667252,,0.9296317118396655,0.05357821949291308,0.9983333333333334,99.83333333333333,,,0.09348732445208104,18.833333333333332,256.0,0.023707229139593698,10914.220778623278,59.333333333333336,0.20607998766518595,,0.7816639690610204,0.5159192260341399,0.04761904761904758,0.5159192260341399,0.9137834652015835,48212.166666666664,,110.66666666666667,0.22919663415048597,,,0.051244728209676245,,8.0,2.6126147446310646,8.0,,0.04887533333333224,0.053844229473421934,,6
breast_cancer,binary,0.1,rf_shallow,,,0.9847213278929172,0.983841564794932,,0.9395451138201759,0.04082418002733357,,,,0.0209931666666654,0.03968154781693962,,256.0,0.003727270988747433,69101.6477818053,53.166666666666664,0.14823650341746397,,,,,,,15637.666666666666,,98.33333333333333,0.17463369930689546,205974186.66666666,,,,,,8.0,,0.0209931666666654,0.024517250208494518,0.024517250208494518,6
breast_cancer,binary,0.1,shrinkage,100.0,,0.9910091006157477,0.9865454632557248,,0.9357636012151339,0.04296604169047752,0.9983333333333334,99.83333333333333,,,0.052293896728500454,14.833333333333334,256.0,0.0226565418221677,11399.44004043416,57.333333333333336,0.15299114861275973,,0.8830215188410923,0.544882387530222,0.09821428571428568,0.544882387530222,0.9591857132924092,47842.5,,106.66666666666667,0.1837985955816196,,,0.03402542280273906,,8.0,2.5461949990686343,8.0,,2.9220968333333324,3.423254409688525,,6
breast_cancer,binary,0.1,signed_correlation,100.0,,0.9933889347622994,0.9903304983965416,,0.9408726871030102,0.05048988964683513,0.9983333333333334,99.83333333333333,,,0.11739998497639258,18.333333333333332,256.0,0.021150694306318916,12125.438733346236,61.0,0.20500239466608952,,0.6478169167250504,0.41214167397945406,0.05059523809523806,0.41214167397945406,0.9110423299776408,48481.333333333336,,114.0,0.21596503926060442,,,0.045329637934711876,,8.0,3.274966293445083,8.0,,3.019510166666669,3.547812743539301,,6
breast_cancer,binary,0.1,top_no_cert,100.0,,0.9833866655901299,0.9805536299026653,,0.9270465932852013,0.04513045364537816,0.9983333333333334,99.83333333333333,,,0.033713906731457154,14.833333333333334,256.0,0.023399465174103736,11079.740868754809,56.666666666666664,0.1558657725342347,,0.9148407226676171,0.7089451857412988,0.12142857142857139,0.7089451857412988,0.9655404549568304,47718.0,,105.33333333333333,0.19307961208499028,,,0.041902056092918104,,8.0,1.7511099395435685,8.0,,2.9224124999999987,3.4265968614102653,,6
breast_cancer,binary,0.1,top_quality,100.0,,0.9833866655901299,0.9805536299026653,,0.9270465932852013,0.04513045364537816,0.9983333333333334,99.83333333333333,,,0.033713906731457154,14.833333333333334,256.0,0.02257435404074685,11424.08994000576,56.666666666666664,0.1558657725342347,,0.9148407226676171,0.7089451857412988,0.12142857142857139,0.7089451857412988,0.9655404549568304,47718.0,,105.33333333333333,0.19307961208499028,,,0.041902056092918104,,8.0,1.7511099395435685,8.0,,2.9201813333333333,3.418413076084107,,6
breast_cancer,binary,0.1,xgboost,,,0.9944159691181182,0.9910581133861994,,0.9459206217698347,0.03588739000858505,,,,0.16187533333333387,0.03259622176533709,,256.0,0.0034513681506117,75751.6917109497,743.3333333333334,0.12412608166535692,,,,,,,127309.83333333333,,1386.6666666666667,0.15351892092849054,208232448.0,,,,,,100.0,,0.16187533333333387,0.1932842503301799,0.1932842503301799,6
breast_cancer,binary,0.5,abs_correlation,100.0,,0.9888127054234803,0.9859081660833349,,0.9450102576241765,0.04058000396245353,1.0,100.0,,,0.046840645095692184,29.833333333333332,256.0,0.0222356320979694,11558.185489251564,56.666666666666664,0.14531137494827137,,0.8202394419874165,0.531212545988962,0.3389759753522421,0.531212545988962,0.9420763254607607,53247.333333333336,,105.33333333333333,0.17357770424845612,,,0.03973101271993975,,8.0,2.6130632097790456,8.0,,3.4144623333333346,3.8167211945789554,,6
breast_cancer,binary,0.5,caruana,100.0,,0.9853984598905156,0.981341128000496,,0.936256756223616,0.043402724251712134,1.0,100.0,,,0.04075072557461388,30.0,256.0,0.018201257179801617,14545.411593395263,43.0,0.1619846991934312,,0.8058121135079004,0.569658472460388,0.32786215591462403,0.569658472460388,0.9548813939220677,41490.666666666664,,79.83333333333333,0.18564751150168748,,,0.03443338795768522,,8.0,2.298922568350052,6.166666666666667,,3.3194238333333366,3.702616527598972,,6
breast_cancer,binary,0.5,catboost,,,0.9955826857237206,0.9932513850610668,,0.9602457884562275,0.02653637926761643,,,,0.3766650000000018,0.037078043055290465,,256.0,0.003330277705875483,77170.63424830041,1596.3333333333333,0.0972762903069347,,,,,,,45506.666666666664,,3092.6666666666665,0.1135015024144173,215545173.33333334,,,,,,100.0,,0.3766650000000018,0.4282437985530123,0.4282437985530123,6
breast_cancer,binary,0.5,certified_random,100.0,,0.9844027464042585,0.9800198952820565,,0.9377273444589104,0.04430128224694446,1.0,100.0,,,0.03615144640398523,29.666666666666668,256.0,0.022543979343026835,11433.739116524797,55.333333333333336,0.1873161923120864,,0.9248305211509922,0.6819343362298591,0.3429913367086463,0.6819343362298591,0.9466207466779539,53028.0,,102.66666666666667,0.1894740713833738,,,0.04629014473808563,,8.0,1.8592509179161565,8.0,,3.3247735000000005,3.7111328471219167,,6
breast_cancer,binary,0.5,coerror,100.0,,0.9852241306460904,0.981006346200452,,0.9379877303033889,0.04299768952254588,1.0,100.0,,,0.04364996044531752,30.0,256.0,0.024188388721086033,10636.793489087908,55.5,0.1613191620161861,,0.8592780099084586,0.58176230901296,0.3369129673191458,0.58176230901296,0.9547821844500461,53058.833333333336,,103.0,0.18390838156205655,,,0.03497914749487215,,8.0,2.378482063925704,8.0,,3.324822833333336,3.711899485749503,,6
breast_cancer,binary,0.5,coerror_greedy,100.0,,0.9857539076362851,0.9820518348184345,,0.9433828460961848,0.04174743305739745,1.0,100.0,,,0.04265564516351777,30.0,256.0,0.0227309930681561,11413.238903512096,55.5,0.14738753678408326,,0.8592780099084586,0.5850879478714484,0.3348961666957744,0.5850879478714484,0.9554554590790466,53060.666666666664,,103.0,0.17856647935412942,,,0.035029177661888115,,8.0,2.362843537443645,8.0,,3.323308166666671,3.707698416624529,,6
breast_cancer,binary,0.5,coerror_no_cert,100.0,,0.9852241306460904,0.981006346200452,,0.9379877303033889,0.04299768952254588,1.0,100.0,,,0.04364996044531752,30.0,256.0,0.024084590220202946,10696.734438475103,55.5,0.1613191620161861,,0.8592780099084586,0.58176230901296,0.3369129673191458,0.58176230901296,0.9547821844500461,53058.833333333336,,103.0,0.18390838156205655,,,0.03497914749487215,,8.0,2.378482063925704,8.0,,3.3268390000000037,3.7160114098417885,,6
breast_cancer,binary,0.5,covariance_only,100.0,,0.9852156930729231,0.981006346200452,,0.9379877303033889,0.043024699520864816,1.0,100.0,,,0.04293873960977238,30.0,256.0,0.0213840973641102,12107.29820253085,55.5,0.1612654423247643,,0.8537851884681945,0.5810820627101329,0.33578702287022,0.5810820627101329,0.9547530061120443,53066.833333333336,,103.0,0.18402378570006986,,,0.034960895296985504,,8.0,2.3831972775398644,8.0,,3.324978166666669,3.707378958235495,,6
breast_cancer,binary,0.5,direct_auroc,100.0,,0.9817342557802644,0.9785233811834592,,0.931842032587683,0.046517056615402536,1.0,100.0,,,0.04847827480855215,30.0,256.0,0.022522409795783432,11411.1382784007,54.333333333333336,0.1994927085856474,,0.8881335246991401,0.6190846468218459,0.331549537842444,0.6190846468218459,0.955951252554263,52876.666666666664,,100.66666666666667,0.198961372724528,,,0.0378552526327714,,8.0,2.188085584299114,8.0,,3.4543953333333373,3.858573583032315,,6
breast_cancer,binary,0.5,direct_squared,100.0,,0.9857539076362851,0.9820518348184345,,0.9433828460961848,0.04174743305739745,1.0,100.0,,,0.04265564516351778,30.0,256.0,0.022073777702947415,11716.00883381058,55.5,0.14738753678408323,,0.8592780099084586,0.5850879478714482,0.3348961666957743,0.5850879478714482,0.9554554590790466,53064.833333333336,,103.0,0.17856647935412942,,,0.035029177661888115,,8.0,2.362843537443645,8.0,,3.3326161666666643,3.7192292707040906,,6
breast_cancer,binary,0.5,et_shallow,,,0.9883572732778686,0.9826708148047952,,0.9195082258255415,0.06669786792170451,,,,0.015603666666666583,0.1242254408515926,,256.0,0.004017430862101367,70278.69355816607,50.0,0.2522104793598526,,,,,,,15131.0,,92.0,0.2853315774390543,208128682.66666666,,,,,,8.0,,0.015603666666666583,0.017774618153149832,0.017774618153149832,6
breast_cancer,binary,0.5,extra_trees,,,0.9958735862212836,0.99377018412999,,0.958371799423995,0.029127101744160718,,,,0.30361466666666753,0.04994086054256006,,256.0,0.0273801876076807,9399.690238245874,12211.666666666666,0.11148330654974774,,,,,,,2036277.6666666667,,24167.333333333332,0.12458592032345095,206804309.33333334,,,,,,256.0,,0.30361466666666753,0.3475446181449418,0.3475446181449418,6
breast_cancer,binary,0.5,lightgbm,,,0.9939427384858281,0.990739957955013,,0.9532232611354402,0.03150046442890694,,,,0.08141733333333429,0.03170994852915293,,256.0,0.006894867789621117,37772.20354750814,1484.1666666666667,0.11609631769186286,,,,,,,181681.66666666666,,2868.3333333333335,0.13474244920220732,210335061.33333334,,,,,,100.0,,0.08141733333333429,0.09561826377951847,0.09561826377951847,6
breast_cancer,binary,0.5,linear,,,0.9967543497563799,0.9951803256513873,,0.9776186530950408,0.0188157044958986,,,31.0,0.01248650000000105,0.02926789820334175,,256.0,0.0028562707981715,90088.2996620711,,0.07372760282278427,,,,,,,5290.0,,,0.08049746849688165,215627093.33333334,,,,,,1.0,,0.01248650000000105,0.0138200415531173,0.0138200415531173,6
breast_cancer,binary,0.5,minimax,100.0,,0.9864630029202939,0.9843558550180634,,0.944800173590563,0.03975097209557222,1.0,100.0,,,0.04771603491217912,30.0,256.0,0.024865728958199385,10364.230067504051,56.333333333333336,0.14313169191760036,,0.6651374620906766,0.5702419403875928,0.3456089227869221,0.5702419403875928,0.9445124959008676,53199.333333333336,,104.66666666666667,0.1700216920047143,,,0.041236260673288914,,8.0,2.4211539663126964,8.0,,3.4109520000000035,3.812621645668211,,6
breast_cancer,binary,0.5,prediction_correlation,100.0,,0.987576720712633,0.9854236060621432,,0.9449767230835996,0.0400288293022619,1.0,100.0,,,0.04836421177897412,30.0,256.0,0.021524666653325114,11934.595012744792,57.166666666666664,0.14470971267757562,,0.8345152416696803,0.5506090981753894,0.3408735111824357,0.5506090981753894,0.9348238318277068,53356.666666666664,,106.33333333333333,0.17121035559623077,,,0.044743878159825834,,8.0,2.4577615504139807,8.0,,3.4038585000000037,3.8046600696009896,,6
breast_cancer,binary,0.5,quality_diversity,100.0,,0.9886503485688037,0.9849225605735251,,0.933979366394445,0.04230697036118281,1.0,100.0,,,0.04511287362685478,29.833333333333332,256.0,0.02302321531654643,11200.782750173208,55.833333333333336,0.14709325746166013,,0.8885513160084729,0.5888554054384304,0.3328864615007962,0.5888554054384304,0.9593223736278049,53102.166666666664,,103.66666666666667,0.18095026538114747,,,0.03717970225982208,,8.0,2.3051400294434665,8.0,,3.392937000000003,3.782754465122707,,6
breast_cancer,binary,0.5,random_forest,,,0.9902375358485208,0.9893364388008724,,0.9534668797096305,0.03276278556781942,,,,0.4780190000000018,0.04608959827230109,,256.0,0.025619423288541485,10105.643238377059,4064.1666666666665,0.1405785995948584,,,,,,,732677.6666666666,,7872.333333333333,0.14012967973477455,208377173.33333334,,,,,,256.0,,0.4780190000000018,0.5242752429330721,0.5242752429330721,6
breast_cancer,binary,0.5,random_patches,,,0.983842360185674,0.9821863956850345,,0.9349064978103917,0.04330520344296382,,,,0.058005999999998246,0.042974601312016185,,256.0,0.023600576717096016,10880.393587898381,47.0,0.15714905230270707,,,,,,,39540.666666666664,,86.0,0.18522656170588922,208186026.66666666,,,,,,8.0,,0.058005999999998246,0.07016371520391348,0.07016371520391348,6
breast_cancer,binary,0.5,random_subspace,100.0,,0.9844027464042585,0.9800198952820565,,0.9377273444589104,0.04430128224694446,1.0,100.0,,,0.03615144640398523,29.666666666666668,256.0,0.022476354148238852,11472.318105237517,55.333333333333336,0.1873161923120864,,0.9248305211509922,0.6819343362298591,0.3429913367086463,0.6819343362298591,0.9466207466779539,53028.0,,102.66666666666667,0.1894740713833738,,,0.04629014473808563,,8.0,1.8592509179161565,8.0,,0.0656070000000001,0.07267625742436691,,6
breast_cancer,binary,0.5,rf_shallow,,,0.9847213278929172,0.983841564794932,,0.9395451138201759,0.04082418002733357,,,,0.02144816666666685,0.03968154781693962,,256.0,0.003909645796132549,67440.36338674299,53.166666666666664,0.14823650341746397,,,,,,,15637.666666666666,,98.33333333333333,0.17463369930689546,208120490.66666666,,,,,,8.0,,0.02144816666666685,0.02571781243508055,0.02571781243508055,6
breast_cancer,binary,0.5,shrinkage,100.0,,0.9852673831740719,0.9809683028140834,,0.9379877303033889,0.0428147534610645,1.0,100.0,,,0.04115623489009275,30.0,256.0,0.024205166613683066,10688.976381097833,55.333333333333336,0.1613663318097747,,0.8762599174787704,0.5909771750586926,0.3315941633161313,0.5909771750586926,0.9550633921034201,53041.333333333336,,102.66666666666667,0.18312262095637544,,,0.03499394999520478,,8.0,2.335572692829377,8.0,,3.3266711666666704,3.713926472545912,,6
breast_cancer,binary,0.5,signed_correlation,100.0,,0.9888127054234803,0.9859081660833349,,0.9450102576241765,0.04058000396245353,1.0,100.0,,,0.046840645095692184,29.833333333333332,256.0,0.022202597348950734,11546.955686070847,56.666666666666664,0.14531137494827137,,0.8202394419874165,0.531212545988962,0.3389759753522421,0.531212545988962,0.9420763254607607,53247.333333333336,,105.33333333333333,0.17357770424845612,,,0.03973101271993975,,8.0,2.6130632097790456,8.0,,3.417887333333335,3.8190028473036364,,6
breast_cancer,binary,0.5,top_no_cert,100.0,,0.9781257385073417,0.9739609928478434,,0.9335591983272181,0.048414862350283645,1.0,100.0,,,0.043903718141362014,29.333333333333332,256.0,0.02258394429615385,11500.71283147071,54.666666666666664,0.24266258087469258,,0.9434280561030782,0.7731773922562195,0.363394404984794,0.7731773922562195,0.9656059531993799,52935.333333333336,,101.33333333333333,0.20707225126485793,,,0.04268482374972757,,8.0,1.5588485104163998,8.0,,3.322889500000004,3.707491305307485,,6
breast_cancer,binary,0.5,top_quality,100.0,,0.9781257385073417,0.9739609928478434,,0.9335591983272181,0.048414862350283645,1.0,100.0,,,0.043903718141362014,29.333333333333332,256.0,0.022942541632801267,11385.504568557639,54.666666666666664,0.24266258087469258,,0.9434280561030782,0.7731773922562195,0.363394404984794,0.7731773922562195,0.9656059531993799,52935.333333333336,,101.33333333333333,0.20707225126485793,,,0.04268482374972757,,8.0,1.5588485104163998,8.0,,3.3244388333333355,3.7101304446502277,,6
breast_cancer,binary,0.5,xgboost,,,0.9944159691181182,0.9910581133861994,,0.9459206217698347,0.03588739000858505,,,,0.16022466666666624,0.03259622176533709,,256.0,0.0030873126816004168,84639.5228076449,743.3333333333334,0.12412608166535692,,,,,,,127309.83333333333,,1386.6666666666667,0.15351892092849054,209108992.0,,,,,,100.0,,0.16022466666666624,0.1769155346943686,0.1769155346943686,6
diabetes,regression,0.1,abs_correlation,100.0,,,,,,,0.40166666666666667,40.166666666666664,,,,3.3333333333333335,256.0,0.021452055312693067,11992.116568653242,62.333333333333336,,51.13457268148779,1.0,0.7693315118888914,0.22619047619047616,0.7693315118888914,0.2410002327213533,40208.333333333336,3694.9186236758756,116.66666666666667,0.6179383887757309,,,3591.4149540530434,0.36877336039019665,8.0,1.5224911938787562,8.0,60.694662808342635,2.4203629999999805,2.751649784661519,,6
diabetes,regression,0.1,affine_profiled,100.0,2.0,,,,,,0.40166666666666667,40.166666666666664,,,,5.0,256.0,0.021300680430916402,12269.8595371782,62.333333333333336,,47.79911947960942,1.0,0.7533437150813679,0.13690476190476183,0.7533437150813679,0.2118567830671083,40459.333333333336,3409.801922534893,116.66666666666667,0.571375134727741,,3264.5651499176533,3656.6933444167717,0.41694976995787986,8.0,1.5876647635551466,8.0,58.27672449954789,2.4124821666666656,2.7506080211993926,,6
diabetes,regression,0.1,caruana,100.0,,,,,,,0.40166666666666667,40.166666666666664,,,,3.3333333333333335,256.0,0.0089036041560272,29703.113420051406,26.5,,50.5166951360734,0.7479589191689473,0.7000419400152005,0.0,0.7000419400152005,0.22431930834573963,17998.333333333332,3621.2784564863937,49.666666666666664,0.60560586020272,,,3525.306070131055,0.38155773726508296,8.0,1.536685514732273,3.3333333333333335,60.07732439218833,2.3894479999999896,2.7149736046946296,,6
diabetes,regression,0.1,catboost,,,,,,,,,,,0.06364533333333826,,,256.0,0.002794507231252833,94083.76816234786,1596.0,,45.518338851627966,,,,,,42367.333333333336,3137.605732090484,3092.0,0.5257232960975425,230645760.0,,,0.4632722407098584,,,100.0,55.901747197964916,0.06364533333333826,0.07580356928519898,0.07580356928519898,6
diabetes,regression,0.1,certified_random,100.0,,,,,,,0.40166666666666667,40.166666666666664,,,,3.5,256.0,0.022863499975452766,11259.680511816989,61.833333333333336,,53.36846321842834,1.0,0.8030392923257347,0.2738095238095238,0.8030392923257347,0.2319223031195408,40136.333333333336,4058.237770956069,115.66666666666667,0.679256892265995,,,3769.0830486697646,0.30598709125015544,8.0,1.42456959708949,8.0,63.594480891398355,2.408682166666663,2.7429615071741864,,6
diabetes,regression,0.1,coerror,100.0,,,,,,,0.40166666666666667,40.166666666666664,,,,2.8333333333333335,256.0,0.0226682431530207,11484.95690160059,64.0,,50.0860141652639,1.0,0.7839876249654673,0.3452380952380952,0.7839876249654673,0.2640438039227382,40448.333333333336,3589.2044035597014,120.0,0.6009849630846007,,,3533.3198060464983,0.38629988179819535,8.0,1.4730983548705552,8.0,59.82621970539966,2.4074090000000035,2.7388095690791183,,6
diabetes,regression,0.1,coerror_greedy,100.0,,,,,,,0.40166666666666667,40.166666666666664,,,,3.0,256.0,0.02164482635756328,11977.78581335832,63.833333333333336,,50.22455302897615,1.0,0.7810242165664936,0.32738095238095233,0.7810242165664936,0.26148844464592985,40424.333333333336,3589.131895393355,119.66666666666667,0.6009718676791503,,,3534.0764307259956,0.38631300000698393,8.0,1.4861903377185361,8.0,59.82562454404431,2.4068379999999934,2.737460534864416,,6
diabetes,regression,0.1,coerror_no_cert,100.0,,,,,,,0.40166666666666667,40.166666666666664,,,,3.1666666666666665,256.0,0.02121552056632932,12167.568827140378,64.0,,50.378156272361146,1.0,0.7770469247141141,0.31547619047619047,0.7770469247141141,0.2594315188789453,40448.333333333336,3621.35096465274,120.0,0.6056189556081704,,,3524.5494454515588,0.3815446190562944,8.0,1.4996957958066384,8.0,60.07791955354367,2.410514666666655,2.7431971732294187,,6
diabetes,regression,0.1,coerror_no_cert_affine,100.0,2.0,,,,,,0.40166666666666667,40.166666666666664,,,,3.1666666666666665,256.0,0.02188056230079378,11832.701277249898,64.0,,47.81523792030936,1.0,0.7770469247141141,0.31547619047619047,0.7770469247141141,0.2594315188789453,40699.333333333336,3427.7448373612156,120.0,0.5756811703156379,,3381.502687990958,3524.5494454515588,0.4125855402981737,8.0,1.4996957958066384,8.0,58.4579684180407,2.4098404999999943,2.7405992089382685,,6
diabetes,regression,0.1,covariance_only,100.0,,,,,,,0.40166666666666667,40.166666666666664,,,,2.8333333333333335,256.0,0.022146472707390733,11703.250930745455,64.0,,50.0860141652639,1.0,0.7839876249654673,0.3452380952380952,0.7839876249654673,0.2640438039227382,40448.333333333336,3589.2044035597014,120.0,0.6009849630846007,,,3533.3198060464983,0.38629988179819535,8.0,1.4730983548705552,8.0,59.82621970539966,2.4087901666666576,2.7399406879752255,,6
diabetes,regression,0.1,direct_squared,100.0,,,,,,,0.40166666666666667,40.166666666666664,,,,3.0,256.0,0.021779597116013297,11760.7309980517,63.833333333333336,,50.224553028976146,1.0,0.7810242165664936,0.32738095238095233,0.7810242165664936,0.26148844464592985,40424.333333333336,3589.131895393355,119.66666666666667,0.6009718676791503,,,3534.0764307259956,0.38631300000698393,8.0,1.4861903377185364,8.0,59.8256245440443,2.4103258333333293,2.740642361032466,,6
diabetes,regression,0.1,et_shallow,,,,,,,,,,,0.011527166666662399,,,256.0,0.0032665971666573997,80373.65345853409,61.333333333333336,,48.923051442073024,,,,,,13971.0,3411.48475850477,114.66666666666667,0.5715461030938019,221454336.0,,,0.41622444189286695,,,8.0,58.33721076018852,0.011527166666662399,0.01267851380786545,0.01267851380786545,6
diabetes,regression,0.1,extra_trees,,,,,,,,,,,0.3620719999999977,,,256.0,0.03740782620540505,6848.002172802444,74613.16666666667,,46.53494863246538,,,,,,10808955.0,3291.757627480987,148970.33333333334,0.554321117694175,228556800.0,,,0.43386573146606827,,,256.0,57.314699875755764,0.3620719999999977,0.4087034307109813,0.4087034307109813,6
diabetes,regression,0.1,lightgbm,,,,,,,,,,,0.023454999999998397,,,256.0,0.005996944343981567,43135.47429168691,1146.0,,47.18752352503406,,,,,,113942.66666666667,3442.8189366339325,2192.0,0.5797085825434362,229575338.66666666,,,0.4082407665022179,,,100.0,58.58935928250989,0.023454999999998397,0.027206604136154,0.027206604136154,6
diabetes,regression,0.1,linear,,,,,,,,,,11.0,0.0071485000000042495,,,256.0,0.0022857571020722,116568.95325436887,,,44.460017740117394,,,,,,3090.0,3029.3605480222564,,0.5098088073586406,230525610.66666666,,,0.47973016281153164,,,1.0,54.973879698721426,0.0071485000000042495,0.008142215393794049,0.008142215393794049,6
diabetes,regression,0.1,minimax,100.0,,,,,,,0.40166666666666667,40.166666666666664,,,,3.6666666666666665,256.0,0.022009493356260113,11720.640257357822,62.166666666666664,,51.34075766176051,1.0,0.822517116089999,0.35714285714285704,0.822517116089999,0.22746184566126434,40184.333333333336,3797.145548446626,116.33333333333333,0.6365177136555729,,,3881.8791239627662,0.34970326762546017,8.0,1.356316712940412,8.0,61.5023144236578,2.4192463333333243,2.7509866741796336,,6
diabetes,regression,0.1,prediction_correlation,100.0,,,,,,,0.40166666666666667,40.166666666666664,,,,3.6666666666666665,256.0,0.022472083452157635,11505.78878047046,61.166666666666664,,52.0802058241851,1.0,0.7772789296102851,0.1964285714285714,0.7772789296102851,0.22687730517973684,40040.333333333336,3819.461960337669,114.33333333333333,0.6387799484931245,,,3697.9892375266368,0.34715309917574894,8.0,1.4929087522838127,8.0,61.71873677547523,2.4192618333333087,2.7502440906052166,,6
diabetes,regression,0.1,quality_diversity,100.0,,,,,,,0.40166666666666667,40.166666666666664,,,,1.8333333333333333,256.0,0.0220384652493521,11910.000766760599,64.0,,50.31030345014824,1.0,0.8606983459516832,0.5952380952380952,0.8606983459516832,0.2867622118542204,40448.333333333336,3742.107286445044,120.0,0.6296374920584326,,,3719.316537704414,0.3571842199234346,8.0,1.279267462948485,8.0,61.07091917133851,2.419667333333327,2.749821513930025,,6
diabetes,regression,0.1,random_forest,,,,,,,,,,,0.5331616666666671,,,256.0,0.03284190276948112,7805.850790291553,46600.166666666664,,47.482477385309416,,,,,,6775083.0,3382.9645013440404,92944.33333333333,0.5697495451019399,224215040.0,,,0.4183755363425297,,,256.0,58.10449230580269,0.5331616666666671,0.5832177917084967,0.5832177917084967,6
diabetes,regression,0.1,random_patches,,,,,,,,,,,0.04394783333332928,,,256.0,0.020016784973752966,12907.650950506548,56.833333333333336,,58.8346342665512,,,,,,29947.0,4752.101716966707,105.66666666666667,0.7923162817535973,221478912.0,,,0.19052612381958353,,,8.0,68.73867137716393,0.04394783333332928,0.054154603974893634,0.054154603974893634,6
diabetes,regression,0.1,random_subspace,100.0,,,,,,,0.40166666666666667,40.166666666666664,,,,6.666666666666667,256.0,0.022805680520832483,11275.814796518041,57.833333333333336,,57.84668251915296,0.9883696357538958,0.811469765793939,0.05357142857142855,0.811469765793939,0.08785163750221686,39560.833333333336,4573.980821324095,107.66666666666667,0.7631820135231228,,,4532.786276524945,0.22033302454717762,8.0,1.3869256030386692,8.0,67.49795061954354,0.04228166666666527,0.046860506758093785,,6
diabetes,regression,0.1,rf_shallow,,,,,,,,,,,0.016997166666662566,,,256.0,0.003277743002399783,80916.51956808903,63.333333333333336,,46.26588948021604,,,,,,14259.0,3265.755636989969,118.66666666666667,0.5504220223403027,221443413.33333334,,,0.4382104397099993,,,8.0,57.09770924841209,0.016997166666662566,0.018186069636916064,0.018186069636916064,6
diabetes,regression,0.1,shrinkage,100.0,,,,,,,0.40166666666666667,40.166666666666664,,,,2.6666666666666665,256.0,0.02160569439486905,11942.581666419828,64.0,,49.98970356096921,1.0,0.7879312688258316,0.3630952380952381,0.7879312688258316,0.26734062616724374,40448.333333333336,3585.2557186543345,120.0,0.6002987373776759,,,3534.7836667219512,0.387028522942591,8.0,1.4578018290762218,8.0,59.790634842166774,2.409770833333333,2.741877354720297,,6
diabetes,regression,0.1,signed_correlation,100.0,,,,,,,0.40166666666666667,40.166666666666664,,,,3.3333333333333335,256.0,0.02294960420113053,11271.706287849867,62.333333333333336,,51.13457268148779,1.0,0.7693315118888914,0.22619047619047616,0.7693315118888914,0.2410002327213533,40208.333333333336,3694.9186236758756,116.66666666666667,0.6179383887757309,,,3591.4149540530434,0.36877336039019665,8.0,1.5224911938787562,8.0,60.694662808342635,2.4181353333333226,2.7467546665575355,,6
diabetes,regression,0.1,top_no_cert,100.0,,,,,,,0.40166666666666667,40.166666666666664,,,,1.1666666666666667,256.0,0.021936041458199385,11822.467139119037,64.0,,52.804957131644024,1.0,0.9721315306570709,0.9107142857142857,0.9721315306570709,0.2919517764205411,40448.333333333336,4166.056122846162,120.0,0.7035882769644132,,,4101.498105591337,0.28239254969787403,8.0,1.0572875515243811,8.0,64.45325838668273,2.4081351666666584,2.7410903406174234,,6
diabetes,regression,0.1,top_quality,100.0,,,,,,,0.40166666666666667,40.166666666666664,,,,1.1666666666666667,256.0,0.021946006997798834,11905.303291216764,64.0,,52.804957131644024,1.0,0.9721315306570709,0.9107142857142857,0.9721315306570709,0.2919517764205411,40448.333333333336,4166.056122846162,120.0,0.7035882769644132,,,4101.498105591337,0.28239254969787403,8.0,1.0572875515243811,8.0,64.45325838668273,2.408925499999983,2.747876076415802,,6
diabetes,regression,0.1,xgboost,,,,,,,,,,,0.04988216666666523,,,256.0,0.0031253405225773,83074.77864176822,1401.5,,47.92842183572196,,,,,,170827.5,3543.1786612945557,2703.0,0.596900356972309,229152085.33333334,,,0.3904103154602458,,,100.0,59.49344270898296,0.04988216666666523,0.061259332966680284,0.061259332966680284,6
diabetes,regression,0.5,abs_correlation,100.0,,,,,,,0.9049999999999999,90.5,,,,10.0,256.0,0.021813076338730683,11792.995264736675,63.666666666666664,,49.7185130494418,0.9363124520907397,0.7062580619300269,0.3738189720332577,0.7062580619300269,0.2301290172209225,41408.0,3546.4672866015426,119.33333333333333,0.5960581688433051,,,3393.485745287908,0.39152180580681756,8.0,1.7535153988001684,8.0,59.458536333307755,2.6286981666666804,3.0266246874816716,,6
diabetes,regression,0.5,affine_profiled,100.0,2.0,,,,,,0.9049999999999999,90.5,,,,10.0,256.0,0.021668750171860016,11882.14889017668,64.0,,48.01145948961295,0.9655774005856567,0.7177534538059026,0.37221277399848823,0.7177534538059026,0.2689164185257311,41699.0,3483.70349029824,120.0,0.5896635615402913,,3131.8838438565595,3259.9331456276923,0.39841581372844664,8.0,1.7134811249153215,8.0,58.9316512176261,2.546913833333337,2.9262584861911214,,6
diabetes,regression,0.5,caruana,100.0,,,,,,,0.9049999999999999,90.5,,,,10.0,256.0,0.01808677784477668,14458.38530131017,52.0,,49.03180560252188,0.9343156455116306,0.7351745648134645,0.33645124716553276,0.7351745648134645,0.2952874735141973,34061.333333333336,3497.1390094289486,97.5,0.5888858299374771,,,3221.7644927446017,0.3990539117356428,8.0,1.6164349233067554,6.5,59.04217028223598,2.544957333333334,2.922414472171416,,6
diabetes,regression,0.5,catboost,,,,,,,,,,,0.0654098333333313,,,256.0,0.003288021000723016,80114.27343697993,1596.0,,45.518338851627966,,,,,,42367.333333333336,3137.605732090484,3092.0,0.5257232960975425,227865941.33333334,,,0.4632722407098584,,,100.0,55.901747197964916,0.0654098333333313,0.07313648622948674,0.07313648622948674,6
diabetes,regression,0.5,certified_random,100.0,,,,,,,0.9049999999999999,90.5,,,,10.0,256.0,0.023294118194219917,11017.509270601511,63.833333333333336,,48.93245786316217,0.9491607126534801,0.7633233331338455,0.3373252078609221,0.7633233331338455,0.25938386058285373,41426.666666666664,3546.154056094518,119.66666666666667,0.5968112645799933,,,3479.3971969099716,0.39066498011761236,8.0,1.5677121082490137,8.0,59.50608591122233,2.543215833333335,2.9218671245034784,,6
diabetes,regression,0.5,coerror,100.0,,,,,,,0.9049999999999999,90.5,,,,10.0,256.0,0.023516819501916517,11035.87328561317,64.0,,48.99994076089882,0.9834664708044656,0.7350036075541185,0.3604969765684051,0.7350036075541185,0.29192885816027575,41453.333333333336,3501.397189619343,120.0,0.5888212627158342,,,3222.9702245548738,0.3989631225316499,8.0,1.6468940623395456,8.0,59.07163344611987,2.54309433333335,2.917277666468484,,6
diabetes,regression,0.5,coerror_greedy,100.0,,,,,,,0.9049999999999999,90.5,,,,10.0,256.0,0.020713548525236502,12497.770131824582,64.0,,48.67506086948311,0.9657569405933972,0.7451725943829558,0.3628117913832199,0.7451725943829558,0.2985717963762559,41458.666666666664,3471.670423271919,120.0,0.5846211372402422,,,3228.6593354270044,0.40331980999322464,8.0,1.6172985642218576,8.0,58.82517722053293,2.5453756666666814,2.9228639723733068,,6
diabetes,regression,0.5,coerror_no_cert,100.0,,,,,,,0.9049999999999999,90.5,,,,10.0,256.0,0.022774597319463866,11367.25961414218,64.0,,48.99994076089882,0.9834664708044656,0.7350036075541185,0.3604969765684051,0.7350036075541185,0.29192885816027575,41453.333333333336,3501.397189619343,120.0,0.5888212627158342,,,3222.9702245548738,0.3989631225316499,8.0,1.6468940623395456,8.0,59.07163344611987,2.5462830000000047,2.925397569546476,,6
diabetes,regression,0.5,coerror_no_cert_affine,100.0,2.0,,,,,,0.9049999999999999,90.5,,,,10.0,256.0,0.02297097234986717,11214.17551275104,64.0,,47.73457951630056,0.9834664708044656,0.7350036075541185,0.3604969765684051,0.7350036075541185,0.29192885816027575,41704.333333333336,3439.28766509203,120.0,0.5814696138994347,,3144.499611827856,3222.9702245548738,0.40671213150495183,8.0,1.6468940623395456,8.0,58.553758040516506,2.545862166666678,2.921919479694528,,6
diabetes,regression,0.5,covariance_only,100.0,,,,,,,0.9049999999999999,90.5,,,,10.0,256.0,0.020962853954794452,12248.167996219827,64.0,,48.99994076089882,0.9834664708044656,0.7350036075541185,0.3604969765684051,0.7350036075541185,0.29192885816027575,41453.333333333336,3501.397189619343,120.0,0.5888212627158342,,,3222.9702245548738,0.3989631225316499,8.0,1.6468940623395456,8.0,59.07163344611987,2.545255500000001,2.9224684927224494,,6
diabetes,regression,0.5,direct_squared,100.0,,,,,,,0.9049999999999999,90.5,,,,10.0,256.0,0.020958395791239984,12294.001570425513,64.0,,48.67506086948311,0.9657569405933972,0.7451725943829558,0.3628117913832199,0.7451725943829558,0.29857179637625597,41461.333333333336,3471.670423271919,120.0,0.5846211372402422,,,3228.6593354270044,0.40331980999322464,8.0,1.6172985642218578,8.0,58.82517722053293,2.5497093333333467,2.9255919997037076,,6
diabetes,regression,0.5,et_shallow,,,,,,,,,,,0.0118371666666708,,,256.0,0.004385652602650167,66407.43016769968,61.333333333333336,,48.923051442073024,,,,,,13971.0,3411.48475850477,114.66666666666667,0.5715461030938019,222879744.0,,,0.41622444189286695,,,8.0,58.33721076018852,0.0118371666666708,0.013617243152111718,0.013617243152111718,6
diabetes,regression,0.5,extra_trees,,,,,,,,,,,0.36312783333333226,,,256.0,0.03590015985537317,7139.672482074516,74613.16666666667,,46.53494863246538,,,,,,10808955.0,3291.757627480987,148970.33333333334,0.554321117694175,226334037.33333334,,,0.43386573146606827,,,256.0,57.314699875755764,0.36312783333333226,0.4235176178238665,0.4235176178238665,6
diabetes,regression,0.5,lightgbm,,,,,,,,,,,0.022318833333339186,,,256.0,0.006340916772993849,40910.91896451808,1146.0,,47.18752352503406,,,,,,113942.66666666667,3442.8189366339325,2192.0,0.5797085825434362,226940245.33333334,,,0.4082407665022179,,,100.0,58.58935928250989,0.022318833333339186,0.02576444433846818,0.02576444433846818,6
diabetes,regression,0.5,linear,,,,,,,,,,11.0,0.007295833333330334,,,256.0,0.0024648471735417335,104738.01607030281,,,44.460017740117394,,,,,,3090.0,3029.3605480222564,,0.5098088073586406,227882325.33333334,,,0.47973016281153164,,,1.0,54.973879698721426,0.007295833333330334,0.008386569602104483,0.008386569602104483,6
diabetes,regression,0.5,minimax,100.0,,,,,,,0.9049999999999999,90.5,,,,10.0,256.0,0.02151401406930133,11937.065459916308,63.666666666666664,,49.3498271289763,0.8387331294171148,0.7356929866337488,0.3220190854119425,0.7356929866337488,0.23037750958286407,41410.666666666664,3510.0467577312843,119.33333333333333,0.5887799335219984,,,3507.802599444271,0.3986269148465685,8.0,1.662194055752107,8.0,59.15607595373351,2.613357833333351,3.0309639169136062,,6
diabetes,regression,0.5,prediction_correlation,100.0,,,,,,,0.9049999999999999,90.5,,,,10.0,256.0,0.023110951801451497,11275.934620566033,63.166666666666664,,50.83670805560053,0.9657889690540511,0.7256191819589022,0.40313208616780044,0.7256191819589022,0.19600912075779972,41338.666666666664,3685.1328704217885,118.33333333333333,0.6179924993604714,,,3635.1557289137622,0.36879577475858266,8.0,1.6738064196828983,8.0,60.62781144169703,2.610436000000005,2.9976914582851655,,6
diabetes,regression,0.5,quality_diversity,100.0,,,,,,,0.9049999999999999,90.5,,,,9.333333333333334,256.0,0.022766236215829797,11292.39874040738,64.0,,48.49646616787868,0.9996287323985874,0.8581170237572716,0.4524990551776266,0.8581170237572716,0.3324826809484151,41461.333333333336,3567.6790357151,120.0,0.5992673047377931,,,3467.9939757120596,0.38839141041968456,8.0,1.2969937202857322,8.0,59.6422571768537,2.5781954999999903,2.962668222414019,,6
diabetes,regression,0.5,random_forest,,,,,,,,,,,0.5378363333333335,,,256.0,0.03355599307299897,7654.207594941013,46600.166666666664,,47.482477385309416,,,,,,6775083.0,3382.9645013440404,92944.33333333333,0.5697495451019399,224695637.33333334,,,0.4183755363425297,,,256.0,58.10449230580269,0.5378363333333335,0.6002254719302679,0.6002254719302679,6
diabetes,regression,0.5,random_patches,,,,,,,,,,,0.048050333333335894,,,256.0,0.019760499941185082,12986.475073774942,61.833333333333336,,49.20338675321856,,,,,,31693.333333333332,3510.092060696314,115.66666666666667,0.5872963163218178,222907050.66666666,,,0.39991363572969946,,,8.0,59.160832055006104,0.048050333333335894,0.05920384735024218,0.05920384735024218,6
diabetes,regression,0.5,random_subspace,100.0,,,,,,,0.9049999999999999,90.5,,,,10.0,256.0,0.024922624851266482,10444.192992888826,63.833333333333336,,48.67479138175025,0.9685287014326588,0.7732405682584748,0.34169501133786845,0.7732405682584748,0.25184300477185034,41424.0,3495.0686061993238,119.66666666666667,0.5872998823457554,,,3547.879774398063,0.40051563261013895,8.0,1.5394661974185821,8.0,59.02262424344692,0.046454499999993425,0.05596265320976568,,6
diabetes,regression,0.5,rf_shallow,,,,,,,,,,,0.01656166666666075,,,256.0,0.0037138057329380836,70267.53641989303,63.333333333333336,,46.26588948021604,,,,,,14259.0,3265.755636989969,118.66666666666667,0.5504220223403027,222874282.66666666,,,0.4382104397099993,,,8.0,57.09770924841209,0.01656166666666075,0.019217472174204834,0.019217472174204834,6
diabetes,regression,0.5,shrinkage,100.0,,,,,,,0.9049999999999999,90.5,,,,10.0,256.0,0.0202898748296623,12673.463713647638,64.0,,48.64587227941016,0.9927646094693457,0.7444931037628826,0.36909486016628873,0.7444931037628826,0.29865764541330586,41450.666666666664,3465.930340969968,120.0,0.5839033890792996,,,3225.7206664115542,0.4040343190926821,8.0,1.6171210872683497,8.0,58.78279120608059,2.544875333333335,2.9217988609258705,,6
diabetes,regression,0.5,signed_correlation,100.0,,,,,,,0.9049999999999999,90.5,,,,10.0,256.0,0.022038743210335516,11757.149733608443,63.666666666666664,,49.7185130494418,0.9363124520907397,0.7062580619300269,0.3738189720332577,0.7062580619300269,0.2301290172209225,41408.0,3546.4672866015426,119.33333333333333,0.5960581688433051,,,3393.485745287908,0.39152180580681756,8.0,1.7535153988001684,8.0,59.458536333307755,2.6273920000000124,3.0187799165723845,,6
diabetes,regression,0.5,top_no_cert,100.0,,,,,,,0.9049999999999999,90.5,,,,8.833333333333334,256.0,0.022772583179175784,11690.214701811741,64.0,,48.52953486444267,0.9999956897312243,0.9002001594678887,0.5007794784580498,0.9002001594678887,0.3343999454377009,41456.0,3607.138792517693,120.0,0.6060437566225859,,,3607.7914945301527,0.3814127608548225,8.0,1.1991395629140742,8.0,59.98013614931245,2.5459703333333508,2.9271429584672055,,6
diabetes,regression,0.5,top_quality,100.0,,,,,,,0.9049999999999999,90.5,,,,8.833333333333334,256.0,0.0220784514676779,11769.044379036292,64.0,,48.52953486444267,0.9999956897312243,0.9002001594678887,0.5007794784580498,0.9002001594678887,0.3343999454377009,41456.0,3607.138792517693,120.0,0.6060437566225859,,,3607.7914945301527,0.3814127608548225,8.0,1.1991395629140742,8.0,59.98013614931245,2.5435116666666744,2.921138430479914,,6
diabetes,regression,0.5,xgboost,,,,,,,,,,,0.05038183333332563,,,256.0,0.0032225972972809835,82718.59000450639,1401.5,,47.92842183572196,,,,,,170827.5,3543.1786612945557,2703.0,0.596900356972309,226350421.33333334,,,0.3904103154602458,,,100.0,59.49344270898296,0.05038183333332563,0.06401377761115627,0.06401377761115627,6
wine,multiclass,0.1,abs_correlation,100.0,,,,0.9980102989097414,0.965438808373591,0.133181716480517,1.0,100.0,,,,9.833333333333334,118.66666666666667,0.021076979542461485,5649.501720892366,49.5,0.2940128063364089,,0.6782700923945012,0.3173977332257394,0.09126984126984124,0.3173977332257394,0.9055656827718828,30102.0,,91.0,0.20228512317831523,,,0.11442310070261663,,8.0,4.202417546877041,8.0,,2.9077721666666663,3.3687212154424437,,6
wine,multiclass,0.1,caruana,100.0,,,,0.9978618759630024,0.9564110305958132,0.10870773345539082,1.0,100.0,,,,7.333333333333333,118.66666666666667,0.019247388700023252,6373.200976423759,39.0,0.2254132981976444,,0.7008633370525471,0.3434090950536683,0.1354497354497354,0.3434090950536683,0.9329853948677845,24620.166666666668,,71.5,0.16509027313929822,,,0.09664807169052504,,8.0,3.624397312532676,6.5,,2.8483153333333404,3.2956273406744003,,6
wine,multiclass,0.1,catboost,,,,,0.9985016726523299,0.9676529790660225,0.06485853748609031,,,,0.11771899999999857,,,118.66666666666667,0.0024317707478378665,49445.48808165617,1600.0,0.16822235309761877,,,,,,,69440.66666666667,,3100.0,0.0984774576438643,215493290.66666666,,,,,,100.0,,0.11771899999999857,0.14408159733284262,0.14408159733284262,6
wine,multiclass,0.1,certified_random,100.0,,,,0.9839042845282663,0.917914653784219,0.23496138964904678,1.0,100.0,,,,9.833333333333334,118.66666666666667,0.023381951497867665,5126.477462958171,55.833333333333336,0.45704818519957674,,0.8210917683149273,0.4869478021380123,0.09920634920634917,0.4869478021380123,0.8357169187464503,31238.166666666668,,103.66666666666667,0.3568411842778061,,,0.2380558561017104,,8.0,2.6881399405063604,8.0,,2.8376533333333307,3.2892444726312533,,6
wine,multiclass,0.1,coerror,100.0,,,,0.9973646446061394,0.9561795491143318,0.1079878698444054,1.0,100.0,,,,8.0,118.66666666666667,0.022308749961666718,5383.096629865841,47.5,0.2307334387894606,,0.8934716212729034,0.35458890307931085,0.1448412698412698,0.35458890307931085,0.9324837704852023,29724.333333333332,,87.0,0.16399949898170924,,,0.09791681580329799,,8.0,3.8824263664933656,8.0,,2.8391310000000005,3.2902101459912956,,6
wine,multiclass,0.1,coerror_greedy,100.0,,,,0.9974307821722771,0.9529388083735911,0.1072047867164815,1.0,100.0,,,,7.5,118.66666666666667,0.022886882225672367,5216.503148284569,47.333333333333336,0.22803178492638487,,0.8934716212729034,0.3637898731697214,0.15476190476190468,0.3637898731697214,0.933411093973656,29706.666666666668,,86.66666666666667,0.162807452394519,,,0.09813094529578992,,8.0,3.8091307145881257,8.0,,2.8378306666666675,3.2867392502957955,,6
wine,multiclass,0.1,coerror_no_cert,100.0,,,,0.9973646446061394,0.9561795491143318,0.1079878698444054,1.0,100.0,,,,8.0,118.66666666666667,0.02199212535439675,5446.1637398707235,47.5,0.2307334387894606,,0.8934716212729034,0.35458890307931085,0.1448412698412698,0.35458890307931085,0.9324837704852023,29724.333333333332,,87.0,0.16399949898170924,,,0.09791681580329799,,8.0,3.8824263664933656,8.0,,2.840285500000006,3.291484235902317,,6
wine,multiclass,0.1,covariance_only,100.0,,,,0.9974644106609247,0.9610406602254429,0.10976822385348363,1.0,100.0,,,,7.666666666666667,118.66666666666667,0.0209477083602299,5740.566769773268,47.333333333333336,0.23364127417859515,,0.8982632259181068,0.3598403283247944,0.15476190476190468,0.3598403283247944,0.933588766736257,29688.666666666668,,86.66666666666667,0.1667154826630042,,,0.09791582823719118,,8.0,3.8023409986416166,8.0,,2.83801816666667,3.2852488542363667,,6
wine,multiclass,0.1,direct_squared,100.0,,,,0.9974307821722771,0.9529388083735911,0.1072047867164815,1.0,100.0,,,,7.5,118.66666666666667,0.02066556969657535,5799.985855614166,47.333333333333336,0.22803178492638487,,0.8934716212729034,0.36378987316972133,0.15476190476190468,0.36378987316972133,0.9334110939736558,29708.0,,86.66666666666667,0.162807452394519,,,0.09813094529578992,,8.0,3.8091307145881266,8.0,,2.857363000000008,3.3075937777757645,,6
wine,multiclass,0.1,et_shallow,,,,,0.9864426363334825,0.8994565217391304,0.2490499507497331,,,,0.014415166666663433,,,118.66666666666667,0.003972625010646834,32443.439388570347,48.166666666666664,0.47601726610451095,,,,,,,14704.333333333334,,88.33333333333333,0.37819013136814955,213947733.33333334,,,,,,8.0,,0.014415166666663433,0.016760499953913134,0.016760499953913134,6
wine,multiclass,0.1,extra_trees,,,,,0.9995616976334031,0.9883252818035427,0.06274676421716834,,,,0.27032950000000017,,,118.66666666666667,0.023363638902083,5086.498779386976,7087.0,0.15751680542283722,,,,,,,1332899.0,,13918.0,0.09529248439149901,214155264.0,,,,,,256.0,,0.27032950000000017,0.31165986826332903,0.31165986826332903,6
wine,multiclass,0.1,lightgbm,,,,,0.9964895704786939,0.9575382447665056,0.062132680022922,,,,0.029539999999997183,,,118.66666666666667,0.005566069313014517,21583.263317665573,1530.6666666666667,0.11776692977769637,,,,,,,214335.0,,2761.3333333333335,0.0943083622540969,215127381.33333334,,,,,,300.0,,0.029539999999997183,0.035661076505978835,0.035661076505978835,6
wine,multiclass,0.1,linear,,,,,0.999038320248753,0.9755938003220611,0.03825588141964823,,,42.0,0.010215999999999734,,,118.66666666666667,0.0024310766796891334,49641.45618585296,,0.07922789460308981,,,,,,,4058.0,,,0.058120219312405665,215468714.66666666,,,,,,1.0,,0.010215999999999734,0.010659194590213349,0.010659194590213349,6
wine,multiclass,0.1,minimax,100.0,,,,0.9968738684157948,0.9613727858293076,0.1422255422300292,1.0,100.0,,,,10.166666666666666,118.66666666666667,0.020812513850008384,5726.051661243479,50.0,0.31972759382294086,,0.5009444070971979,0.3494040847302258,0.08531746031746029,0.3494040847302258,0.8900983999994043,30214.666666666668,,92.0,0.21601079463613782,,,0.13787093941594195,,8.0,3.8814377226227865,8.0,,2.906789833333336,3.361148215131834,,6
wine,multiclass,0.1,prediction_correlation,100.0,,,,0.9783346650205914,0.8979314984320705,0.33453142075015857,1.0,100.0,,,,9.0,118.66666666666667,0.021851097544034286,5483.750208690188,53.833333333333336,0.6120437046303584,,0.8469605704852601,0.5861418684464398,0.13492063492063486,0.5861418684464398,0.7420249205875028,30866.5,,99.66666666666667,0.5080444704189931,,,0.36214156123010594,,8.0,2.1996361756105287,8.0,,2.9288466666666686,3.388062000313463,,6
wine,multiclass,0.1,quality_diversity,100.0,,,,0.9977409750763867,0.9595209339774557,0.107928487389252,1.0,100.0,,,,7.166666666666667,118.66666666666667,0.0239408958004787,5041.547244230768,47.5,0.23063422297833616,,0.9989463975501925,0.38153864247932895,0.17460317460317454,0.38153864247932895,0.9381004961594274,29708.666666666668,,87.0,0.16393199667904768,,,0.1009677667722566,,8.0,3.5312913927679634,8.0,,2.8739900000000076,3.326501812902279,,6
wine,multiclass,0.1,random_forest,,,,,0.9991788613609196,0.9728462157809984,0.06481141630988109,,,,0.3722100000000002,,,118.66666666666667,0.021902256606457084,5423.724555520449,2288.8333333333335,0.15195444479632111,,,,,,,488421.6666666667,,4321.666666666667,0.09841540204784105,214026922.66666666,,,,,,256.0,,0.3722100000000002,0.42428256943821907,0.42428256943821907,6
wine,multiclass,0.1,random_patches,,,,,0.9866527750522306,0.9191117891346724,0.21797242742346265,,,,0.04865033333333454,,,118.66666666666667,0.022031548433005768,5419.663467506262,45.666666666666664,0.4258403877718988,,,,,,,25645.166666666668,,83.33333333333333,0.33108984064627567,213985962.66666666,,,,,,8.0,,0.04865033333333454,0.06108556253214673,0.06108556253214673,6
wine,multiclass,0.1,random_subspace,100.0,,,,0.9839042845282663,0.917914653784219,0.23496138964904678,1.0,100.0,,,,9.833333333333334,118.66666666666667,0.022767326367708517,5251.521634956821,55.833333333333336,0.45704818519957674,,0.8210917683149273,0.4869478021380123,0.09920634920634917,0.4869478021380123,0.8357169187464503,31238.166666666668,,103.66666666666667,0.3568411842778061,,,0.2380558561017104,,8.0,2.6881399405063604,8.0,,0.046410000000000416,0.05103780569819109,,6
wine,multiclass,0.1,rf_shallow,,,,,0.9936215711038766,0.9361714975845411,0.1275953709130139,,,,0.0185875,,,118.66666666666667,0.00379550014622505,32040.367759699566,45.666666666666664,0.254566273139939,,,,,,,14264.333333333334,,83.33333333333333,0.1937632069062488,214037845.33333334,,,,,,8.0,,0.0185875,0.022897638807383634,0.022897638807383634,6
wine,multiclass,0.1,shrinkage,100.0,,,,0.9971532746332961,0.9606783413848632,0.10713916447843286,1.0,100.0,,,,7.666666666666667,118.66666666666667,0.02456355525646355,4867.603977748582,47.333333333333336,0.226919338561178,,0.9978724214827626,0.37320471389795756,0.16071428571428567,0.37320471389795756,0.9348325475971877,29704.0,,86.66666666666667,0.1627325320512759,,,0.09797987589397256,,8.0,3.690955927995704,8.0,,2.838828666666666,3.2865277921858556,,6
wine,multiclass,0.1,signed_correlation,100.0,,,,0.9980102989097414,0.965438808373591,0.133181716480517,1.0,100.0,,,,9.833333333333334,118.66666666666667,0.021732999826781414,5525.405836070666,49.5,0.2940128063364089,,0.6782700923945012,0.3173977332257394,0.09126984126984124,0.3173977332257394,0.9055656827718828,30102.0,,91.0,0.20228512317831523,,,0.11442310070261663,,8.0,4.202417546877041,8.0,,2.9079423333333394,3.372611937656378,,6
wine,multiclass,0.1,top_no_cert,100.0,,,,0.9902381185221448,0.9073766844647851,0.12998195704247392,1.0,100.0,,,,5.833333333333333,118.66666666666667,0.025463236379437117,4717.374330980296,46.5,0.24753077034756177,,0.9999999999999999,0.49455626466507957,0.3055555555555555,0.49455626466507957,0.9410137586051329,29534.166666666668,,85.0,0.19741772749543163,,,0.11788876007425986,,8.0,2.597621752547212,8.0,,2.8379331666666694,3.2856409029336646,,6
wine,multiclass,0.1,top_quality,100.0,,,,0.9902381185221448,0.9073766844647851,0.12998195704247392,1.0,100.0,,,,5.833333333333333,118.66666666666667,0.0221227083432798,5400.279244773944,46.5,0.24753077034756177,,0.9999999999999999,0.49455626466507957,0.3055555555555555,0.49455626466507957,0.9410137586051329,29534.166666666668,,85.0,0.19741772749543163,,,0.11788876007425986,,8.0,2.597621752547212,8.0,,2.8379411666666656,3.2853704860899597,,6
wine,multiclass,0.1,xgboost,,,,,0.996827953781105,0.9545136240359353,0.0717933057261289,,,,0.05793700000000015,,,118.66666666666667,0.0030241530233372665,39669.22369384393,1200.0,0.13958314682046566,,,,,,,281900.6666666667,,2100.0,0.10898983532020402,214616746.66666666,,,,,,300.0,,0.05793700000000015,0.06728877115529026,0.06728877115529026,6
wine,multiclass,0.5,abs_correlation,100.0,,,,0.9984315515599921,0.9666968599033816,0.0780012875999082,1.0,100.0,,,,13.0,118.66666666666667,0.022471868006202034,5306.52914436152,47.0,0.17551271557579465,,0.6660817689168449,0.289227986778767,0.3896885521885522,0.289227986778767,0.9285303625710405,31708.666666666668,,86.0,0.11843659265756372,,,0.08789194906192789,,8.0,4.39652408642421,8.0,,2.922504999999989,3.2829136605141684,,6
wine,multiclass,0.5,caruana,100.0,,,,0.9953741632106072,0.9501610305958131,0.08780468690051924,1.0,100.0,,,,12.833333333333334,118.66666666666667,0.020471270933436782,5988.524949394178,39.0,0.1629394417742149,,0.8565717628584371,0.33488124301775407,0.3852300785634119,0.33488124301775407,0.9507603830746653,27655.333333333332,,71.0,0.13330737001884432,,,0.07315770536587751,,8.0,3.7062631523772556,7.0,,2.8483261666666686,3.2023449167221165,,6
wine,multiclass,0.5,catboost,,,,,0.9985016726523299,0.9676529790660225,0.06485853748609031,,,,0.11692249999999871,,,118.66666666666667,0.002600666484795467,47230.225466306154,1600.0,0.16822235309761877,,,,,,,69440.66666666667,,3100.0,0.0984774576438643,211580245.33333334,,,,,,100.0,,0.11692249999999871,0.131878159668607,0.131878159668607,6
wine,multiclass,0.5,certified_random,100.0,,,,0.9944705264334379,0.9477455716586151,0.09401236136963737,1.0,100.0,,,,13.0,118.66666666666667,0.02364346501417455,5039.207377785462,46.333333333333336,0.16893426913587092,,0.9253190853848966,0.45310560046549475,0.356986531986532,0.45310560046549475,0.9320262607072815,31639.333333333332,,84.66666666666667,0.14272307576953275,,,0.11604884761211476,,8.0,2.9649498010807633,8.0,,2.8339480000000066,3.1840683752670884,,6
wine,multiclass,0.5,coerror,100.0,,,,0.9955210501307499,0.9529388083735909,0.08621560713256442,1.0,100.0,,,,13.0,118.66666666666667,0.02209280543805407,5398.582073710747,44.5,0.16117807944010162,,0.9440797213375903,0.35963668597541076,0.37834595959595957,0.35963668597541076,0.9519123147635669,31289.5,,81.0,0.13089498501599894,,,0.07309680374247986,,8.0,3.695892900898222,8.0,,2.8322166666666697,3.1802342433171966,,6
wine,multiclass,0.5,coerror_greedy,100.0,,,,0.9953741632106072,0.9501610305958131,0.08747103722115762,1.0,100.0,,,,13.0,118.66666666666667,0.022442208214973367,5335.089830318983,44.333333333333336,0.16168735028285197,,0.9373239568812076,0.365239242678759,0.3859848484848485,0.365239242678759,0.9525602553455946,31254.833333333332,,80.66666666666667,0.13280008580979208,,,0.07330624534222972,,8.0,3.6652449896585346,8.0,,2.8328210000000005,3.1826803194514164,,6
wine,multiclass,0.5,coerror_no_cert,100.0,,,,0.9955210501307499,0.9529388083735909,0.08621560713256442,1.0,100.0,,,,13.0,118.66666666666667,0.023545208503492135,5084.75652870976,44.5,0.16117807944010162,,0.9440797213375903,0.35963668597541076,0.37834595959595957,0.35963668597541076,0.9519123147635669,31289.5,,81.0,0.13089498501599894,,,0.07309680374247986,,8.0,3.695892900898222,8.0,,2.8338320000000032,3.182784798555076,,6
wine,multiclass,0.5,covariance_only,100.0,,,,0.9955210501307499,0.9529388083735909,0.08641691182703826,1.0,100.0,,,,13.0,118.66666666666667,0.021355555470411916,5565.440229335636,44.5,0.16163308251406527,,0.9440797213375903,0.35882350635527277,0.3747685185185185,0.35882350635527277,0.952070603209366,31278.833333333332,,81.0,0.13120004044607358,,,0.07307926401475622,,8.0,3.6953560222601145,8.0,,2.8323105000000033,3.179976958897896,,6
wine,multiclass,0.5,direct_squared,100.0,,,,0.9953741632106072,0.9501610305958131,0.08747103722115762,1.0,100.0,,,,13.0,118.66666666666667,0.022007478905531216,5505.60731154788,44.333333333333336,0.16168735028285197,,0.9373239568812076,0.3652392426787591,0.3859848484848485,0.3652392426787591,0.9525602553455946,31258.0,,80.66666666666667,0.13280008580979205,,,0.07330624534222972,,8.0,3.6652449896585355,8.0,,2.8518491666666677,3.205349590124873,,6
wine,multiclass,0.5,et_shallow,,,,,0.9864426363334825,0.8994565217391304,0.2490499507497331,,,,0.014039333333336351,,,118.66666666666667,0.0044634098109478165,27174.51548626432,48.166666666666664,0.47601726610451095,,,,,,,14704.333333333334,,88.33333333333333,0.37819013136814955,210466133.33333334,,,,,,8.0,,0.014039333333336351,0.015232944317782868,0.015232944317782868,6
wine,multiclass,0.5,extra_trees,,,,,0.9995616976334031,0.9883252818035427,0.06274676421716834,,,,0.26474766666666477,,,118.66666666666667,0.023145000333897717,5137.9590498096595,7087.0,0.15751680542283722,,,,,,,1332899.0,,13918.0,0.09529248439149901,210673664.0,,,,,,256.0,,0.26474766666666477,0.2958844721627732,0.2958844721627732,6
wine,multiclass,0.5,lightgbm,,,,,0.9964895704786939,0.9575382447665056,0.062132680022922,,,,0.029329666666664336,,,118.66666666666667,0.005432625029546483,21964.84543548386,1530.6666666666667,0.11776692977769637,,,,,,,214335.0,,2761.3333333333335,0.0943083622540969,211203413.33333334,,,,,,300.0,,0.029329666666664336,0.0331522499909624,0.0331522499909624,6
wine,multiclass,0.5,linear,,,,,0.999038320248753,0.9755938003220611,0.03825588141964823,,,42.0,0.010843833333332449,,,118.66666666666667,0.002977270982228133,41185.9264112381,,0.07922789460308981,,,,,,,4058.0,,,0.058120219312405665,211610282.66666666,,,,,,1.0,,0.010843833333332449,0.011416951310820817,0.011416951310820817,6
wine,multiclass,0.5,minimax,100.0,,,,0.9974123124616222,0.9690116747181965,0.0790721694973459,1.0,100.0,,,,13.0,118.66666666666667,0.022216152671414083,5405.368890478359,46.166666666666664,0.17613123459678945,,0.5049669692064777,0.3240242541197829,0.3792508417508418,0.3240242541197829,0.9232890600763838,31558.333333333332,,84.33333333333333,0.12007459007370103,,,0.10209070681399283,,8.0,4.177867100323261,8.0,,2.89369216666667,3.2707452783361077,,6
wine,multiclass,0.5,prediction_correlation,100.0,,,,0.9956233190854301,0.9786030595813204,0.1052225823865633,1.0,100.0,,,,13.0,118.66666666666667,0.02151054885083185,5564.486609994601,48.833333333333336,0.23286443097737308,,0.7987400639884562,0.37815408403624,0.4070286195286195,0.37815408403624,0.8940766326027343,32098.0,,89.66666666666667,0.15979382625306351,,,0.15226920669152458,,8.0,3.493359994205772,8.0,,2.9040924999999973,3.2696151602625227,,6
wine,multiclass,0.5,quality_diversity,100.0,,,,0.995066099590802,0.9531702898550725,0.08967819632110292,1.0,100.0,,,,13.0,118.66666666666667,0.022846736207914803,5335.889252653124,44.5,0.16516329368308122,,0.929236529785082,0.37788528306364205,0.3841690716690717,0.37788528306364205,0.9568848942462194,31291.666666666668,,81.0,0.13615266278426597,,,0.07752231078490862,,8.0,3.5502468441171176,8.0,,2.926194666666665,3.2911180280692256,,6
wine,multiclass,0.5,random_forest,,,,,0.9991788613609196,0.9728462157809984,0.06481141630988109,,,,0.3619160000000008,,,118.66666666666667,0.021488042082637483,5529.676918250356,2288.8333333333335,0.15195444479632111,,,,,,,488421.6666666667,,4321.666666666667,0.09841540204784105,210509824.0,,,,,,256.0,,0.3619160000000008,0.4079003609949723,0.4079003609949723,6
wine,multiclass,0.5,random_patches,,,,,0.9908577092368572,0.9349838969404187,0.12886741825624068,,,,0.05025283333333395,,,118.66666666666667,0.023941701472115967,5113.2544069706055,39.666666666666664,0.24633415749924123,,,,,,,26599.333333333332,,71.33333333333333,0.19572162604057244,210496170.66666666,,,,,,8.0,,0.05025283333333395,0.05950214597396547,0.05950214597396547,6
wine,multiclass,0.5,random_subspace,100.0,,,,0.9944705264334379,0.9477455716586151,0.09401236136963737,1.0,100.0,,,,13.0,118.66666666666667,0.021808013902045734,5508.69126181012,46.333333333333336,0.16893426913587092,,0.9253190853848966,0.45310560046549475,0.356986531986532,0.45310560046549475,0.9320262607072815,31639.333333333332,,84.66666666666667,0.14272307576953275,,,0.11604884761211476,,8.0,2.9649498010807633,8.0,,0.0505073333333309,0.05930879859564198,,6
wine,multiclass,0.5,rf_shallow,,,,,0.9936215711038766,0.9361714975845411,0.1275953709130139,,,,0.017927666666669933,,,118.66666666666667,0.00346302074224995,34715.1442565475,45.666666666666664,0.254566273139939,,,,,,,14264.333333333334,,83.33333333333333,0.1937632069062488,210482517.33333334,,,,,,8.0,,0.017927666666669933,0.019862791639752617,0.019862791639752617,6
wine,multiclass,0.5,shrinkage,100.0,,,,0.9947787642651282,0.9455314009661836,0.09351082282530439,1.0,100.0,,,,13.0,118.66666666666667,0.0222703193624814,5338.159610456881,44.666666666666664,0.16710771812010547,,0.9388616367421417,0.386072627644278,0.3866582491582491,0.386072627644278,0.9544006829394132,31351.333333333332,,81.33333333333333,0.14197314900256502,,,0.07341219575866036,,8.0,3.491666347789025,8.0,,2.833394500000002,3.180607159699624,,6
wine,multiclass,0.5,signed_correlation,100.0,,,,0.9984315515599921,0.9666968599033816,0.0780012875999082,1.0,100.0,,,,13.0,118.66666666666667,0.021327478966365217,5622.627060857937,47.0,0.17551271557579465,,0.6660817689168449,0.289227986778767,0.3896885521885522,0.289227986778767,0.9285303625710405,31708.666666666668,,86.0,0.11843659265756372,,,0.08789194906192789,,8.0,4.39652408642421,8.0,,2.9234500000000025,3.2850552221837765,,6
wine,multiclass,0.5,top_no_cert,100.0,,,,0.9735806309796592,0.9108393719806763,0.13217593105353195,1.0,100.0,,,,12.166666666666666,118.66666666666667,0.021054840142217715,5647.796267890176,44.0,0.5019788554855954,,0.9900322775481651,0.6618435836317496,0.48068482443482446,0.6618435836317496,0.9667397920813422,31215.333333333332,,80.0,0.20065803241876753,,,0.10193217986218626,,8.0,1.9287588400667897,8.0,,2.831016666666668,3.177913319435902,,6
wine,multiclass,0.5,top_quality,100.0,,,,0.9735806309796592,0.9108393719806763,0.13217593105353195,1.0,100.0,,,,12.166666666666666,118.66666666666667,0.021606513958734714,5544.297087001717,44.0,0.5019788554855954,,0.9900322775481651,0.6618435836317496,0.48068482443482446,0.6618435836317496,0.9667397920813422,31215.333333333332,,80.0,0.20065803241876753,,,0.10193217986218626,,8.0,1.9287588400667897,8.0,,2.835085500000003,3.1914400490932167,,6
wine,multiclass,0.5,xgboost,,,,,0.996827953781105,0.9545136240359353,0.0717933057261289,,,,0.058270500000001335,,,118.66666666666667,0.0032974026786783666,37074.56966091438,1200.0,0.13958314682046566,,,,,,,281900.6666666667,,2100.0,0.10898983532020402,210933077.33333334,,,,,,300.0,,0.058270500000001335,0.06703550713912891,0.06703550713912891,6
