dataset,feature_fraction,seed,fold,certified_count,certification_rate
breast_cancer,0.1,11,0,100.0,1.0
breast_cancer,0.1,11,1,100.0,1.0
breast_cancer,0.1,11,2,100.0,1.0
breast_cancer,0.1,29,0,100.0,1.0
breast_cancer,0.1,29,1,99.0,0.99
breast_cancer,0.1,29,2,100.0,1.0
wine,0.1,11,0,100.0,1.0
wine,0.1,11,1,100.0,1.0
wine,0.1,11,2,100.0,1.0
wine,0.1,29,0,100.0,1.0
wine,0.1,29,1,100.0,1.0
wine,0.1,29,2,100.0,1.0
diabetes,0.1,11,0,29.0,0.29
diabetes,0.1,11,1,45.0,0.45
diabetes,0.1,11,2,44.0,0.44
diabetes,0.1,29,0,41.0,0.41
diabetes,0.1,29,1,51.0,0.51
diabetes,0.1,29,2,31.0,0.31
breast_cancer,0.5,11,0,100.0,1.0
breast_cancer,0.5,11,1,100.0,1.0
breast_cancer,0.5,11,2,100.0,1.0
breast_cancer,0.5,29,0,100.0,1.0
breast_cancer,0.5,29,1,100.0,1.0
breast_cancer,0.5,29,2,100.0,1.0
wine,0.5,11,0,100.0,1.0
wine,0.5,11,1,100.0,1.0
wine,0.5,11,2,100.0,1.0
wine,0.5,29,0,100.0,1.0
wine,0.5,29,1,100.0,1.0
wine,0.5,29,2,100.0,1.0
diabetes,0.5,11,0,83.0,0.83
diabetes,0.5,11,1,98.0,0.98
diabetes,0.5,11,2,91.0,0.91
diabetes,0.5,29,0,90.0,0.9
diabetes,0.5,29,1,91.0,0.91
diabetes,0.5,29,2,90.0,0.9
