dataset,feature_fraction,metric,left,right,count,mean,min,max
breast_cancer,0.1,auroc,coerror,abs_correlation,6,-0.0027789989235130395,-0.010564225690276152,0.0028997514498759758
breast_cancer,0.1,auroc,coerror,top_quality,6,0.006997869570363413,0.00224878683867924,0.016626650660264364
breast_cancer,0.1,auroc,coerror_no_cert,caruana,6,0.0020054500673509223,-0.00035507160610714905,0.005582232893157291
breast_cancer,0.1,auroc,coerror_no_cert,random_forest,6,-0.0017849393278438115,-0.013445378151260345,0.005162064825930401
breast_cancer,0.1,auroc,coerror_no_cert,top_no_cert,6,0.006997869570363413,0.00224878683867924,0.016626650660264364
breast_cancer,0.1,auroc,top_quality,top_no_cert,6,0.0,0.0,0.0
breast_cancer,0.1,brier,coerror,abs_correlation,6,0.007864522860343283,0.001391213841082005,0.015304441679262905
breast_cancer,0.1,brier,coerror,top_quality,6,0.002505086858886317,-0.0066467184251772955,0.011287844285823898
breast_cancer,0.1,brier,coerror_no_cert,caruana,6,0.00010022405975236685,-0.0021857324718567023,0.002017176275334001
breast_cancer,0.1,brier,coerror_no_cert,random_forest,6,-0.009862581218672433,-0.0200311392519252,-0.004194977560865697
breast_cancer,0.1,brier,coerror_no_cert,top_no_cert,6,0.002505086858886317,-0.0066467184251772955,0.011287844285823898
breast_cancer,0.1,brier,top_quality,top_no_cert,6,0.0,-0.0,-0.0
breast_cancer,0.5,auroc,coerror,abs_correlation,6,-0.004901819882882778,-0.012900935021896154,0.003964966268197201
breast_cancer,0.5,auroc,coerror,top_quality,6,0.007045353352608641,-0.00036014405762307966,0.015268079062610851
breast_cancer,0.5,auroc,coerror_no_cert,caruana,6,-0.0003347818000439817,-0.0011835720203572375,0.0007693218132324153
breast_cancer,0.5,auroc,coerror_no_cert,random_forest,6,-0.008330092600420466,-0.018759616522665556,-0.0009603841536616198
breast_cancer,0.5,auroc,coerror_no_cert,top_no_cert,6,0.007045353352608641,-0.00036014405762307966,0.015268079062610851
breast_cancer,0.5,auroc,top_quality,top_no_cert,6,0.0,0.0,0.0
breast_cancer,0.5,brier,coerror,abs_correlation,6,-0.0024176855600923516,-0.0091290760425893,0.004292932748786497
breast_cancer,0.5,brier,coerror,top_quality,6,0.005417172827737766,-0.0028205068724777016,0.0119263641317909
breast_cancer,0.5,brier,coerror_no_cert,caruana,6,0.00040503472916625025,-0.003502342182446501,0.004309582578217903
breast_cancer,0.5,brier,coerror_no_cert,random_forest,6,-0.010234903954726466,-0.015043714111770197,-0.0036217839424532994
breast_cancer,0.5,brier,coerror_no_cert,top_no_cert,6,0.005417172827737766,-0.0028205068724777016,0.0119263641317909
breast_cancer,0.5,brier,top_quality,top_no_cert,6,0.0,-0.0,-0.0
diabetes,0.1,normalized_squared_loss,affine_profiled,coerror_no_cert_affine,6,0.004306035587896893,-0.033564142585276624,0.019200745518151763
diabetes,0.1,normalized_squared_loss,coerror,abs_correlation,6,0.01695342569113023,-2.0432131516034957e-05,0.034410663887085025
diabetes,0.1,normalized_squared_loss,coerror,top_quality,6,0.10260331387981259,-0.015185769960639472,0.24032613808935277
diabetes,0.1,normalized_squared_loss,coerror_no_cert,caruana,6,-1.309540545032147e-05,-7.857243270170677e-05,-0.0
diabetes,0.1,normalized_squared_loss,coerror_no_cert,random_forest,6,-0.03586941050623051,-0.08436946356297326,0.011431640536130216
diabetes,0.1,normalized_squared_loss,coerror_no_cert,top_no_cert,6,0.09796932135624291,-0.033302200271653426,0.24032613808935277
diabetes,0.1,normalized_squared_loss,coerror_no_cert_affine,coerror_no_cert,6,0.0299377852925324,-0.006565790372256797,0.06866729731235155
diabetes,0.1,normalized_squared_loss,top_quality,top_no_cert,6,0.0,-0.0,-0.0
diabetes,0.1,rmse,affine_profiled,coerror_no_cert_affine,6,0.1812439184928157,-1.872497325154825,0.8721619891683545
diabetes,0.1,rmse,coerror,abs_correlation,6,0.8684431029429772,-0.0009945627506624533,1.75331943411323
diabetes,0.1,rmse,coerror,top_quality,6,4.627038681283078,-0.8275546624633847,10.707057939467148
diabetes,0.1,rmse,coerror_no_cert,caruana,6,-0.0005951613553503895,-0.0035709681320952313,-0.0
diabetes,0.1,rmse,coerror_no_cert,random_forest,6,-1.973427247740992,-4.837197601348805,0.5055248479232688
diabetes,0.1,rmse,coerror_no_cert,top_no_cert,6,4.375338833139055,-1.800796990945436,10.707057939467148
diabetes,0.1,rmse,coerror_no_cert_affine,coerror_no_cert,6,1.619951135502981,-0.29766671076821183,3.772170819667828
diabetes,0.1,rmse,top_quality,top_no_cert,6,0.0,-0.0,-0.0
diabetes,0.5,normalized_squared_loss,affine_profiled,coerror_no_cert_affine,6,-0.00819394764085656,-0.04145511672765245,0.014796501749946789
diabetes,0.5,normalized_squared_loss,coerror,abs_correlation,6,0.007236906127470864,-0.015355517561623344,0.01557706499316569
diabetes,0.5,normalized_squared_loss,coerror,top_quality,6,0.017222493906751724,-0.027529136811253463,0.06179000373884502
diabetes,0.5,normalized_squared_loss,coerror_no_cert,caruana,6,6.456722164282132e-05,-0.024669827824962298,0.014671930969745506
diabetes,0.5,normalized_squared_loss,coerror_no_cert,random_forest,6,-0.019071717613894378,-0.04345114343193712,0.011551796280407589
diabetes,0.5,normalized_squared_loss,coerror_no_cert,top_no_cert,6,0.017222493906751724,-0.027529136811253463,0.06179000373884502
diabetes,0.5,normalized_squared_loss,coerror_no_cert_affine,coerror_no_cert,6,0.00735164881639952,-0.02988234077198193,0.04883561580944151
diabetes,0.5,normalized_squared_loss,top_quality,top_no_cert,6,0.0,-0.0,-0.0
diabetes,0.5,rmse,affine_profiled,coerror_no_cert_affine,6,-0.37789317710958653,-1.987496427846132,0.9099727707586283
diabetes,0.5,rmse,coerror,abs_correlation,6,0.38690288718788207,-0.6845876648574247,0.8420367665204793
diabetes,0.5,rmse,coerror,top_quality,6,0.908502703192589,-1.2052077423574232,3.0118632107203496
diabetes,0.5,rmse,coerror_no_cert,caruana,6,-0.029463163883891735,-1.3649907216928483,0.7295763078319624
diabetes,0.5,rmse,coerror_no_cert,random_forest,6,-0.9671411403171793,-1.9572171510013945,0.5752086833537788
diabetes,0.5,rmse,coerror_no_cert,top_no_cert,6,0.908502703192589,-1.2052077423574232,3.0118632107203496
diabetes,0.5,rmse,coerror_no_cert_affine,coerror_no_cert,6,0.5178754056033531,-1.4761955123587924,2.9081168690835497
diabetes,0.5,rmse,top_quality,top_no_cert,6,0.0,-0.0,-0.0
wine,0.1,brier,coerror,abs_correlation,6,0.025193846636111582,0.005025505499458197,0.06988514168563499
wine,0.1,brier,coerror,top_quality,6,0.021994087198068512,-0.007367934205332313,0.07144272270395899
wine,0.1,brier,coerror_no_cert,caruana,6,0.0007198636109854301,-0.0069653854047170005,0.011480497192674202
wine,0.1,brier,coerror_no_cert,random_forest,6,-0.04317645353452432,-0.0673350982599111,-0.0173998637192255
wine,0.1,brier,coerror_no_cert,top_no_cert,6,0.021994087198068512,-0.007367934205332313,0.07144272270395899
wine,0.1,brier,top_quality,top_no_cert,6,0.0,-0.0,-0.0
wine,0.1,log_loss,coerror,abs_correlation,6,0.06327936754694835,0.0250890061358007,0.1433232586459467
wine,0.1,log_loss,coerror,top_quality,6,0.016797331558101206,-0.02271132282512059,0.10692054909896032
wine,0.1,log_loss,coerror_no_cert,caruana,6,-0.0053201405918161665,-0.0274478432222226,0.009526564329239817
wine,0.1,log_loss,coerror_no_cert,random_forest,6,-0.07877899399313948,-0.12388084787413017,-0.02869686626949719
wine,0.1,log_loss,coerror_no_cert,top_no_cert,6,0.016797331558101206,-0.02271132282512059,0.10692054909896032
wine,0.1,log_loss,top_quality,top_no_cert,6,0.0,-0.0,-0.0
wine,0.5,brier,coerror,abs_correlation,6,-0.008214319532656202,-0.04641371512997401,0.010672335720837103
wine,0.5,brier,coerror,top_quality,6,0.04596032392096757,0.0050129666674745,0.0894645940137136
wine,0.5,brier,coerror_no_cert,caruana,6,0.0015890797679548319,-0.0,0.004511874107842498
wine,0.5,brier,coerror_no_cert,random_forest,6,-0.021404190822683317,-0.0650130789376825,0.0012083194231040997
wine,0.5,brier,coerror_no_cert,top_no_cert,6,0.04596032392096757,0.0050129666674745,0.0894645940137136
wine,0.5,brier,top_quality,top_no_cert,6,0.0,-0.0,-0.0
wine,0.5,log_loss,coerror,abs_correlation,6,0.014334636135693005,-0.028140891069584117,0.045638294583866396
wine,0.5,log_loss,coerror,top_quality,6,0.3408007760454938,-0.027795950859493213,0.9695114843332251
wine,0.5,log_loss,coerror_no_cert,caruana,6,0.0017613623341132766,-0.0,0.0063467399052996865
wine,0.5,log_loss,coerror_no_cert,random_forest,6,-0.009223634643780535,-0.053225468897417194,0.015293553422734002
wine,0.5,log_loss,coerror_no_cert,top_no_cert,6,0.3408007760454938,-0.027795950859493213,0.9695114843332251
wine,0.5,log_loss,top_quality,top_no_cert,6,0.0,-0.0,-0.0
