dataset,seed,fold,feature_fraction,method,retained_specifications,distinct_selected_oof_columns,distinct_selected_masks
breast_cancer,11,0,0.1,abs_correlation,8,8,8
breast_cancer,11,0,0.1,caruana,7,7,7
breast_cancer,11,0,0.1,certified_random,8,8,8
breast_cancer,11,0,0.1,coerror,8,8,8
breast_cancer,11,0,0.1,coerror_greedy,8,8,8
breast_cancer,11,0,0.1,coerror_no_cert,8,8,8
breast_cancer,11,0,0.1,covariance_only,8,8,8
breast_cancer,11,0,0.1,direct_auroc,8,8,8
breast_cancer,11,0,0.1,direct_squared,8,8,8
breast_cancer,11,0,0.1,minimax,8,8,8
breast_cancer,11,0,0.1,prediction_correlation,8,8,8
breast_cancer,11,0,0.1,quality_diversity,8,8,8
breast_cancer,11,0,0.1,random_subspace,8,8,8
breast_cancer,11,0,0.1,shrinkage,8,8,8
breast_cancer,11,0,0.1,signed_correlation,8,8,8
breast_cancer,11,0,0.1,top_no_cert,8,8,8
breast_cancer,11,0,0.1,top_quality,8,8,8
breast_cancer,11,1,0.1,abs_correlation,8,8,8
breast_cancer,11,1,0.1,caruana,7,7,7
breast_cancer,11,1,0.1,certified_random,8,8,8
breast_cancer,11,1,0.1,coerror,8,8,8
breast_cancer,11,1,0.1,coerror_greedy,8,8,8
breast_cancer,11,1,0.1,coerror_no_cert,8,8,8
breast_cancer,11,1,0.1,covariance_only,8,8,8
breast_cancer,11,1,0.1,direct_auroc,8,8,8
breast_cancer,11,1,0.1,direct_squared,8,8,8
breast_cancer,11,1,0.1,minimax,8,8,8
breast_cancer,11,1,0.1,prediction_correlation,8,8,8
breast_cancer,11,1,0.1,quality_diversity,8,8,8
breast_cancer,11,1,0.1,random_subspace,8,8,8
breast_cancer,11,1,0.1,shrinkage,8,8,8
breast_cancer,11,1,0.1,signed_correlation,8,8,8
breast_cancer,11,1,0.1,top_no_cert,8,8,8
breast_cancer,11,1,0.1,top_quality,8,8,8
breast_cancer,11,2,0.1,abs_correlation,8,8,8
breast_cancer,11,2,0.1,caruana,5,5,5
breast_cancer,11,2,0.1,certified_random,8,8,8
breast_cancer,11,2,0.1,coerror,8,8,8
breast_cancer,11,2,0.1,coerror_greedy,8,8,8
breast_cancer,11,2,0.1,coerror_no_cert,8,8,8
breast_cancer,11,2,0.1,covariance_only,8,8,8
breast_cancer,11,2,0.1,direct_auroc,8,8,8
breast_cancer,11,2,0.1,direct_squared,8,8,8
breast_cancer,11,2,0.1,minimax,8,8,8
breast_cancer,11,2,0.1,prediction_correlation,8,8,7
breast_cancer,11,2,0.1,quality_diversity,8,8,8
breast_cancer,11,2,0.1,random_subspace,8,8,8
breast_cancer,11,2,0.1,shrinkage,8,8,8
breast_cancer,11,2,0.1,signed_correlation,8,8,8
breast_cancer,11,2,0.1,top_no_cert,8,8,8
breast_cancer,11,2,0.1,top_quality,8,8,8
breast_cancer,29,0,0.1,abs_correlation,8,8,8
breast_cancer,29,0,0.1,caruana,5,5,5
breast_cancer,29,0,0.1,certified_random,8,8,8
breast_cancer,29,0,0.1,coerror,8,8,8
breast_cancer,29,0,0.1,coerror_greedy,8,8,8
breast_cancer,29,0,0.1,coerror_no_cert,8,8,8
breast_cancer,29,0,0.1,covariance_only,8,8,8
breast_cancer,29,0,0.1,direct_auroc,8,8,8
breast_cancer,29,0,0.1,direct_squared,8,8,8
breast_cancer,29,0,0.1,minimax,8,8,8
breast_cancer,29,0,0.1,prediction_correlation,8,8,8
breast_cancer,29,0,0.1,quality_diversity,8,8,8
breast_cancer,29,0,0.1,random_subspace,8,8,8
breast_cancer,29,0,0.1,shrinkage,8,8,8
breast_cancer,29,0,0.1,signed_correlation,8,8,8
breast_cancer,29,0,0.1,top_no_cert,8,8,8
breast_cancer,29,0,0.1,top_quality,8,8,8
breast_cancer,29,1,0.1,abs_correlation,8,8,8
breast_cancer,29,1,0.1,caruana,7,7,7
breast_cancer,29,1,0.1,certified_random,8,8,8
breast_cancer,29,1,0.1,coerror,8,8,8
breast_cancer,29,1,0.1,coerror_greedy,8,8,8
breast_cancer,29,1,0.1,coerror_no_cert,8,8,8
breast_cancer,29,1,0.1,covariance_only,8,8,8
breast_cancer,29,1,0.1,direct_auroc,8,8,8
breast_cancer,29,1,0.1,direct_squared,8,8,8
breast_cancer,29,1,0.1,minimax,8,8,8
breast_cancer,29,1,0.1,prediction_correlation,8,8,8
breast_cancer,29,1,0.1,quality_diversity,8,8,8
breast_cancer,29,1,0.1,random_subspace,8,8,8
breast_cancer,29,1,0.1,shrinkage,8,8,8
breast_cancer,29,1,0.1,signed_correlation,8,8,8
breast_cancer,29,1,0.1,top_no_cert,8,8,8
breast_cancer,29,1,0.1,top_quality,8,8,8
breast_cancer,29,2,0.1,abs_correlation,8,8,8
breast_cancer,29,2,0.1,caruana,7,7,7
breast_cancer,29,2,0.1,certified_random,8,8,8
breast_cancer,29,2,0.1,coerror,8,8,8
breast_cancer,29,2,0.1,coerror_greedy,8,8,8
breast_cancer,29,2,0.1,coerror_no_cert,8,8,8
breast_cancer,29,2,0.1,covariance_only,8,8,8
breast_cancer,29,2,0.1,direct_auroc,8,8,7
breast_cancer,29,2,0.1,direct_squared,8,8,8
breast_cancer,29,2,0.1,minimax,8,8,8
breast_cancer,29,2,0.1,prediction_correlation,8,8,8
breast_cancer,29,2,0.1,quality_diversity,8,8,8
breast_cancer,29,2,0.1,random_subspace,8,8,8
breast_cancer,29,2,0.1,shrinkage,8,8,8
breast_cancer,29,2,0.1,signed_correlation,8,8,8
breast_cancer,29,2,0.1,top_no_cert,8,8,8
breast_cancer,29,2,0.1,top_quality,8,8,8
diabetes,11,0,0.1,abs_correlation,8,3,3
diabetes,11,0,0.1,affine_profiled,8,4,4
diabetes,11,0,0.1,caruana,3,3,3
diabetes,11,0,0.1,certified_random,8,3,3
diabetes,11,0,0.1,coerror,8,2,2
diabetes,11,0,0.1,coerror_greedy,8,2,2
diabetes,11,0,0.1,coerror_no_cert,8,3,3
diabetes,11,0,0.1,coerror_no_cert_affine,8,3,3
diabetes,11,0,0.1,covariance_only,8,2,2
diabetes,11,0,0.1,direct_squared,8,2,2
diabetes,11,0,0.1,minimax,8,3,3
diabetes,11,0,0.1,prediction_correlation,8,3,3
diabetes,11,0,0.1,quality_diversity,8,2,2
diabetes,11,0,0.1,random_subspace,8,7,7
diabetes,11,0,0.1,shrinkage,8,2,2
diabetes,11,0,0.1,signed_correlation,8,3,3
diabetes,11,0,0.1,top_no_cert,8,1,1
diabetes,11,0,0.1,top_quality,8,1,1
diabetes,11,1,0.1,abs_correlation,8,4,4
diabetes,11,1,0.1,affine_profiled,8,5,5
diabetes,11,1,0.1,caruana,4,4,4
diabetes,11,1,0.1,certified_random,8,4,4
diabetes,11,1,0.1,coerror,8,4,4
diabetes,11,1,0.1,coerror_greedy,8,4,4
diabetes,11,1,0.1,coerror_no_cert,8,4,4
diabetes,11,1,0.1,coerror_no_cert_affine,8,4,4
diabetes,11,1,0.1,covariance_only,8,4,4
diabetes,11,1,0.1,direct_squared,8,4,4
diabetes,11,1,0.1,minimax,8,4,4
diabetes,11,1,0.1,prediction_correlation,8,4,4
diabetes,11,1,0.1,quality_diversity,8,1,1
diabetes,11,1,0.1,random_subspace,8,6,6
diabetes,11,1,0.1,shrinkage,8,4,4
diabetes,11,1,0.1,signed_correlation,8,4,4
diabetes,11,1,0.1,top_no_cert,8,1,1
diabetes,11,1,0.1,top_quality,8,1,1
diabetes,11,2,0.1,abs_correlation,8,3,3
diabetes,11,2,0.1,affine_profiled,8,5,5
diabetes,11,2,0.1,caruana,3,3,3
diabetes,11,2,0.1,certified_random,8,3,3
diabetes,11,2,0.1,coerror,8,3,3
diabetes,11,2,0.1,coerror_greedy,8,3,3
diabetes,11,2,0.1,coerror_no_cert,8,3,3
diabetes,11,2,0.1,coerror_no_cert_affine,8,3,3
diabetes,11,2,0.1,covariance_only,8,3,3
diabetes,11,2,0.1,direct_squared,8,3,3
diabetes,11,2,0.1,minimax,8,4,4
diabetes,11,2,0.1,prediction_correlation,8,4,4
diabetes,11,2,0.1,quality_diversity,8,2,2
diabetes,11,2,0.1,random_subspace,8,6,6
diabetes,11,2,0.1,shrinkage,8,3,3
diabetes,11,2,0.1,signed_correlation,8,3,3
diabetes,11,2,0.1,top_no_cert,8,1,1
diabetes,11,2,0.1,top_quality,8,1,1
diabetes,29,0,0.1,abs_correlation,8,3,3
diabetes,29,0,0.1,affine_profiled,8,7,7
diabetes,29,0,0.1,caruana,4,4,4
diabetes,29,0,0.1,certified_random,8,4,4
diabetes,29,0,0.1,coerror,8,3,3
diabetes,29,0,0.1,coerror_greedy,8,3,3
diabetes,29,0,0.1,coerror_no_cert,8,4,4
diabetes,29,0,0.1,coerror_no_cert_affine,8,4,4
diabetes,29,0,0.1,covariance_only,8,3,3
diabetes,29,0,0.1,direct_squared,8,3,3
diabetes,29,0,0.1,minimax,8,4,4
diabetes,29,0,0.1,prediction_correlation,8,4,4
diabetes,29,0,0.1,quality_diversity,8,2,2
diabetes,29,0,0.1,random_subspace,8,8,8
diabetes,29,0,0.1,shrinkage,8,3,3
diabetes,29,0,0.1,signed_correlation,8,3,3
diabetes,29,0,0.1,top_no_cert,8,2,2
diabetes,29,0,0.1,top_quality,8,2,2
diabetes,29,1,0.1,abs_correlation,8,4,4
diabetes,29,1,0.1,affine_profiled,8,5,5
diabetes,29,1,0.1,caruana,3,3,3
diabetes,29,1,0.1,certified_random,8,4,4
diabetes,29,1,0.1,coerror,8,3,3
diabetes,29,1,0.1,coerror_greedy,8,3,3
diabetes,29,1,0.1,coerror_no_cert,8,3,3
diabetes,29,1,0.1,coerror_no_cert_affine,8,3,3
diabetes,29,1,0.1,covariance_only,8,3,3
diabetes,29,1,0.1,direct_squared,8,3,3
diabetes,29,1,0.1,minimax,8,4,4
diabetes,29,1,0.1,prediction_correlation,8,4,4
diabetes,29,1,0.1,quality_diversity,8,2,2
diabetes,29,1,0.1,random_subspace,8,7,7
diabetes,29,1,0.1,shrinkage,8,2,2
diabetes,29,1,0.1,signed_correlation,8,4,4
diabetes,29,1,0.1,top_no_cert,8,1,1
diabetes,29,1,0.1,top_quality,8,1,1
diabetes,29,2,0.1,abs_correlation,8,3,3
diabetes,29,2,0.1,affine_profiled,8,4,4
diabetes,29,2,0.1,caruana,3,3,3
diabetes,29,2,0.1,certified_random,8,3,3
diabetes,29,2,0.1,coerror,8,2,2
diabetes,29,2,0.1,coerror_greedy,8,3,3
diabetes,29,2,0.1,coerror_no_cert,8,2,2
diabetes,29,2,0.1,coerror_no_cert_affine,8,2,2
diabetes,29,2,0.1,covariance_only,8,2,2
diabetes,29,2,0.1,direct_squared,8,3,3
diabetes,29,2,0.1,minimax,8,3,3
diabetes,29,2,0.1,prediction_correlation,8,3,3
diabetes,29,2,0.1,quality_diversity,8,2,2
diabetes,29,2,0.1,random_subspace,8,6,6
diabetes,29,2,0.1,shrinkage,8,2,2
diabetes,29,2,0.1,signed_correlation,8,3,3
diabetes,29,2,0.1,top_no_cert,8,1,1
diabetes,29,2,0.1,top_quality,8,1,1
wine,11,0,0.1,abs_correlation,8,8,8
wine,11,0,0.1,caruana,6,6,6
wine,11,0,0.1,certified_random,8,8,8
wine,11,0,0.1,coerror,8,6,6
wine,11,0,0.1,coerror_greedy,8,6,6
wine,11,0,0.1,coerror_no_cert,8,6,6
wine,11,0,0.1,covariance_only,8,6,6
wine,11,0,0.1,direct_squared,8,6,6
wine,11,0,0.1,minimax,8,8,8
wine,11,0,0.1,prediction_correlation,8,8,7
wine,11,0,0.1,quality_diversity,8,7,7
wine,11,0,0.1,random_subspace,8,8,8
wine,11,0,0.1,shrinkage,8,6,6
wine,11,0,0.1,signed_correlation,8,8,8
wine,11,0,0.1,top_no_cert,8,5,5
wine,11,0,0.1,top_quality,8,5,5
wine,11,1,0.1,abs_correlation,8,8,8
wine,11,1,0.1,caruana,6,6,6
wine,11,1,0.1,certified_random,8,8,8
wine,11,1,0.1,coerror,8,8,8
wine,11,1,0.1,coerror_greedy,8,8,8
wine,11,1,0.1,coerror_no_cert,8,8,8
wine,11,1,0.1,covariance_only,8,8,8
wine,11,1,0.1,direct_squared,8,8,8
wine,11,1,0.1,minimax,8,8,8
wine,11,1,0.1,prediction_correlation,8,8,8
wine,11,1,0.1,quality_diversity,8,7,7
wine,11,1,0.1,random_subspace,8,8,8
wine,11,1,0.1,shrinkage,8,7,7
wine,11,1,0.1,signed_correlation,8,8,8
wine,11,1,0.1,top_no_cert,8,7,5
wine,11,1,0.1,top_quality,8,7,5
wine,11,2,0.1,abs_correlation,8,8,8
wine,11,2,0.1,caruana,7,7,7
wine,11,2,0.1,certified_random,8,8,8
wine,11,2,0.1,coerror,8,8,7
wine,11,2,0.1,coerror_greedy,8,8,7
wine,11,2,0.1,coerror_no_cert,8,8,7
wine,11,2,0.1,covariance_only,8,8,7
wine,11,2,0.1,direct_squared,8,8,7
wine,11,2,0.1,minimax,8,8,8
wine,11,2,0.1,prediction_correlation,8,8,8
wine,11,2,0.1,quality_diversity,8,7,6
wine,11,2,0.1,random_subspace,8,8,8
wine,11,2,0.1,shrinkage,8,8,7
wine,11,2,0.1,signed_correlation,8,8,8
wine,11,2,0.1,top_no_cert,8,6,5
wine,11,2,0.1,top_quality,8,6,5
wine,29,0,0.1,abs_correlation,8,8,8
wine,29,0,0.1,caruana,7,7,6
wine,29,0,0.1,certified_random,8,8,8
wine,29,0,0.1,coerror,8,8,7
wine,29,0,0.1,coerror_greedy,8,8,7
wine,29,0,0.1,coerror_no_cert,8,8,7
wine,29,0,0.1,covariance_only,8,8,8
wine,29,0,0.1,direct_squared,8,8,7
wine,29,0,0.1,minimax,8,8,8
wine,29,0,0.1,prediction_correlation,8,8,8
wine,29,0,0.1,quality_diversity,8,8,7
wine,29,0,0.1,random_subspace,8,8,8
wine,29,0,0.1,shrinkage,8,8,7
wine,29,0,0.1,signed_correlation,8,8,8
wine,29,0,0.1,top_no_cert,8,7,6
wine,29,0,0.1,top_quality,8,7,6
wine,29,1,0.1,abs_correlation,8,7,7
wine,29,1,0.1,caruana,6,6,6
wine,29,1,0.1,certified_random,8,8,8
wine,29,1,0.1,coerror,8,7,7
wine,29,1,0.1,coerror_greedy,8,7,7
wine,29,1,0.1,coerror_no_cert,8,7,7
wine,29,1,0.1,covariance_only,8,6,6
wine,29,1,0.1,direct_squared,8,7,7
wine,29,1,0.1,minimax,8,8,8
wine,29,1,0.1,prediction_correlation,8,8,8
wine,29,1,0.1,quality_diversity,8,7,7
wine,29,1,0.1,random_subspace,8,8,8
wine,29,1,0.1,shrinkage,8,7,7
wine,29,1,0.1,signed_correlation,8,7,7
wine,29,1,0.1,top_no_cert,8,7,3
wine,29,1,0.1,top_quality,8,7,3
wine,29,2,0.1,abs_correlation,8,8,8
wine,29,2,0.1,caruana,7,7,7
wine,29,2,0.1,certified_random,8,8,7
wine,29,2,0.1,coerror,8,8,8
wine,29,2,0.1,coerror_greedy,8,8,8
wine,29,2,0.1,coerror_no_cert,8,8,8
wine,29,2,0.1,covariance_only,8,7,7
wine,29,2,0.1,direct_squared,8,8,8
wine,29,2,0.1,minimax,8,8,8
wine,29,2,0.1,prediction_correlation,8,8,8
wine,29,2,0.1,quality_diversity,8,7,7
wine,29,2,0.1,random_subspace,8,8,7
wine,29,2,0.1,shrinkage,8,7,7
wine,29,2,0.1,signed_correlation,8,8,8
wine,29,2,0.1,top_no_cert,8,6,6
wine,29,2,0.1,top_quality,8,6,6
breast_cancer,11,0,0.5,abs_correlation,8,8,8
breast_cancer,11,0,0.5,caruana,6,6,6
breast_cancer,11,0,0.5,certified_random,8,8,8
breast_cancer,11,0,0.5,coerror,8,8,8
breast_cancer,11,0,0.5,coerror_greedy,8,8,8
breast_cancer,11,0,0.5,coerror_no_cert,8,8,8
breast_cancer,11,0,0.5,covariance_only,8,8,8
breast_cancer,11,0,0.5,direct_auroc,8,8,8
breast_cancer,11,0,0.5,direct_squared,8,8,8
breast_cancer,11,0,0.5,minimax,8,8,8
breast_cancer,11,0,0.5,prediction_correlation,8,8,8
breast_cancer,11,0,0.5,quality_diversity,8,8,8
breast_cancer,11,0,0.5,random_subspace,8,8,8
breast_cancer,11,0,0.5,shrinkage,8,8,8
breast_cancer,11,0,0.5,signed_correlation,8,8,8
breast_cancer,11,0,0.5,top_no_cert,8,8,8
breast_cancer,11,0,0.5,top_quality,8,8,8
breast_cancer,11,1,0.5,abs_correlation,8,8,8
breast_cancer,11,1,0.5,caruana,7,7,7
breast_cancer,11,1,0.5,certified_random,8,8,8
breast_cancer,11,1,0.5,coerror,8,8,8
breast_cancer,11,1,0.5,coerror_greedy,8,8,8
breast_cancer,11,1,0.5,coerror_no_cert,8,8,8
breast_cancer,11,1,0.5,covariance_only,8,8,8
breast_cancer,11,1,0.5,direct_auroc,8,8,8
breast_cancer,11,1,0.5,direct_squared,8,8,8
breast_cancer,11,1,0.5,minimax,8,8,8
breast_cancer,11,1,0.5,prediction_correlation,8,8,8
breast_cancer,11,1,0.5,quality_diversity,8,8,8
breast_cancer,11,1,0.5,random_subspace,8,8,8
breast_cancer,11,1,0.5,shrinkage,8,8,8
breast_cancer,11,1,0.5,signed_correlation,8,8,8
breast_cancer,11,1,0.5,top_no_cert,8,8,8
breast_cancer,11,1,0.5,top_quality,8,8,8
breast_cancer,11,2,0.5,abs_correlation,8,8,8
breast_cancer,11,2,0.5,caruana,6,6,6
breast_cancer,11,2,0.5,certified_random,8,8,8
breast_cancer,11,2,0.5,coerror,8,8,8
breast_cancer,11,2,0.5,coerror_greedy,8,8,8
breast_cancer,11,2,0.5,coerror_no_cert,8,8,8
breast_cancer,11,2,0.5,covariance_only,8,8,8
breast_cancer,11,2,0.5,direct_auroc,8,8,8
breast_cancer,11,2,0.5,direct_squared,8,8,8
breast_cancer,11,2,0.5,minimax,8,8,8
breast_cancer,11,2,0.5,prediction_correlation,8,8,8
breast_cancer,11,2,0.5,quality_diversity,8,8,8
breast_cancer,11,2,0.5,random_subspace,8,8,8
breast_cancer,11,2,0.5,shrinkage,8,8,8
breast_cancer,11,2,0.5,signed_correlation,8,8,8
breast_cancer,11,2,0.5,top_no_cert,8,8,8
breast_cancer,11,2,0.5,top_quality,8,8,8
breast_cancer,29,0,0.5,abs_correlation,8,8,8
breast_cancer,29,0,0.5,caruana,6,6,6
breast_cancer,29,0,0.5,certified_random,8,8,8
breast_cancer,29,0,0.5,coerror,8,8,8
breast_cancer,29,0,0.5,coerror_greedy,8,8,8
breast_cancer,29,0,0.5,coerror_no_cert,8,8,8
breast_cancer,29,0,0.5,covariance_only,8,8,8
breast_cancer,29,0,0.5,direct_auroc,8,8,8
breast_cancer,29,0,0.5,direct_squared,8,8,8
breast_cancer,29,0,0.5,minimax,8,8,8
breast_cancer,29,0,0.5,prediction_correlation,8,8,8
breast_cancer,29,0,0.5,quality_diversity,8,8,8
breast_cancer,29,0,0.5,random_subspace,8,8,8
breast_cancer,29,0,0.5,shrinkage,8,8,8
breast_cancer,29,0,0.5,signed_correlation,8,8,8
breast_cancer,29,0,0.5,top_no_cert,8,8,8
breast_cancer,29,0,0.5,top_quality,8,8,8
breast_cancer,29,1,0.5,abs_correlation,8,8,8
breast_cancer,29,1,0.5,caruana,5,5,5
breast_cancer,29,1,0.5,certified_random,8,8,8
breast_cancer,29,1,0.5,coerror,8,8,8
breast_cancer,29,1,0.5,coerror_greedy,8,8,8
breast_cancer,29,1,0.5,coerror_no_cert,8,8,8
breast_cancer,29,1,0.5,covariance_only,8,8,8
breast_cancer,29,1,0.5,direct_auroc,8,8,8
breast_cancer,29,1,0.5,direct_squared,8,8,8
breast_cancer,29,1,0.5,minimax,8,8,8
breast_cancer,29,1,0.5,prediction_correlation,8,8,8
breast_cancer,29,1,0.5,quality_diversity,8,8,8
breast_cancer,29,1,0.5,random_subspace,8,8,8
breast_cancer,29,1,0.5,shrinkage,8,8,8
breast_cancer,29,1,0.5,signed_correlation,8,8,8
breast_cancer,29,1,0.5,top_no_cert,8,8,8
breast_cancer,29,1,0.5,top_quality,8,8,8
breast_cancer,29,2,0.5,abs_correlation,8,8,8
breast_cancer,29,2,0.5,caruana,7,7,7
breast_cancer,29,2,0.5,certified_random,8,8,8
breast_cancer,29,2,0.5,coerror,8,8,8
breast_cancer,29,2,0.5,coerror_greedy,8,8,8
breast_cancer,29,2,0.5,coerror_no_cert,8,8,8
breast_cancer,29,2,0.5,covariance_only,8,8,8
breast_cancer,29,2,0.5,direct_auroc,8,8,8
breast_cancer,29,2,0.5,direct_squared,8,8,8
breast_cancer,29,2,0.5,minimax,8,8,8
breast_cancer,29,2,0.5,prediction_correlation,8,8,8
breast_cancer,29,2,0.5,quality_diversity,8,8,8
breast_cancer,29,2,0.5,random_subspace,8,8,8
breast_cancer,29,2,0.5,shrinkage,8,8,8
breast_cancer,29,2,0.5,signed_correlation,8,8,8
breast_cancer,29,2,0.5,top_no_cert,8,8,8
breast_cancer,29,2,0.5,top_quality,8,8,8
diabetes,11,0,0.5,abs_correlation,8,8,8
diabetes,11,0,0.5,affine_profiled,8,7,7
diabetes,11,0,0.5,caruana,7,7,7
diabetes,11,0,0.5,certified_random,8,8,8
diabetes,11,0,0.5,coerror,8,8,8
diabetes,11,0,0.5,coerror_greedy,8,8,8
diabetes,11,0,0.5,coerror_no_cert,8,8,8
diabetes,11,0,0.5,coerror_no_cert_affine,8,8,8
diabetes,11,0,0.5,covariance_only,8,8,8
diabetes,11,0,0.5,direct_squared,8,8,8
diabetes,11,0,0.5,minimax,8,8,8
diabetes,11,0,0.5,prediction_correlation,8,8,8
diabetes,11,0,0.5,quality_diversity,8,6,6
diabetes,11,0,0.5,random_subspace,8,8,8
diabetes,11,0,0.5,shrinkage,8,7,7
diabetes,11,0,0.5,signed_correlation,8,8,8
diabetes,11,0,0.5,top_no_cert,8,6,6
diabetes,11,0,0.5,top_quality,8,6,6
diabetes,11,1,0.5,abs_correlation,8,8,8
diabetes,11,1,0.5,affine_profiled,8,8,8
diabetes,11,1,0.5,caruana,7,7,7
diabetes,11,1,0.5,certified_random,8,8,8
diabetes,11,1,0.5,coerror,8,8,8
diabetes,11,1,0.5,coerror_greedy,8,8,8
diabetes,11,1,0.5,coerror_no_cert,8,8,8
diabetes,11,1,0.5,coerror_no_cert_affine,8,8,8
diabetes,11,1,0.5,covariance_only,8,8,8
diabetes,11,1,0.5,direct_squared,8,8,8
diabetes,11,1,0.5,minimax,8,8,8
diabetes,11,1,0.5,prediction_correlation,8,8,8
diabetes,11,1,0.5,quality_diversity,8,7,7
diabetes,11,1,0.5,random_subspace,8,8,8
diabetes,11,1,0.5,shrinkage,8,8,8
diabetes,11,1,0.5,signed_correlation,8,8,8
diabetes,11,1,0.5,top_no_cert,8,7,7
diabetes,11,1,0.5,top_quality,8,7,7
diabetes,11,2,0.5,abs_correlation,8,8,8
diabetes,11,2,0.5,affine_profiled,8,8,8
diabetes,11,2,0.5,caruana,6,6,6
diabetes,11,2,0.5,certified_random,8,7,8
diabetes,11,2,0.5,coerror,8,8,8
diabetes,11,2,0.5,coerror_greedy,8,8,8
diabetes,11,2,0.5,coerror_no_cert,8,8,8
diabetes,11,2,0.5,coerror_no_cert_affine,8,8,8
diabetes,11,2,0.5,covariance_only,8,8,8
diabetes,11,2,0.5,direct_squared,8,8,8
diabetes,11,2,0.5,minimax,8,8,8
diabetes,11,2,0.5,prediction_correlation,8,7,7
diabetes,11,2,0.5,quality_diversity,8,6,7
diabetes,11,2,0.5,random_subspace,8,7,8
diabetes,11,2,0.5,shrinkage,8,8,8
diabetes,11,2,0.5,signed_correlation,8,8,8
diabetes,11,2,0.5,top_no_cert,8,5,6
diabetes,11,2,0.5,top_quality,8,5,6
diabetes,29,0,0.5,abs_correlation,8,8,8
diabetes,29,0,0.5,affine_profiled,8,8,8
diabetes,29,0,0.5,caruana,7,7,7
diabetes,29,0,0.5,certified_random,8,8,8
diabetes,29,0,0.5,coerror,8,7,7
diabetes,29,0,0.5,coerror_greedy,8,8,8
diabetes,29,0,0.5,coerror_no_cert,8,7,7
diabetes,29,0,0.5,coerror_no_cert_affine,8,7,7
diabetes,29,0,0.5,covariance_only,8,7,7
diabetes,29,0,0.5,direct_squared,8,8,8
diabetes,29,0,0.5,minimax,8,8,8
diabetes,29,0,0.5,prediction_correlation,8,8,8
diabetes,29,0,0.5,quality_diversity,8,6,6
diabetes,29,0,0.5,random_subspace,8,8,8
diabetes,29,0,0.5,shrinkage,8,7,7
diabetes,29,0,0.5,signed_correlation,8,8,8
diabetes,29,0,0.5,top_no_cert,8,6,6
diabetes,29,0,0.5,top_quality,8,6,6
diabetes,29,1,0.5,abs_correlation,8,8,8
diabetes,29,1,0.5,affine_profiled,8,8,8
diabetes,29,1,0.5,caruana,7,7,7
diabetes,29,1,0.5,certified_random,8,8,8
diabetes,29,1,0.5,coerror,8,7,7
diabetes,29,1,0.5,coerror_greedy,8,7,7
diabetes,29,1,0.5,coerror_no_cert,8,7,7
diabetes,29,1,0.5,coerror_no_cert_affine,8,7,7
diabetes,29,1,0.5,covariance_only,8,7,7
diabetes,29,1,0.5,direct_squared,8,7,7
diabetes,29,1,0.5,minimax,8,8,8
diabetes,29,1,0.5,prediction_correlation,8,8,8
diabetes,29,1,0.5,quality_diversity,8,8,8
diabetes,29,1,0.5,random_subspace,8,8,8
diabetes,29,1,0.5,shrinkage,8,7,7
diabetes,29,1,0.5,signed_correlation,8,8,8
diabetes,29,1,0.5,top_no_cert,8,8,8
diabetes,29,1,0.5,top_quality,8,8,8
diabetes,29,2,0.5,abs_correlation,8,8,8
diabetes,29,2,0.5,affine_profiled,8,8,8
diabetes,29,2,0.5,caruana,5,5,5
diabetes,29,2,0.5,certified_random,8,8,8
diabetes,29,2,0.5,coerror,8,8,8
diabetes,29,2,0.5,coerror_greedy,8,8,8
diabetes,29,2,0.5,coerror_no_cert,8,8,8
diabetes,29,2,0.5,coerror_no_cert_affine,8,8,8
diabetes,29,2,0.5,covariance_only,8,8,8
diabetes,29,2,0.5,direct_squared,8,8,8
diabetes,29,2,0.5,minimax,8,8,8
diabetes,29,2,0.5,prediction_correlation,8,7,7
diabetes,29,2,0.5,quality_diversity,8,7,7
diabetes,29,2,0.5,random_subspace,8,8,8
diabetes,29,2,0.5,shrinkage,8,8,8
diabetes,29,2,0.5,signed_correlation,8,8,8
diabetes,29,2,0.5,top_no_cert,8,7,7
diabetes,29,2,0.5,top_quality,8,7,7
wine,11,0,0.5,abs_correlation,8,8,8
wine,11,0,0.5,caruana,8,8,8
wine,11,0,0.5,certified_random,8,8,8
wine,11,0,0.5,coerror,8,8,8
wine,11,0,0.5,coerror_greedy,8,8,8
wine,11,0,0.5,coerror_no_cert,8,8,8
wine,11,0,0.5,covariance_only,8,8,8
wine,11,0,0.5,direct_squared,8,8,8
wine,11,0,0.5,minimax,8,8,8
wine,11,0,0.5,prediction_correlation,8,8,8
wine,11,0,0.5,quality_diversity,8,8,8
wine,11,0,0.5,random_subspace,8,8,8
wine,11,0,0.5,shrinkage,8,7,8
wine,11,0,0.5,signed_correlation,8,8,8
wine,11,0,0.5,top_no_cert,8,7,8
wine,11,0,0.5,top_quality,8,7,8
wine,11,1,0.5,abs_correlation,8,8,8
wine,11,1,0.5,caruana,7,7,7
wine,11,1,0.5,certified_random,8,8,8
wine,11,1,0.5,coerror,8,7,8
wine,11,1,0.5,coerror_greedy,8,7,8
wine,11,1,0.5,coerror_no_cert,8,7,8
wine,11,1,0.5,covariance_only,8,7,8
wine,11,1,0.5,direct_squared,8,7,8
wine,11,1,0.5,minimax,8,8,8
wine,11,1,0.5,prediction_correlation,8,8,8
wine,11,1,0.5,quality_diversity,8,7,8
wine,11,1,0.5,random_subspace,8,8,8
wine,11,1,0.5,shrinkage,8,7,8
wine,11,1,0.5,signed_correlation,8,8,8
wine,11,1,0.5,top_no_cert,8,7,7
wine,11,1,0.5,top_quality,8,7,7
wine,11,2,0.5,abs_correlation,8,8,8
wine,11,2,0.5,caruana,7,7,7
wine,11,2,0.5,certified_random,8,8,8
wine,11,2,0.5,coerror,8,8,8
wine,11,2,0.5,coerror_greedy,8,8,8
wine,11,2,0.5,coerror_no_cert,8,8,8
wine,11,2,0.5,covariance_only,8,8,8
wine,11,2,0.5,direct_squared,8,8,8
wine,11,2,0.5,minimax,8,8,8
wine,11,2,0.5,prediction_correlation,8,8,8
wine,11,2,0.5,quality_diversity,8,8,8
wine,11,2,0.5,random_subspace,8,8,8
wine,11,2,0.5,shrinkage,8,8,8
wine,11,2,0.5,signed_correlation,8,8,8
wine,11,2,0.5,top_no_cert,8,8,7
wine,11,2,0.5,top_quality,8,8,7
wine,29,0,0.5,abs_correlation,8,8,8
wine,29,0,0.5,caruana,6,6,6
wine,29,0,0.5,certified_random,8,8,8
wine,29,0,0.5,coerror,8,8,8
wine,29,0,0.5,coerror_greedy,8,8,8
wine,29,0,0.5,coerror_no_cert,8,8,8
wine,29,0,0.5,covariance_only,8,8,8
wine,29,0,0.5,direct_squared,8,8,8
wine,29,0,0.5,minimax,8,8,8
wine,29,0,0.5,prediction_correlation,8,8,8
wine,29,0,0.5,quality_diversity,8,8,8
wine,29,0,0.5,random_subspace,8,8,8
wine,29,0,0.5,shrinkage,8,8,8
wine,29,0,0.5,signed_correlation,8,8,8
wine,29,0,0.5,top_no_cert,8,8,8
wine,29,0,0.5,top_quality,8,8,8
wine,29,1,0.5,abs_correlation,8,8,8
wine,29,1,0.5,caruana,8,8,8
wine,29,1,0.5,certified_random,8,8,8
wine,29,1,0.5,coerror,8,8,8
wine,29,1,0.5,coerror_greedy,8,8,8
wine,29,1,0.5,coerror_no_cert,8,8,8
wine,29,1,0.5,covariance_only,8,8,8
wine,29,1,0.5,direct_squared,8,8,8
wine,29,1,0.5,minimax,8,8,8
wine,29,1,0.5,prediction_correlation,8,8,8
wine,29,1,0.5,quality_diversity,8,7,7
wine,29,1,0.5,random_subspace,8,8,8
wine,29,1,0.5,shrinkage,8,8,8
wine,29,1,0.5,signed_correlation,8,8,8
wine,29,1,0.5,top_no_cert,8,7,7
wine,29,1,0.5,top_quality,8,7,7
wine,29,2,0.5,abs_correlation,8,8,8
wine,29,2,0.5,caruana,6,6,6
wine,29,2,0.5,certified_random,8,8,8
wine,29,2,0.5,coerror,8,7,8
wine,29,2,0.5,coerror_greedy,8,7,8
wine,29,2,0.5,coerror_no_cert,8,7,8
wine,29,2,0.5,covariance_only,8,7,8
wine,29,2,0.5,direct_squared,8,7,8
wine,29,2,0.5,minimax,8,8,8
wine,29,2,0.5,prediction_correlation,8,8,8
wine,29,2,0.5,quality_diversity,8,7,8
wine,29,2,0.5,random_subspace,8,8,8
wine,29,2,0.5,shrinkage,8,7,8
wine,29,2,0.5,signed_correlation,8,8,8
wine,29,2,0.5,top_no_cert,8,7,8
wine,29,2,0.5,top_quality,8,7,8
