dataset,seed,fold,advantage,method,metric
breast_cancer,11,0,-0.0065096461119658056,abs_correlation,auroc
breast_cancer,11,1,-0.002307965439697246,abs_correlation,auroc
breast_cancer,11,2,-0.0012605042016805568,abs_correlation,auroc
breast_cancer,29,0,-0.005030181086519092,abs_correlation,auroc
breast_cancer,29,1,-0.00692389631909085,abs_correlation,auroc
breast_cancer,29,2,-0.004501800720287941,abs_correlation,auroc
breast_cancer,11,0,-0.007929932536394735,caruana,auroc
breast_cancer,11,1,-0.006272931707894447,caruana,auroc
breast_cancer,11,2,0.01326530612244925,caruana,auroc
breast_cancer,29,0,-0.014913007456503813,caruana,auroc
breast_cancer,29,1,-0.0031364658539472234,caruana,auroc
breast_cancer,29,2,-0.006242496998799529,caruana,auroc
breast_cancer,11,0,0.0,catboost,auroc
breast_cancer,11,1,0.0,catboost,auroc
breast_cancer,11,2,0.0,catboost,auroc
breast_cancer,29,0,0.0,catboost,auroc
breast_cancer,29,1,0.0,catboost,auroc
breast_cancer,29,2,0.0,catboost,auroc
breast_cancer,11,0,0.007397325127234011,certified_random,auroc
breast_cancer,11,1,-0.03071369392827561,certified_random,auroc
breast_cancer,11,2,0.010684273709483771,certified_random,auroc
breast_cancer,29,0,-0.0009468576162859899,certified_random,auroc
breast_cancer,29,1,-0.006391288909930015,certified_random,auroc
breast_cancer,29,2,-0.0031212484993999867,certified_random,auroc
breast_cancer,11,0,-0.013611078234110785,coerror,auroc
breast_cancer,11,1,-0.009823647768966381,coerror,auroc
breast_cancer,11,2,0.007803121248499578,coerror,auroc
breast_cancer,29,0,-0.015504793466682654,coerror,auroc
breast_cancer,29,1,-0.002012072434607659,coerror,auroc
breast_cancer,29,2,-0.006122448979592021,coerror,auroc
breast_cancer,11,0,-0.013611078234110785,coerror_greedy,auroc
breast_cancer,11,1,-0.01118475559237797,coerror_greedy,auroc
breast_cancer,11,2,0.007803121248499578,coerror_greedy,auroc
breast_cancer,29,0,-0.011007219789324396,coerror_greedy,auroc
breast_cancer,29,1,-0.0018937152325719797,coerror_greedy,auroc
breast_cancer,29,2,-0.005162064825930401,coerror_greedy,auroc
breast_cancer,11,0,-0.013611078234110785,coerror_no_cert,auroc
breast_cancer,11,1,-0.009823647768966381,coerror_no_cert,auroc
breast_cancer,11,2,0.007803121248499578,coerror_no_cert,auroc
breast_cancer,29,0,-0.015504793466682654,coerror_no_cert,auroc
breast_cancer,29,1,-0.002012072434607659,coerror_no_cert,auroc
breast_cancer,29,2,-0.006122448979592021,coerror_no_cert,auroc
breast_cancer,11,0,-0.013611078234110785,covariance_only,auroc
breast_cancer,11,1,-0.009823647768966381,covariance_only,auroc
breast_cancer,11,2,0.007803121248499578,covariance_only,auroc
breast_cancer,29,0,-0.018404544916558185,covariance_only,auroc
breast_cancer,29,1,-0.002012072434607659,covariance_only,auroc
breast_cancer,29,2,-0.006122448979592021,covariance_only,auroc
breast_cancer,11,0,-0.03858444786365245,direct_auroc,auroc
breast_cancer,11,1,-0.009823647768966604,direct_auroc,auroc
breast_cancer,11,2,-0.00582232893157264,direct_auroc,auroc
breast_cancer,29,0,-0.010178719375073975,direct_auroc,auroc
breast_cancer,29,1,-0.00331400165700102,direct_auroc,auroc
breast_cancer,29,2,-0.0074429771908763875,direct_auroc,auroc
breast_cancer,11,0,-0.013611078234110785,direct_squared,auroc
breast_cancer,11,1,-0.01118475559237797,direct_squared,auroc
breast_cancer,11,2,0.007803121248499578,direct_squared,auroc
breast_cancer,29,0,-0.011007219789324396,direct_squared,auroc
breast_cancer,29,1,-0.0018937152325719797,direct_squared,auroc
breast_cancer,29,2,-0.005162064825930401,direct_squared,auroc
breast_cancer,11,0,0.0,et_shallow,auroc
breast_cancer,11,1,0.0,et_shallow,auroc
breast_cancer,11,2,0.0,et_shallow,auroc
breast_cancer,29,0,0.0,et_shallow,auroc
breast_cancer,29,1,0.0,et_shallow,auroc
breast_cancer,29,2,0.0,et_shallow,auroc
breast_cancer,11,0,0.0,extra_trees,auroc
breast_cancer,11,1,0.0,extra_trees,auroc
breast_cancer,11,2,0.0,extra_trees,auroc
breast_cancer,29,0,0.0,extra_trees,auroc
breast_cancer,29,1,0.0,extra_trees,auroc
breast_cancer,29,2,0.0,extra_trees,auroc
breast_cancer,11,0,0.0,lightgbm,auroc
breast_cancer,11,1,0.0,lightgbm,auroc
breast_cancer,11,2,0.0,lightgbm,auroc
breast_cancer,29,0,0.0,lightgbm,auroc
breast_cancer,29,1,0.0,lightgbm,auroc
breast_cancer,29,2,0.0,lightgbm,auroc
breast_cancer,11,0,0.0,linear,auroc
breast_cancer,11,1,0.0,linear,auroc
breast_cancer,11,2,0.0,linear,auroc
breast_cancer,29,0,0.0,linear,auroc
breast_cancer,29,1,0.0,linear,auroc
breast_cancer,29,2,0.0,linear,auroc
breast_cancer,11,0,-0.008285004142501995,minimax,auroc
breast_cancer,11,1,-0.0024263226417328143,minimax,auroc
breast_cancer,11,2,0.00012004801920773023,minimax,auroc
breast_cancer,29,0,-0.011539827198485009,minimax,auroc
breast_cancer,29,1,-0.003314001657000798,minimax,auroc
breast_cancer,29,2,-0.0011404561824729376,minimax,auroc
breast_cancer,11,0,0.009409397561841781,prediction_correlation,auroc
breast_cancer,11,1,0.025565155639720838,prediction_correlation,auroc
breast_cancer,11,2,0.037995198079231796,prediction_correlation,auroc
breast_cancer,29,0,0.039708841282992124,prediction_correlation,auroc
breast_cancer,29,1,0.03456030299443724,prediction_correlation,auroc
breast_cancer,29,2,0.025630252100840356,prediction_correlation,auroc
breast_cancer,11,0,0.001301929222393139,quality_diversity,auroc
breast_cancer,11,1,-0.003964966268197423,quality_diversity,auroc
breast_cancer,11,2,0.008523409363745627,quality_diversity,auroc
breast_cancer,29,0,-0.013256006628003192,quality_diversity,auroc
breast_cancer,29,1,-0.003609894662090163,quality_diversity,auroc
breast_cancer,29,2,-0.0049819927971188616,quality_diversity,auroc
breast_cancer,11,0,0.0,random_forest,auroc
breast_cancer,11,1,0.0,random_forest,auroc
breast_cancer,11,2,0.0,random_forest,auroc
breast_cancer,29,0,0.0,random_forest,auroc
breast_cancer,29,1,0.0,random_forest,auroc
breast_cancer,29,2,0.0,random_forest,auroc
breast_cancer,11,0,-0.018996330926736804,random_patches,auroc
breast_cancer,11,1,-0.006272931707894447,random_patches,auroc
breast_cancer,11,2,-0.001980792316926827,random_patches,auroc
breast_cancer,29,0,-0.007042253521126751,random_patches,auroc
breast_cancer,29,1,0.0041425020712512195,random_patches,auroc
breast_cancer,29,2,0.00450180072028783,random_patches,auroc
breast_cancer,11,0,0.007397325127234011,random_subspace,auroc
breast_cancer,11,1,-0.03071369392827561,random_subspace,auroc
breast_cancer,11,2,0.010684273709483771,random_subspace,auroc
breast_cancer,29,0,-0.0009468576162859899,random_subspace,auroc
breast_cancer,29,1,-0.005858681500769403,random_subspace,auroc
breast_cancer,29,2,-0.0031212484993999867,random_subspace,auroc
breast_cancer,11,0,0.0,rf_shallow,auroc
breast_cancer,11,1,0.0,rf_shallow,auroc
breast_cancer,11,2,0.0,rf_shallow,auroc
breast_cancer,29,0,0.0,rf_shallow,auroc
breast_cancer,29,1,0.0,rf_shallow,auroc
breast_cancer,29,2,0.0,rf_shallow,auroc
breast_cancer,11,0,-0.013611078234110785,shrinkage,auroc
breast_cancer,11,1,-0.005444431293643914,shrinkage,auroc
breast_cancer,11,2,0.007803121248499578,shrinkage,auroc
breast_cancer,29,0,-0.014439578648360651,shrinkage,auroc
breast_cancer,29,1,-0.00224878683867924,shrinkage,auroc
breast_cancer,29,2,-0.005522208883553592,shrinkage,auroc
breast_cancer,11,0,-0.0065096461119658056,signed_correlation,auroc
breast_cancer,11,1,-0.002307965439697246,signed_correlation,auroc
breast_cancer,11,2,-0.0012605042016805568,signed_correlation,auroc
breast_cancer,29,0,-0.005030181086519092,signed_correlation,auroc
breast_cancer,29,1,-0.00692389631909085,signed_correlation,auroc
breast_cancer,29,2,-0.004501800720287941,signed_correlation,auroc
breast_cancer,11,0,-0.01964729553793343,top_no_cert,auroc
breast_cancer,11,1,-0.014380400047342978,top_no_cert,auroc
breast_cancer,11,2,0.004201680672269004,top_no_cert,auroc
breast_cancer,29,0,-0.016214936678896952,top_no_cert,auroc
breast_cancer,29,1,-0.004379216475322356,top_no_cert,auroc
breast_cancer,29,2,0.010864345738295422,top_no_cert,auroc
breast_cancer,11,0,-0.01964729553793343,top_quality,auroc
breast_cancer,11,1,-0.014380400047342978,top_quality,auroc
breast_cancer,11,2,0.004201680672269004,top_quality,auroc
breast_cancer,29,0,-0.016214936678896952,top_quality,auroc
breast_cancer,29,1,-0.004379216475322356,top_quality,auroc
breast_cancer,29,2,0.010864345738295422,top_quality,auroc
breast_cancer,11,0,0.0,xgboost,auroc
breast_cancer,11,1,0.0,xgboost,auroc
breast_cancer,11,2,0.0,xgboost,auroc
breast_cancer,29,0,0.0,xgboost,auroc
breast_cancer,29,1,0.0,xgboost,auroc
breast_cancer,29,2,0.0,xgboost,auroc
breast_cancer,11,0,0.006091973656288399,abs_correlation,brier
breast_cancer,11,1,0.005038978954576001,abs_correlation,brier
breast_cancer,11,2,0.01247002947017,abs_correlation,brier
breast_cancer,29,0,0.018934208004926602,abs_correlation,brier
breast_cancer,29,1,0.011493408521338802,abs_correlation,brier
breast_cancer,29,2,0.0054307154989898035,abs_correlation,brier
breast_cancer,11,0,0.003030464389182301,caruana,brier
breast_cancer,11,1,-0.009392234741838396,caruana,brier
breast_cancer,11,2,0.0046583478152986,caruana,brier
breast_cancer,29,0,-0.0015398479522973005,caruana,brier
breast_cancer,29,1,-0.0037612961359156025,caruana,brier
breast_cancer,29,2,0.0029417661927628944,caruana,brier
breast_cancer,11,0,-0.0,catboost,brier
breast_cancer,11,1,-0.0,catboost,brier
breast_cancer,11,2,-0.0,catboost,brier
breast_cancer,29,0,-0.0,catboost,brier
breast_cancer,29,1,-0.0,catboost,brier
breast_cancer,29,2,-0.0,catboost,brier
breast_cancer,11,0,0.005375946279040596,certified_random,brier
breast_cancer,11,1,-0.007269219008175398,certified_random,brier
breast_cancer,11,2,0.0276116763195679,certified_random,brier
breast_cancer,29,0,0.021822451524511198,certified_random,brier
breast_cancer,29,1,0.0019922280288761987,certified_random,brier
breast_cancer,29,2,0.005726256934725803,certified_random,brier
breast_cancer,11,0,0.0014631678584638985,coerror,brier
breast_cancer,11,1,-0.0108487365509045,coerror,brier
breast_cancer,11,2,0.006487658092072697,coerror,brier
breast_cancer,29,0,-0.005499309716925603,coerror,brier
breast_cancer,29,1,0.0027340189141590032,coerror,brier
breast_cancer,29,2,0.0034292649868103015,coerror,brier
breast_cancer,11,0,0.0014631678584638985,coerror_greedy,brier
breast_cancer,11,1,-0.010527852822803004,coerror_greedy,brier
breast_cancer,11,2,0.006487658092072697,coerror_greedy,brier
breast_cancer,29,0,-0.0017667531757055988,coerror_greedy,brier
breast_cancer,29,1,0.0024788457440016037,coerror_greedy,brier
breast_cancer,29,2,0.0028359600437576973,coerror_greedy,brier
breast_cancer,11,0,0.0014631678584638985,coerror_no_cert,brier
breast_cancer,11,1,-0.0108487365509045,coerror_no_cert,brier
breast_cancer,11,2,0.006487658092072697,coerror_no_cert,brier
breast_cancer,29,0,-0.005499309716925603,coerror_no_cert,brier
breast_cancer,29,1,0.0027340189141590032,coerror_no_cert,brier
breast_cancer,29,2,0.0034292649868103015,coerror_no_cert,brier
breast_cancer,11,0,0.0014631678584638985,covariance_only,brier
breast_cancer,11,1,-0.0108487365509045,covariance_only,brier
breast_cancer,11,2,0.006487658092072697,covariance_only,brier
breast_cancer,29,0,-0.0052871949014286004,covariance_only,brier
breast_cancer,29,1,0.0025719589242454016,covariance_only,brier
breast_cancer,29,2,0.0034292649868103015,covariance_only,brier
breast_cancer,11,0,-0.014991602272744098,direct_auroc,brier
breast_cancer,11,1,0.005413390719509602,direct_auroc,brier
breast_cancer,11,2,0.007435102686103999,direct_auroc,brier
breast_cancer,29,0,-0.0056985084308269,direct_auroc,brier
breast_cancer,29,1,0.009520784837279798,direct_auroc,brier
breast_cancer,29,2,0.0131880339766959,direct_auroc,brier
breast_cancer,11,0,0.0014631678584638985,direct_squared,brier
breast_cancer,11,1,-0.010527852822803004,direct_squared,brier
breast_cancer,11,2,0.006487658092072697,direct_squared,brier
breast_cancer,29,0,-0.0017667531757055988,direct_squared,brier
breast_cancer,29,1,0.0024788457440016037,direct_squared,brier
breast_cancer,29,2,0.0028359600437576973,direct_squared,brier
breast_cancer,11,0,-0.0,et_shallow,brier
breast_cancer,11,1,-0.0,et_shallow,brier
breast_cancer,11,2,-0.0,et_shallow,brier
breast_cancer,29,0,-0.0,et_shallow,brier
breast_cancer,29,1,-0.0,et_shallow,brier
breast_cancer,29,2,-0.0,et_shallow,brier
breast_cancer,11,0,-0.0,extra_trees,brier
breast_cancer,11,1,-0.0,extra_trees,brier
breast_cancer,11,2,-0.0,extra_trees,brier
breast_cancer,29,0,-0.0,extra_trees,brier
breast_cancer,29,1,-0.0,extra_trees,brier
breast_cancer,29,2,-0.0,extra_trees,brier
breast_cancer,11,0,-0.0,lightgbm,brier
breast_cancer,11,1,-0.0,lightgbm,brier
breast_cancer,11,2,-0.0,lightgbm,brier
breast_cancer,29,0,-0.0,lightgbm,brier
breast_cancer,29,1,-0.0,lightgbm,brier
breast_cancer,29,2,-0.0,lightgbm,brier
breast_cancer,11,0,-0.0,linear,brier
breast_cancer,11,1,-0.0,linear,brier
breast_cancer,11,2,-0.0,linear,brier
breast_cancer,29,0,-0.0,linear,brier
breast_cancer,29,1,-0.0,linear,brier
breast_cancer,29,2,-0.0,linear,brier
breast_cancer,11,0,0.007941070482768299,minimax,brier
breast_cancer,11,1,0.010144619520368998,minimax,brier
breast_cancer,11,2,0.023476636670921102,minimax,brier
breast_cancer,29,0,0.023600318987979402,minimax,brier
breast_cancer,29,1,0.02371211603404029,minimax,brier
breast_cancer,29,2,0.0103484040313956,minimax,brier
breast_cancer,11,0,0.06305844666378119,prediction_correlation,brier
breast_cancer,11,1,0.08421490013757511,prediction_correlation,brier
breast_cancer,11,2,0.09308481571519,prediction_correlation,brier
breast_cancer,29,0,0.1092537209811881,prediction_correlation,brier
breast_cancer,29,1,0.08611441735314619,prediction_correlation,brier
breast_cancer,29,2,0.09007004093562399,prediction_correlation,brier
breast_cancer,11,0,-0.0018242892579611938,quality_diversity,brier
breast_cancer,11,1,-0.0032837497424883025,quality_diversity,brier
breast_cancer,11,2,0.007474415229734098,quality_diversity,brier
breast_cancer,29,0,-0.007958696973718302,quality_diversity,brier
breast_cancer,29,1,0.0005322229971467043,quality_diversity,brier
breast_cancer,29,2,0.003769303934540301,quality_diversity,brier
breast_cancer,11,0,-0.0,random_forest,brier
breast_cancer,11,1,-0.0,random_forest,brier
breast_cancer,11,2,-0.0,random_forest,brier
breast_cancer,29,0,-0.0,random_forest,brier
breast_cancer,29,1,-0.0,random_forest,brier
breast_cancer,29,2,-0.0,random_forest,brier
breast_cancer,11,0,0.005495453311982097,random_patches,brier
breast_cancer,11,1,0.020022305570750805,random_patches,brier
breast_cancer,11,2,0.0092344536748772,random_patches,brier
breast_cancer,29,0,0.005930095051500099,random_patches,brier
breast_cancer,29,1,0.011706925643172703,random_patches,brier
breast_cancer,29,2,0.0243315132130454,random_patches,brier
breast_cancer,11,0,0.005375946279040596,random_subspace,brier
breast_cancer,11,1,-0.007269219008175398,random_subspace,brier
breast_cancer,11,2,0.0276116763195679,random_subspace,brier
breast_cancer,29,0,0.021822451524511198,random_subspace,brier
breast_cancer,29,1,0.002394511426141596,random_subspace,brier
breast_cancer,29,2,0.005726256934725803,random_subspace,brier
breast_cancer,11,0,-0.0,rf_shallow,brier
breast_cancer,11,1,-0.0,rf_shallow,brier
breast_cancer,11,2,-0.0,rf_shallow,brier
breast_cancer,29,0,-0.0,rf_shallow,brier
breast_cancer,29,1,-0.0,rf_shallow,brier
breast_cancer,29,2,-0.0,rf_shallow,brier
breast_cancer,11,0,0.0014631678584638985,shrinkage,brier
breast_cancer,11,1,-0.009275152401914497,shrinkage,brier
breast_cancer,11,2,0.006487658092072697,shrinkage,brier
breast_cancer,29,0,-0.004829745437407898,shrinkage,brier
breast_cancer,29,1,0.002018419641259199,shrinkage,brier
breast_cancer,29,2,0.005043381624004702,shrinkage,brier
breast_cancer,11,0,0.006091973656288399,signed_correlation,brier
breast_cancer,11,1,0.005038978954576001,signed_correlation,brier
breast_cancer,11,2,0.01247002947017,signed_correlation,brier
breast_cancer,29,0,0.018934208004926602,signed_correlation,brier
breast_cancer,29,1,0.011493408521338802,signed_correlation,brier
breast_cancer,29,2,0.0054307154989898035,signed_correlation,brier
breast_cancer,11,0,-0.012117726659948605,top_no_cert,brier
breast_cancer,11,1,-0.005623189421443894,top_no_cert,brier
breast_cancer,11,2,0.003458229420649203,top_no_cert,brier
breast_cancer,29,0,-0.0222368951007692,top_no_cert,brier
breast_cancer,29,1,0.0044903169094948,top_no_cert,brier
breast_cancer,29,2,0.012322812622584799,top_no_cert,brier
breast_cancer,11,0,-0.012117726659948605,top_quality,brier
breast_cancer,11,1,-0.005623189421443894,top_quality,brier
breast_cancer,11,2,0.003458229420649203,top_quality,brier
breast_cancer,29,0,-0.0222368951007692,top_quality,brier
breast_cancer,29,1,0.0044903169094948,top_quality,brier
breast_cancer,29,2,0.012322812622584799,top_quality,brier
breast_cancer,11,0,-0.0,xgboost,brier
breast_cancer,11,1,-0.0,xgboost,brier
breast_cancer,11,2,-0.0,xgboost,brier
breast_cancer,29,0,-0.0,xgboost,brier
breast_cancer,29,1,-0.0,xgboost,brier
breast_cancer,29,2,-0.0,xgboost,brier
diabetes,11,0,2.9948096051045283,abs_correlation,rmse
diabetes,11,1,-1.82466488261489,abs_correlation,rmse
diabetes,11,2,0.9208044232435526,abs_correlation,rmse
diabetes,29,0,1.6754842368376544,abs_correlation,rmse
diabetes,29,1,3.840355043735272,abs_correlation,rmse
diabetes,29,2,-0.19002957609680493,abs_correlation,rmse
diabetes,11,0,4.0537149461837885,affine_profiled,rmse
diabetes,11,1,-2.9584611519912656,affine_profiled,rmse
diabetes,11,2,-2.1128742403754757,affine_profiled,rmse
diabetes,29,0,1.4160059435569252,affine_profiled,rmse
diabetes,29,1,-1.1422964202681598,affine_profiled,rmse
diabetes,29,2,-3.1856493855751182,affine_profiled,rmse
diabetes,11,0,3.0459642077696287,caruana,rmse
diabetes,11,1,-1.7634288418649717,caruana,rmse
diabetes,11,2,0.8565043617148262,caruana,rmse
diabetes,29,0,3.012746246578061,caruana,rmse
diabetes,29,1,2.7498209688369926,caruana,rmse
diabetes,29,2,-1.6906822833204131,caruana,rmse
diabetes,11,0,-0.0,catboost,rmse
diabetes,11,1,-0.0,catboost,rmse
diabetes,11,2,-0.0,catboost,rmse
diabetes,29,0,-0.0,catboost,rmse
diabetes,29,1,-0.0,catboost,rmse
diabetes,29,2,-0.0,catboost,rmse
diabetes,11,0,3.4856365382545675,certified_random,rmse
diabetes,11,1,0.24444772980153573,certified_random,rmse
diabetes,11,2,5.510964136240425,certified_random,rmse
diabetes,29,0,8.085288218702388,certified_random,rmse
diabetes,29,1,5.61988610119586,certified_random,rmse
diabetes,29,2,1.5841471568614125,certified_random,rmse
diabetes,11,0,2.754131874597455,coerror,rmse
diabetes,11,1,-1.4365014038196975,coerror,rmse
diabetes,11,2,1.5860806695467957,coerror,rmse
diabetes,29,0,0.6745131964031614,coerror,rmse
diabetes,29,1,2.472481399136619,coerror,rmse
diabetes,29,2,-1.523188180185592,coerror,rmse
diabetes,11,0,3.0007529324826834,coerror_greedy,rmse
diabetes,11,1,-1.7460941149428422,coerror_greedy,rmse
diabetes,11,2,1.6614306257461209,coerror_greedy,rmse
diabetes,29,0,1.8635326772629952,coerror_greedy,rmse
diabetes,29,1,2.7498209688369926,coerror_greedy,rmse
diabetes,29,2,-1.5267591483176872,coerror_greedy,rmse
diabetes,11,0,3.2910886349795376,coerror_no_cert,rmse
diabetes,11,1,-1.4365014038196975,coerror_no_cert,rmse
diabetes,11,2,1.5860806695467957,coerror_no_cert,rmse
diabetes,29,0,1.6477555248852127,coerror_no_cert,rmse
diabetes,29,1,2.472481399136619,coerror_no_cert,rmse
diabetes,29,2,-1.523188180185592,coerror_no_cert,rmse
diabetes,11,0,3.568536013313299,coerror_no_cert_affine,rmse
diabetes,11,1,-2.579039563391767,coerror_no_cert_affine,rmse
diabetes,11,2,0.19352829959306916,coerror_no_cert_affine,rmse
diabetes,29,0,-0.15894703985839698,coerror_no_cert_affine,rmse
diabetes,29,1,0.4018451028347485,coerror_no_cert_affine,rmse
diabetes,29,2,-2.000660547345845,coerror_no_cert_affine,rmse
diabetes,11,0,2.754131874597455,covariance_only,rmse
diabetes,11,1,-1.4365014038196975,covariance_only,rmse
diabetes,11,2,1.5860806695467957,covariance_only,rmse
diabetes,29,0,0.6745131964031614,covariance_only,rmse
diabetes,29,1,2.472481399136619,covariance_only,rmse
diabetes,29,2,-1.523188180185592,covariance_only,rmse
diabetes,11,0,3.0007529324826834,direct_squared,rmse
diabetes,11,1,-1.7460941149428422,direct_squared,rmse
diabetes,11,2,1.6614306257461138,direct_squared,rmse
diabetes,29,0,1.863532677262988,direct_squared,rmse
diabetes,29,1,2.7498209688369926,direct_squared,rmse
diabetes,29,2,-1.5267591483176801,direct_squared,rmse
diabetes,11,0,-0.0,et_shallow,rmse
diabetes,11,1,-0.0,et_shallow,rmse
diabetes,11,2,-0.0,et_shallow,rmse
diabetes,29,0,-0.0,et_shallow,rmse
diabetes,29,1,-0.0,et_shallow,rmse
diabetes,29,2,-0.0,et_shallow,rmse
diabetes,11,0,-0.0,extra_trees,rmse
diabetes,11,1,-0.0,extra_trees,rmse
diabetes,11,2,-0.0,extra_trees,rmse
diabetes,29,0,-0.0,extra_trees,rmse
diabetes,29,1,-0.0,extra_trees,rmse
diabetes,29,2,-0.0,extra_trees,rmse
diabetes,11,0,-0.0,lightgbm,rmse
diabetes,11,1,-0.0,lightgbm,rmse
diabetes,11,2,-0.0,lightgbm,rmse
diabetes,29,0,-0.0,lightgbm,rmse
diabetes,29,1,-0.0,lightgbm,rmse
diabetes,29,2,-0.0,lightgbm,rmse
diabetes,11,0,-0.0,linear,rmse
diabetes,11,1,-0.0,linear,rmse
diabetes,11,2,-0.0,linear,rmse
diabetes,29,0,-0.0,linear,rmse
diabetes,29,1,-0.0,linear,rmse
diabetes,29,2,-0.0,linear,rmse
diabetes,11,0,2.770621531929372,minimax,rmse
diabetes,11,1,-0.3810753242464031,minimax,rmse
diabetes,11,2,0.2889551906816976,minimax,rmse
diabetes,29,0,1.3312034164940272,minimax,rmse
diabetes,29,1,4.702867777074246,minimax,rmse
diabetes,29,2,5.364858227612821,minimax,rmse
diabetes,11,0,2.8423752471104677,prediction_correlation,rmse
diabetes,11,1,-1.2401114585185908,prediction_correlation,rmse
diabetes,11,2,-0.5464734521064756,prediction_correlation,rmse
diabetes,29,0,0.05640018699898519,prediction_correlation,rmse
diabetes,29,1,4.188943685611221,prediction_correlation,rmse
diabetes,29,2,1.244417793573561,prediction_correlation,rmse
diabetes,11,0,3.7957163561897076,quality_diversity,rmse
diabetes,11,1,5.864457042712267,quality_diversity,rmse
diabetes,11,2,-0.27386792789224756,quality_diversity,rmse
diabetes,29,0,-0.6708555536949916,quality_diversity,rmse
diabetes,29,1,1.3002403384533636,quality_diversity,rmse
diabetes,29,2,-1.4437182888592517,quality_diversity,rmse
diabetes,11,0,-0.0,random_forest,rmse
diabetes,11,1,-0.0,random_forest,rmse
diabetes,11,2,-0.0,random_forest,rmse
diabetes,29,0,-0.0,random_forest,rmse
diabetes,29,1,-0.0,random_forest,rmse
diabetes,29,2,-0.0,random_forest,rmse
diabetes,11,0,11.365778726388228,random_patches,rmse
diabetes,11,1,9.859403887862427,random_patches,rmse
diabetes,11,2,7.634323581267864,random_patches,rmse
diabetes,29,0,13.214828040052964,random_patches,rmse
diabetes,29,1,6.526261773088571,random_patches,rmse
diabetes,29,2,8.866439924286851,random_patches,rmse
diabetes,11,0,9.588167289104689,random_subspace,rmse
diabetes,11,1,4.06061999542721,random_subspace,rmse
diabetes,11,2,10.487612941028402,random_subspace,rmse
diabetes,29,0,12.322727218944081,random_subspace,rmse
diabetes,29,1,10.195302783421937,random_subspace,rmse
diabetes,29,2,4.197528028653501,random_subspace,rmse
diabetes,11,0,-0.0,rf_shallow,rmse
diabetes,11,1,-0.0,rf_shallow,rmse
diabetes,11,2,-0.0,rf_shallow,rmse
diabetes,29,0,-0.0,rf_shallow,rmse
diabetes,29,1,-0.0,rf_shallow,rmse
diabetes,29,2,-0.0,rf_shallow,rmse
diabetes,11,0,3.15678789796808,shrinkage,rmse
diabetes,11,1,-1.748168258497948,shrinkage,rmse
diabetes,11,2,1.6614306257461209,shrinkage,rmse
diabetes,29,0,2.1726142689334296,shrinkage,rmse
diabetes,29,1,2.3275854625530386,shrinkage,rmse
diabetes,29,2,-1.523188180185592,shrinkage,rmse
diabetes,11,0,2.9948096051045283,signed_correlation,rmse
diabetes,11,1,-1.82466488261489,signed_correlation,rmse
diabetes,11,2,0.9208044232435526,signed_correlation,rmse
diabetes,29,0,1.6754842368376544,signed_correlation,rmse
diabetes,29,1,3.840355043735272,signed_correlation,rmse
diabetes,29,2,-0.19002957609680493,signed_correlation,rmse
diabetes,11,0,5.458983307087557,top_no_cert,rmse
diabetes,11,1,6.032900816770237,top_no_cert,rmse
diabetes,11,2,9.281275398293594,top_no_cert,rmse
diabetes,29,0,-0.8898265610726455,top_no_cert,rmse
diabetes,29,1,3.844821643228144,top_no_cert,rmse
diabetes,29,2,3.1105788199147852,top_no_cert,rmse
diabetes,11,0,5.458983307087557,top_quality,rmse
diabetes,11,1,6.032900816770237,top_quality,rmse
diabetes,11,2,9.281275398293594,top_quality,rmse
diabetes,29,0,-0.8898265610726455,top_quality,rmse
diabetes,29,1,3.844821643228144,top_quality,rmse
diabetes,29,2,3.1105788199147852,top_quality,rmse
diabetes,11,0,-0.0,xgboost,rmse
diabetes,11,1,-0.0,xgboost,rmse
diabetes,11,2,-0.0,xgboost,rmse
diabetes,29,0,-0.0,xgboost,rmse
diabetes,29,1,-0.0,xgboost,rmse
diabetes,29,2,-0.0,xgboost,rmse
diabetes,11,0,0.0534602892683429,abs_correlation,normalized_squared_loss
diabetes,11,1,-0.04193784180968929,abs_correlation,normalized_squared_loss
diabetes,11,2,0.01876610663927314,abs_correlation,normalized_squared_loss
diabetes,29,0,0.031247213564292387,abs_correlation,normalized_squared_loss
diabetes,29,1,0.07397795807355634,abs_correlation,normalized_squared_loss
diabetes,29,2,-0.004232406141220557,abs_correlation,normalized_squared_loss
diabetes,11,0,0.06769224915016708,affine_profiled,normalized_squared_loss
diabetes,11,1,-0.06634382489247548,affine_profiled,normalized_squared_loss
diabetes,11,2,-0.044023194336018756,affine_profiled,normalized_squared_loss
diabetes,29,0,0.02547650979744087,affine_profiled,normalized_squared_loss
diabetes,29,1,-0.020819027948099478,affine_profiled,normalized_squared_loss
diabetes,29,2,-0.07171327264631544,affine_profiled,normalized_squared_loss
diabetes,11,0,0.05388803926538821,caruana,normalized_squared_loss
diabetes,11,1,-0.04031306373117227,caruana,normalized_squared_loss
diabetes,11,2,0.017465747108320162,caruana,normalized_squared_loss
diabetes,29,0,0.05517884390882244,caruana,normalized_squared_loss
diabetes,29,1,0.05181605141083889,caruana,normalized_squared_loss
diabetes,29,2,-0.037715436370739486,caruana,normalized_squared_loss
diabetes,11,0,-0.0,catboost,normalized_squared_loss
diabetes,11,1,-0.0,catboost,normalized_squared_loss
diabetes,11,2,-0.0,catboost,normalized_squared_loss
diabetes,29,0,-0.0,catboost,normalized_squared_loss
diabetes,29,1,-0.0,catboost,normalized_squared_loss
diabetes,29,2,-0.0,catboost,normalized_squared_loss
diabetes,11,0,0.06121802023179901,certified_random,normalized_squared_loss
diabetes,11,1,0.005601613790522153,certified_random,normalized_squared_loss
diabetes,11,2,0.1228067496909725,certified_random,normalized_squared_loss
diabetes,29,0,0.15675495364629677,certified_random,normalized_squared_loss
diabetes,29,1,0.11321848436572968,certified_random,normalized_squared_loss
diabetes,29,2,0.035073944390688894,certified_random,normalized_squared_loss
diabetes,11,0,0.048424653015424646,coerror,normalized_squared_loss
diabetes,11,1,-0.032747010317537684,coerror,normalized_squared_loss
diabetes,11,2,0.03213767807806589,coerror,normalized_squared_loss
diabetes,29,0,0.012392585772846187,coerror,normalized_squared_loss
diabetes,29,1,0.046709191326338495,coerror,normalized_squared_loss
diabetes,29,2,-0.03393489566253882,coerror,normalized_squared_loss
diabetes,11,0,0.05265766897956925,coerror_greedy,normalized_squared_loss
diabetes,11,1,-0.039910832982559596,coerror_greedy,normalized_squared_loss
diabetes,11,2,0.03364220970355125,coerror_greedy,normalized_squared_loss
diabetes,29,0,0.03391275361728996,coerror_greedy,normalized_squared_loss
diabetes,29,1,0.05181605141083889,coerror_greedy,normalized_squared_loss
diabetes,29,2,-0.03401346809524064,coerror_greedy,normalized_squared_loss
diabetes,11,0,0.05811217784582878,coerror_no_cert,normalized_squared_loss
diabetes,11,1,-0.032747010317537684,coerror_no_cert,normalized_squared_loss
diabetes,11,2,0.03213767807806589,coerror_no_cert,normalized_squared_loss
diabetes,29,0,0.03050901608386014,coerror_no_cert,normalized_squared_loss
diabetes,29,1,0.046709191326338495,coerror_no_cert,normalized_squared_loss
diabetes,29,2,-0.03393489566253882,coerror_no_cert,normalized_squared_loss
diabetes,11,0,0.06025462529196057,coerror_no_cert_affine,normalized_squared_loss
diabetes,11,1,-0.05852702926841513,coerror_no_cert_affine,normalized_squared_loss
diabetes,11,2,0.003974945387186235,coerror_no_cert_affine,normalized_squared_loss
diabetes,29,0,-0.0028091137159669266,coerror_no_cert_affine,normalized_squared_loss
diabetes,29,1,0.007335984489625802,coerror_no_cert_affine,normalized_squared_loss
diabetes,29,2,-0.04496007368717103,coerror_no_cert_affine,normalized_squared_loss
diabetes,11,0,0.048424653015424646,covariance_only,normalized_squared_loss
diabetes,11,1,-0.032747010317537684,covariance_only,normalized_squared_loss
diabetes,11,2,0.03213767807806589,covariance_only,normalized_squared_loss
diabetes,29,0,0.012392585772846187,covariance_only,normalized_squared_loss
diabetes,29,1,0.046709191326338495,covariance_only,normalized_squared_loss
diabetes,29,2,-0.03393489566253882,covariance_only,normalized_squared_loss
diabetes,11,0,0.05265766897956925,direct_squared,normalized_squared_loss
diabetes,11,1,-0.039910832982559596,direct_squared,normalized_squared_loss
diabetes,11,2,0.03364220970355103,direct_squared,normalized_squared_loss
diabetes,29,0,0.03391275361728985,direct_squared,normalized_squared_loss
diabetes,29,1,0.05181605141083889,direct_squared,normalized_squared_loss
diabetes,29,2,-0.03401346809524042,direct_squared,normalized_squared_loss
diabetes,11,0,-0.0,et_shallow,normalized_squared_loss
diabetes,11,1,-0.0,et_shallow,normalized_squared_loss
diabetes,11,2,-0.0,et_shallow,normalized_squared_loss
diabetes,29,0,-0.0,et_shallow,normalized_squared_loss
diabetes,29,1,-0.0,et_shallow,normalized_squared_loss
diabetes,29,2,-0.0,et_shallow,normalized_squared_loss
diabetes,11,0,-0.0,extra_trees,normalized_squared_loss
diabetes,11,1,-0.0,extra_trees,normalized_squared_loss
diabetes,11,2,-0.0,extra_trees,normalized_squared_loss
diabetes,29,0,-0.0,extra_trees,normalized_squared_loss
diabetes,29,1,-0.0,extra_trees,normalized_squared_loss
diabetes,29,2,-0.0,extra_trees,normalized_squared_loss
diabetes,11,0,-0.0,lightgbm,normalized_squared_loss
diabetes,11,1,-0.0,lightgbm,normalized_squared_loss
diabetes,11,2,-0.0,lightgbm,normalized_squared_loss
diabetes,29,0,-0.0,lightgbm,normalized_squared_loss
diabetes,29,1,-0.0,lightgbm,normalized_squared_loss
diabetes,29,2,-0.0,lightgbm,normalized_squared_loss
diabetes,11,0,-0.0,linear,normalized_squared_loss
diabetes,11,1,-0.0,linear,normalized_squared_loss
diabetes,11,2,-0.0,linear,normalized_squared_loss
diabetes,29,0,-0.0,linear,normalized_squared_loss
diabetes,29,1,-0.0,linear,normalized_squared_loss
diabetes,29,2,-0.0,linear,normalized_squared_loss
diabetes,11,0,0.04893653934953357,minimax,normalized_squared_loss
diabetes,11,1,-0.008702698291875421,minimax,normalized_squared_loss
diabetes,11,2,0.005762446501228813,minimax,normalized_squared_loss
diabetes,29,0,0.02518384863318901,minimax,normalized_squared_loss
diabetes,29,1,0.09285136970401175,minimax,normalized_squared_loss
diabetes,29,2,0.12239517490535845,minimax,normalized_squared_loss
diabetes,11,0,0.05135279701319695,prediction_correlation,normalized_squared_loss
diabetes,11,1,-0.02858654131477123,prediction_correlation,normalized_squared_loss
diabetes,11,2,-0.011368799585540157,prediction_correlation,normalized_squared_loss
diabetes,29,0,0.0010824479694890865,prediction_correlation,normalized_squared_loss
diabetes,29,1,0.0845561121280779,prediction_correlation,normalized_squared_loss
diabetes,29,2,0.02768867858546542,prediction_correlation,normalized_squared_loss
diabetes,11,0,0.06804150076358051,quality_diversity,normalized_squared_loss
diabetes,11,1,0.13971281900930865,quality_diversity,normalized_squared_loss
diabetes,11,2,-0.005712288866461357,quality_diversity,normalized_squared_loss
diabetes,29,0,-0.012294883469715967,quality_diversity,normalized_squared_loss
diabetes,29,1,0.02461765229063262,quality_diversity,normalized_squared_loss
diabetes,29,2,-0.03214367580350819,quality_diversity,normalized_squared_loss
diabetes,11,0,-0.0,random_forest,normalized_squared_loss
diabetes,11,1,-0.0,random_forest,normalized_squared_loss
diabetes,11,2,-0.0,random_forest,normalized_squared_loss
diabetes,29,0,-0.0,random_forest,normalized_squared_loss
diabetes,29,1,-0.0,random_forest,normalized_squared_loss
diabetes,29,2,-0.0,random_forest,normalized_squared_loss
diabetes,11,0,0.21309095122496058,random_patches,normalized_squared_loss
diabetes,11,1,0.2351441484903105,random_patches,normalized_squared_loss
diabetes,11,2,0.16716961131710917,random_patches,normalized_squared_loss
diabetes,29,0,0.2770969916060162,random_patches,normalized_squared_loss
diabetes,29,1,0.13461806574929647,random_patches,normalized_squared_loss
diabetes,29,2,0.20300002420298358,random_patches,normalized_squared_loss
diabetes,11,0,0.18009546895636908,random_subspace,normalized_squared_loss
diabetes,11,1,0.09725853776529814,random_subspace,normalized_squared_loss
diabetes,11,2,0.2299104824450916,random_subspace,normalized_squared_loss
diabetes,29,0,0.2458281251833826,random_subspace,normalized_squared_loss
diabetes,29,1,0.20591570991823765,random_subspace,normalized_squared_loss
diabetes,29,2,0.09628446279582503,random_subspace,normalized_squared_loss
diabetes,11,0,-0.0,rf_shallow,normalized_squared_loss
diabetes,11,1,-0.0,rf_shallow,normalized_squared_loss
diabetes,11,2,-0.0,rf_shallow,normalized_squared_loss
diabetes,29,0,-0.0,rf_shallow,normalized_squared_loss
diabetes,29,1,-0.0,rf_shallow,normalized_squared_loss
diabetes,29,2,-0.0,rf_shallow,normalized_squared_loss
diabetes,11,0,0.05532709848062256,shrinkage,normalized_squared_loss
diabetes,11,1,-0.039958954680137326,shrinkage,normalized_squared_loss
diabetes,11,2,0.03364220970355125,shrinkage,normalized_squared_loss
diabetes,29,0,0.039438879259206305,shrinkage,normalized_squared_loss
diabetes,29,1,0.04385775268955455,shrinkage,normalized_squared_loss
diabetes,29,2,-0.03393489566253882,shrinkage,normalized_squared_loss
diabetes,11,0,0.0534602892683429,signed_correlation,normalized_squared_loss
diabetes,11,1,-0.04193784180968929,signed_correlation,normalized_squared_loss
diabetes,11,2,0.01876610663927314,signed_correlation,normalized_squared_loss
diabetes,29,0,0.031247213564292387,signed_correlation,normalized_squared_loss
diabetes,29,1,0.07397795807355634,signed_correlation,normalized_squared_loss
diabetes,29,2,-0.004232406141220557,signed_correlation,normalized_squared_loss
diabetes,11,0,0.09912330049707019,top_no_cert,normalized_squared_loss
diabetes,11,1,0.143526061668535,top_no_cert,normalized_squared_loss
diabetes,11,2,0.21067381242857364,top_no_cert,normalized_squared_loss
diabetes,29,0,-0.01633660381202784,top_no_cert,normalized_squared_loss
diabetes,29,1,0.07578920775135234,top_no_cert,normalized_squared_loss
diabetes,29,2,0.07249134351746056,top_no_cert,normalized_squared_loss
diabetes,11,0,0.09912330049707019,top_quality,normalized_squared_loss
diabetes,11,1,0.143526061668535,top_quality,normalized_squared_loss
diabetes,11,2,0.21067381242857364,top_quality,normalized_squared_loss
diabetes,29,0,-0.01633660381202784,top_quality,normalized_squared_loss
diabetes,29,1,0.07578920775135234,top_quality,normalized_squared_loss
diabetes,29,2,0.07249134351746056,top_quality,normalized_squared_loss
diabetes,11,0,-0.0,xgboost,normalized_squared_loss
diabetes,11,1,-0.0,xgboost,normalized_squared_loss
diabetes,11,2,-0.0,xgboost,normalized_squared_loss
diabetes,29,0,-0.0,xgboost,normalized_squared_loss
diabetes,29,1,-0.0,xgboost,normalized_squared_loss
diabetes,29,2,-0.0,xgboost,normalized_squared_loss
wine,11,0,0.1865515664925625,abs_correlation,log_loss
wine,11,1,0.10596568506694382,abs_correlation,log_loss
wine,11,2,0.1311149971002669,abs_correlation,log_loss
wine,29,0,0.12173264170856798,abs_correlation,log_loss
wine,29,1,0.03586439076537362,abs_correlation,log_loss
wine,29,2,0.1297712634299709,abs_correlation,log_loss
wine,11,0,0.03650008477725589,caruana,log_loss
wine,11,1,-0.0021674453933838156,caruana,log_loss
wine,11,2,0.0747930892677432,caruana,log_loss
wine,29,0,0.05456372706787421,caruana,log_loss
wine,29,1,0.063449110308511,caruana,log_loss
wine,29,2,0.14770457251257652,caruana,log_loss
wine,11,0,-0.0,catboost,log_loss
wine,11,1,-0.0,catboost,log_loss
wine,11,2,-0.0,catboost,log_loss
wine,29,0,-0.0,catboost,log_loss
wine,29,1,-0.0,catboost,log_loss
wine,29,2,-0.0,catboost,log_loss
wine,11,0,0.2510192367887228,certified_random,log_loss
wine,11,1,0.2059098318833317,certified_random,log_loss
wine,11,2,0.3271921319356736,certified_random,log_loss
wine,29,0,0.2435970230500102,certified_random,log_loss
wine,29,1,0.3024837033607256,certified_random,log_loss
wine,29,2,0.3984815693637711,certified_random,log_loss
wine,11,0,0.03650008477725589,coerror,log_loss
wine,11,1,0.025280397828838785,coerror,log_loss
wine,11,2,0.0884172085275105,coerror,log_loss
wine,29,0,0.07154638445224498,coerror,log_loss
wine,29,1,0.056413679213439316,coerror,log_loss
wine,29,2,0.13917440129686418,coerror,log_loss
wine,11,0,0.03650008477725589,coerror_greedy,log_loss
wine,11,1,0.025280397828838785,coerror_greedy,log_loss
wine,11,2,0.0739347158311357,coerror_greedy,log_loss
wine,29,0,0.06701486533238538,coerror_greedy,log_loss
wine,29,1,0.0561621427947174,coerror_greedy,log_loss
wine,29,2,0.13917440129686418,coerror_greedy,log_loss
wine,11,0,0.03650008477725589,coerror_no_cert,log_loss
wine,11,1,0.025280397828838785,coerror_no_cert,log_loss
wine,11,2,0.0884172085275105,coerror_no_cert,log_loss
wine,29,0,0.07154638445224498,coerror_no_cert,log_loss
wine,29,1,0.056413679213439316,coerror_no_cert,log_loss
wine,29,2,0.13917440129686418,coerror_no_cert,log_loss
wine,11,0,0.03650008477725589,covariance_only,log_loss
wine,11,1,0.0161814210693888,covariance_only,log_loss
wine,11,2,0.0884172085275105,covariance_only,log_loss
wine,29,0,0.0899536647349124,covariance_only,log_loss
wine,29,1,0.05995625839909838,covariance_only,log_loss
wine,29,2,0.14104051247901336,covariance_only,log_loss
wine,11,0,0.03650008477725589,direct_squared,log_loss
wine,11,1,0.025280397828838785,direct_squared,log_loss
wine,11,2,0.0739347158311357,direct_squared,log_loss
wine,29,0,0.06701486533238538,direct_squared,log_loss
wine,29,1,0.0561621427947174,direct_squared,log_loss
wine,29,2,0.13917440129686418,direct_squared,log_loss
wine,11,0,-0.0,et_shallow,log_loss
wine,11,1,-0.0,et_shallow,log_loss
wine,11,2,-0.0,et_shallow,log_loss
wine,29,0,-0.0,et_shallow,log_loss
wine,29,1,-0.0,et_shallow,log_loss
wine,29,2,-0.0,et_shallow,log_loss
wine,11,0,-0.0,extra_trees,log_loss
wine,11,1,-0.0,extra_trees,log_loss
wine,11,2,-0.0,extra_trees,log_loss
wine,29,0,-0.0,extra_trees,log_loss
wine,29,1,-0.0,extra_trees,log_loss
wine,29,2,-0.0,extra_trees,log_loss
wine,11,0,-0.0,lightgbm,log_loss
wine,11,1,-0.0,lightgbm,log_loss
wine,11,2,-0.0,lightgbm,log_loss
wine,29,0,-0.0,lightgbm,log_loss
wine,29,1,-0.0,lightgbm,log_loss
wine,29,2,-0.0,lightgbm,log_loss
wine,11,0,-0.0,linear,log_loss
wine,11,1,-0.0,linear,log_loss
wine,11,2,-0.0,linear,log_loss
wine,29,0,-0.0,linear,log_loss
wine,29,1,-0.0,linear,log_loss
wine,29,2,-0.0,linear,log_loss
wine,11,0,0.17461879286387158,minimax,log_loss
wine,11,1,0.12304068033475671,minimax,log_loss
wine,11,2,0.1458313190332659,minimax,log_loss
wine,29,0,0.16606875230041843,minimax,log_loss
wine,29,1,0.11291421972637902,minimax,log_loss
wine,29,2,0.1391043910982167,minimax,log_loss
wine,11,0,0.40701783954019677,prediction_correlation,log_loss
wine,11,1,0.42664604205182255,prediction_correlation,log_loss
wine,11,2,0.3694718671106619,prediction_correlation,log_loss
wine,29,0,0.39420842057729544,prediction_correlation,log_loss
wine,29,1,0.3333481996141853,prediction_correlation,log_loss
wine,29,2,0.3443832730237501,prediction_correlation,log_loss
wine,11,0,0.039914128094202306,quality_diversity,log_loss
wine,11,1,0.010751061320122685,quality_diversity,log_loss
wine,11,2,0.07605329394838409,quality_diversity,log_loss
wine,29,0,0.07983308728327901,quality_diversity,log_loss
wine,29,1,0.03498427779444141,quality_diversity,log_loss
wine,29,2,0.15128972733110038,quality_diversity,log_loss
wine,11,0,-0.0,random_forest,log_loss
wine,11,1,-0.0,random_forest,log_loss
wine,11,2,-0.0,random_forest,log_loss
wine,29,0,-0.0,random_forest,log_loss
wine,29,1,-0.0,random_forest,log_loss
wine,29,2,-0.0,random_forest,log_loss
wine,11,0,0.1280009036967219,random_patches,log_loss
wine,11,1,0.229228164632647,random_patches,log_loss
wine,11,2,0.33393562313269864,random_patches,log_loss
wine,29,0,0.18423680638912443,random_patches,log_loss
wine,29,1,0.09038485278387831,random_patches,log_loss
wine,29,2,0.11125103100087519,random_patches,log_loss
wine,11,0,0.2510192367887228,random_subspace,log_loss
wine,11,1,0.2059098318833317,random_subspace,log_loss
wine,11,2,0.3271921319356736,random_subspace,log_loss
wine,29,0,0.2435970230500102,random_subspace,log_loss
wine,29,1,0.3024837033607256,random_subspace,log_loss
wine,29,2,0.3984815693637711,random_subspace,log_loss
wine,11,0,-0.0,rf_shallow,log_loss
wine,11,1,-0.0,rf_shallow,log_loss
wine,11,2,-0.0,rf_shallow,log_loss
wine,29,0,-0.0,rf_shallow,log_loss
wine,29,1,-0.0,rf_shallow,log_loss
wine,29,2,-0.0,rf_shallow,log_loss
wine,11,0,0.04288426693921099,shrinkage,log_loss
wine,11,1,-0.01746755072241929,shrinkage,log_loss
wine,11,2,0.085382696695783,shrinkage,log_loss
wine,29,0,0.058983792879255786,shrinkage,log_loss
wine,29,1,0.04814212495596998,shrinkage,log_loss
wine,29,2,0.14094439189863467,shrinkage,log_loss
wine,11,0,0.1865515664925625,signed_correlation,log_loss
wine,11,1,0.10596568506694382,signed_correlation,log_loss
wine,11,2,0.1311149971002669,signed_correlation,log_loss
wine,29,0,0.12173264170856798,signed_correlation,log_loss
wine,29,1,0.03586439076537362,signed_correlation,log_loss
wine,29,2,0.1297712634299709,signed_correlation,log_loss
wine,11,0,-0.1807024783060708,top_no_cert,log_loss
wine,11,1,-0.9541217965440727,top_no_cert,log_loss
wine,11,2,0.009121015487322803,top_no_cert,log_loss
wine,29,0,0.04942621802355851,top_no_cert,log_loss
wine,29,1,-0.7243023707442575,top_no_cert,log_loss
wine,29,2,0.2738909012553177,top_no_cert,log_loss
wine,11,0,-0.1807024783060708,top_quality,log_loss
wine,11,1,-0.9541217965440727,top_quality,log_loss
wine,11,2,0.009121015487322803,top_quality,log_loss
wine,29,0,0.04942621802355851,top_quality,log_loss
wine,29,1,-0.7243023707442575,top_quality,log_loss
wine,29,2,0.2738909012553177,top_quality,log_loss
wine,11,0,-0.0,xgboost,log_loss
wine,11,1,-0.0,xgboost,log_loss
wine,11,2,-0.0,xgboost,log_loss
wine,29,0,-0.0,xgboost,log_loss
wine,29,1,-0.0,xgboost,log_loss
wine,29,2,-0.0,xgboost,log_loss
wine,11,0,0.08800823442231569,abs_correlation,brier
wine,11,1,0.040645844905887504,abs_correlation,brier
wine,11,2,0.056705941604746506,abs_correlation,brier
wine,29,0,0.0589926914121186,abs_correlation,brier
wine,29,1,0.01628475681648149,abs_correlation,brier
wine,29,2,0.0704451041221029,abs_correlation,brier
wine,11,0,0.001079961605939997,caruana,brier
wine,11,1,-0.028317148675363016,caruana,brier
wine,11,2,0.027181816540486,caruana,brier
wine,29,0,0.030076783355089697,caruana,brier
wine,29,1,0.028900210122692102,caruana,brier
wine,29,2,0.06649665638038481,caruana,brier
wine,11,0,-0.0,catboost,brier
wine,11,1,-0.0,catboost,brier
wine,11,2,-0.0,catboost,brier
wine,29,0,-0.0,catboost,brier
wine,29,1,-0.0,catboost,brier
wine,29,2,-0.0,catboost,brier
wine,11,0,0.10416300933370429,certified_random,brier
wine,11,1,0.0773648130671531,certified_random,brier
wine,11,2,0.17411272448394582,certified_random,brier
wine,29,0,0.12136013121624212,certified_random,brier
wine,29,1,0.1475474625410605,certified_random,brier
wine,29,2,0.22114602903435068,certified_random,brier
wine,11,0,0.001079961605939997,coerror,brier
wine,11,1,-0.021351763270646015,coerror,brier
wine,11,2,0.03642185086266401,coerror,brier
wine,29,0,0.0320652552896105,coerror,brier
wine,29,1,0.021931587037860398,coerror,brier
wine,29,2,0.06048668474561711,coerror,brier
wine,11,0,0.001079961605939997,coerror_greedy,brier
wine,11,1,-0.021351763270646015,coerror_greedy,brier
wine,11,2,0.026913774750609798,coerror_greedy,brier
wine,29,0,0.0324209698043947,coerror_greedy,brier
wine,29,1,0.0188528693360277,coerror_greedy,brier
wine,29,2,0.06048668474561711,coerror_greedy,brier
wine,11,0,0.001079961605939997,coerror_no_cert,brier
wine,11,1,-0.021351763270646015,coerror_no_cert,brier
wine,11,2,0.03642185086266401,coerror_no_cert,brier
wine,29,0,0.0320652552896105,coerror_no_cert,brier
wine,29,1,0.021931587037860398,coerror_no_cert,brier
wine,29,2,0.06048668474561711,coerror_no_cert,brier
wine,11,0,0.001079961605939997,covariance_only,brier
wine,11,1,-0.0355169123910653,covariance_only,brier
wine,11,2,0.03642185086266401,covariance_only,brier
wine,29,0,0.043991028270875907,covariance_only,brier
wine,29,1,0.023895995961069394,covariance_only,brier
wine,29,2,0.0702359478491883,covariance_only,brier
wine,11,0,0.001079961605939997,direct_squared,brier
wine,11,1,-0.021351763270646015,direct_squared,brier
wine,11,2,0.026913774750609798,direct_squared,brier
wine,29,0,0.0324209698043947,direct_squared,brier
wine,29,1,0.0188528693360277,direct_squared,brier
wine,29,2,0.06048668474561711,direct_squared,brier
wine,11,0,-0.0,et_shallow,brier
wine,11,1,-0.0,et_shallow,brier
wine,11,2,-0.0,et_shallow,brier
wine,29,0,-0.0,et_shallow,brier
wine,29,1,-0.0,et_shallow,brier
wine,29,2,-0.0,et_shallow,brier
wine,11,0,-0.0,extra_trees,brier
wine,11,1,-0.0,extra_trees,brier
wine,11,2,-0.0,extra_trees,brier
wine,29,0,-0.0,extra_trees,brier
wine,29,1,-0.0,extra_trees,brier
wine,29,2,-0.0,extra_trees,brier
wine,11,0,-0.0,lightgbm,brier
wine,11,1,-0.0,lightgbm,brier
wine,11,2,-0.0,lightgbm,brier
wine,29,0,-0.0,lightgbm,brier
wine,29,1,-0.0,lightgbm,brier
wine,29,2,-0.0,lightgbm,brier
wine,11,0,-0.0,linear,brier
wine,11,1,-0.0,linear,brier
wine,11,2,-0.0,linear,brier
wine,29,0,-0.0,linear,brier
wine,29,1,-0.0,linear,brier
wine,29,2,-0.0,linear,brier
wine,11,0,0.06354016585993301,minimax,brier
wine,11,1,0.0534403845178649,minimax,brier
wine,11,2,0.07350645543035629,minimax,brier
wine,29,0,0.07327406809720388,minimax,brier
wine,29,1,0.04579215407079759,minimax,brier
wine,29,2,0.06936700841994409,minimax,brier
wine,11,0,0.24666699481494392,prediction_correlation,brier
wine,11,1,0.26455140230563445,prediction_correlation,brier
wine,11,2,0.22690873717279292,prediction_correlation,brier
wine,29,0,0.22694992839630387,prediction_correlation,brier
wine,29,1,0.2033158141646961,prediction_correlation,brier
wine,29,2,0.2074601533272003,prediction_correlation,brier
wine,11,0,0.0033019752072961928,quality_diversity,brier
wine,11,1,-0.036228063774245894,quality_diversity,brier
wine,11,2,0.0327607637005198,quality_diversity,brier
wine,29,0,0.03856950208779851,quality_diversity,brier
wine,29,1,0.0012179030944143021,quality_diversity,brier
wine,29,2,0.06987966609311151,quality_diversity,brier
wine,11,0,-0.0,random_forest,brier
wine,11,1,-0.0,random_forest,brier
wine,11,2,-0.0,random_forest,brier
wine,29,0,-0.0,random_forest,brier
wine,29,1,-0.0,random_forest,brier
wine,29,2,-0.0,random_forest,brier
wine,11,0,0.059164950156560314,random_patches,brier
wine,11,1,0.1100785896291219,random_patches,brier
wine,11,2,0.18922679936753511,random_patches,brier
wine,29,0,0.10421158569161651,random_patches,brier
wine,29,1,0.022102120211089094,random_patches,brier
wine,29,2,0.0498460099474089,random_patches,brier
wine,11,0,0.10416300933370429,random_subspace,brier
wine,11,1,0.0773648130671531,random_subspace,brier
wine,11,2,0.17411272448394582,random_subspace,brier
wine,29,0,0.12136013121624212,random_subspace,brier
wine,29,1,0.1475474625410605,random_subspace,brier
wine,29,2,0.22114602903435068,random_subspace,brier
wine,11,0,-0.0,rf_shallow,brier
wine,11,1,-0.0,rf_shallow,brier
wine,11,2,-0.0,rf_shallow,brier
wine,29,0,-0.0,rf_shallow,brier
wine,29,1,-0.0,rf_shallow,brier
wine,29,2,-0.0,rf_shallow,brier
wine,11,0,-0.0018225568012462112,shrinkage,brier
wine,11,1,-0.05092997877703381,shrinkage,brier
wine,11,2,0.03340114443894711,shrinkage,brier
wine,29,0,0.028004464723827102,shrinkage,brier
wine,29,1,0.007686270688832694,shrinkage,brier
wine,29,2,0.065430705645444,shrinkage,brier
wine,11,0,0.08800823442231569,signed_correlation,brier
wine,11,1,0.040645844905887504,signed_correlation,brier
wine,11,2,0.056705941604746506,signed_correlation,brier
wine,29,0,0.0589926914121186,signed_correlation,brier
wine,29,1,0.01628475681648149,signed_correlation,brier
wine,29,2,0.0704451041221029,signed_correlation,brier
wine,11,0,-0.005023575564186394,top_no_cert,brier
wine,11,1,-0.06767706458553531,top_no_cert,brier
wine,11,2,-0.026065467561214806,top_no_cert,brier
wine,29,0,0.0006908222288111027,top_no_cert,brier
wine,29,1,-0.042004999366324486,top_no_cert,brier
wine,29,2,0.1269164407821016,top_no_cert,brier
wine,11,0,-0.005023575564186394,top_quality,brier
wine,11,1,-0.06767706458553531,top_quality,brier
wine,11,2,-0.026065467561214806,top_quality,brier
wine,29,0,0.0006908222288111027,top_quality,brier
wine,29,1,-0.042004999366324486,top_quality,brier
wine,29,2,0.1269164407821016,top_quality,brier
wine,11,0,-0.0,xgboost,brier
wine,11,1,-0.0,xgboost,brier
wine,11,2,-0.0,xgboost,brier
wine,29,0,-0.0,xgboost,brier
wine,29,1,-0.0,xgboost,brier
wine,29,2,-0.0,xgboost,brier
