dataset,metric,method,count,mean,min,max
breast_cancer,auroc,abs_correlation,6,-0.0044223323132069154,-0.00692389631909085,-0.0012605042016805568
breast_cancer,auroc,caruana,6,-0.00420492140518175,-0.014913007456503813,0.01326530612244925
breast_cancer,auroc,catboost,6,0.0,0.0,0.0
breast_cancer,auroc,certified_random,6,-0.0038485816861956366,-0.03071369392827561,0.010684273709483771
breast_cancer,auroc,coerror,6,-0.006545153272576654,-0.015504793466682654,0.007803121248499578
breast_cancer,auroc,coerror_greedy,6,-0.005842618737635992,-0.013611078234110785,0.007803121248499578
breast_cancer,auroc,coerror_no_cert,6,-0.006545153272576654,-0.015504793466682654,0.007803121248499578
breast_cancer,auroc,covariance_only,6,-0.007028445180889242,-0.018404544916558185,0.007803121248499578
breast_cancer,auroc,direct_auroc,6,-0.012527687131190512,-0.03858444786365245,-0.00331400165700102
breast_cancer,auroc,direct_squared,6,-0.005842618737635992,-0.013611078234110785,0.007803121248499578
breast_cancer,auroc,et_shallow,6,0.0,0.0,0.0
breast_cancer,auroc,extra_trees,6,0.0,0.0,0.0
breast_cancer,auroc,lightgbm,6,0.0,0.0,0.0
breast_cancer,auroc,linear,6,0.0,0.0,0.0
breast_cancer,auroc,minimax,6,-0.0044309273004976375,-0.011539827198485009,0.00012004801920773023
breast_cancer,auroc,prediction_correlation,6,0.028811524609844024,0.009409397561841781,0.039708841282992124
breast_cancer,auroc,quality_diversity,6,-0.0026645869615451456,-0.013256006628003192,0.008523409363745627
breast_cancer,auroc,random_forest,6,0.0,0.0,0.0
breast_cancer,auroc,random_patches,6,-0.004274667613524297,-0.018996330926736804,0.00450180072028783
breast_cancer,auroc,random_subspace,6,-0.0037598137846688675,-0.03071369392827561,0.010684273709483771
breast_cancer,auroc,rf_shallow,6,0.0,0.0,0.0
breast_cancer,auroc,shrinkage,6,-0.005577160441641434,-0.014439578648360651,0.007803121248499578
breast_cancer,auroc,signed_correlation,6,-0.0044223323132069154,-0.00692389631909085,-0.0012605042016805568
breast_cancer,auroc,top_no_cert,6,-0.0065926370548218816,-0.01964729553793343,0.010864345738295422
breast_cancer,auroc,top_quality,6,-0.0065926370548218816,-0.01964729553793343,0.010864345738295422
breast_cancer,auroc,xgboost,6,0.0,0.0,0.0
breast_cancer,brier,abs_correlation,6,0.009909885684381602,0.005038978954576001,0.018934208004926602
breast_cancer,brier,caruana,6,-0.0006771334054679173,-0.009392234741838396,0.0046583478152986
breast_cancer,brier,catboost,6,0.0,-0.0,-0.0
breast_cancer,brier,certified_random,6,0.00920989001309105,-0.007269219008175398,0.0276116763195679
breast_cancer,brier,coerror,6,-0.0003723227360540339,-0.0108487365509045,0.006487658092072697
breast_cancer,brier,coerror_greedy,6,0.00016183762329788237,-0.010527852822803004,0.006487658092072697
breast_cancer,brier,coerror_no_cert,6,-0.0003723227360540339,-0.0108487365509045,0.006487658092072697
breast_cancer,brier,covariance_only,6,-0.00036398026512346704,-0.0108487365509045,0.006487658092072697
breast_cancer,brier,direct_auroc,6,0.0024778669193363835,-0.014991602272744098,0.0131880339766959
breast_cancer,brier,direct_squared,6,0.00016183762329788237,-0.010527852822803004,0.006487658092072697
breast_cancer,brier,et_shallow,6,0.0,-0.0,-0.0
breast_cancer,brier,extra_trees,6,0.0,-0.0,-0.0
breast_cancer,brier,lightgbm,6,0.0,-0.0,-0.0
breast_cancer,brier,linear,6,0.0,-0.0,-0.0
breast_cancer,brier,minimax,6,0.016537194287912282,0.007941070482768299,0.02371211603404029
breast_cancer,brier,prediction_correlation,6,0.0876327236310841,0.06305844666378119,0.1092537209811881
breast_cancer,brier,quality_diversity,6,-0.00021513230212444912,-0.007958696973718302,0.007474415229734098
breast_cancer,brier,random_forest,6,0.0,-0.0,-0.0
breast_cancer,brier,random_patches,6,0.012786791077554718,0.005495453311982097,0.0243315132130454
breast_cancer,brier,random_subspace,6,0.009276937245968616,-0.007269219008175398,0.0276116763195679
breast_cancer,brier,rf_shallow,6,0.0,-0.0,-0.0
breast_cancer,brier,shrinkage,6,0.00015128822941301695,-0.009275152401914497,0.006487658092072697
breast_cancer,brier,signed_correlation,6,0.009909885684381602,0.005038978954576001,0.018934208004926602
breast_cancer,brier,top_no_cert,6,-0.0032844087049054833,-0.0222368951007692,0.012322812622584799
breast_cancer,brier,top_quality,6,-0.0032844087049054833,-0.0222368951007692,0.012322812622584799
breast_cancer,brier,xgboost,6,0.0,-0.0,-0.0
diabetes,normalized_squared_loss,abs_correlation,6,0.02188021993242582,-0.04193784180968929,0.07397795807355634
diabetes,normalized_squared_loss,affine_profiled,6,-0.0182884268125502,-0.07171327264631544,0.06769224915016708
diabetes,normalized_squared_loss,caruana,6,0.01672003026524299,-0.04031306373117227,0.05517884390882244
diabetes,normalized_squared_loss,catboost,6,0.0,-0.0,-0.0
diabetes,normalized_squared_loss,certified_random,6,0.0824456276860015,0.005601613790522153,0.15675495364629677
diabetes,normalized_squared_loss,coerror,6,0.012163700368766453,-0.03393489566253882,0.048424653015424646
diabetes,normalized_squared_loss,coerror_greedy,6,0.016350730438908185,-0.039910832982559596,0.05265766897956925
diabetes,normalized_squared_loss,coerror_no_cert,6,0.016797692892336135,-0.03393489566253882,0.05811217784582878
diabetes,normalized_squared_loss,coerror_no_cert_affine,6,-0.005788443583796747,-0.05852702926841513,0.06025462529196057
diabetes,normalized_squared_loss,covariance_only,6,0.012163700368766453,-0.03393489566253882,0.048424653015424646
diabetes,normalized_squared_loss,direct_squared,6,0.016350730438908168,-0.039910832982559596,0.05265766897956925
diabetes,normalized_squared_loss,et_shallow,6,0.0,-0.0,-0.0
diabetes,normalized_squared_loss,extra_trees,6,0.0,-0.0,-0.0
diabetes,normalized_squared_loss,lightgbm,6,0.0,-0.0,-0.0
diabetes,normalized_squared_loss,linear,6,0.0,-0.0,-0.0
diabetes,normalized_squared_loss,minimax,6,0.04773778013357436,-0.008702698291875421,0.12239517490535845
diabetes,normalized_squared_loss,prediction_correlation,6,0.020787449132652996,-0.02858654131477123,0.0845561121280779
diabetes,normalized_squared_loss,quality_diversity,6,0.03037018732063938,-0.03214367580350819,0.13971281900930865
diabetes,normalized_squared_loss,random_forest,6,0.0,-0.0,-0.0
diabetes,normalized_squared_loss,random_patches,6,0.2050199654317794,0.13461806574929647,0.2770969916060162
diabetes,normalized_squared_loss,random_subspace,6,0.17588213117736737,0.09628446279582503,0.2458281251833826
diabetes,normalized_squared_loss,rf_shallow,6,0.0,-0.0,-0.0
diabetes,normalized_squared_loss,shrinkage,6,0.01639534829837642,-0.039958954680137326,0.05532709848062256
diabetes,normalized_squared_loss,signed_correlation,6,0.02188021993242582,-0.04193784180968929,0.07397795807355634
diabetes,normalized_squared_loss,top_no_cert,6,0.09754452034182731,-0.01633660381202784,0.21067381242857364
diabetes,normalized_squared_loss,top_quality,6,0.09754452034182731,-0.01633660381202784,0.21067381242857364
diabetes,normalized_squared_loss,xgboost,6,0.0,-0.0,-0.0
diabetes,rmse,abs_correlation,6,1.2361264750348855,-1.82466488261489,3.840355043735272
diabetes,rmse,affine_profiled,6,-0.6549267180782176,-3.1856493855751182,4.0537149461837885
diabetes,rmse,caruana,6,1.035154109952354,-1.7634288418649717,3.0459642077696287
diabetes,rmse,catboost,6,0.0,-0.0,-0.0
diabetes,rmse,certified_random,6,4.088394980176031,0.24444772980153573,8.085288218702388
diabetes,rmse,coerror,6,0.7545862592797903,-1.523188180185592,2.754131874597455
diabetes,rmse,coerror_greedy,6,1.000447323511377,-1.7460941149428422,3.0007529324826834
diabetes,rmse,coerror_no_cert,6,1.0062861074238125,-1.523188180185592,3.2910886349795376
diabetes,rmse,coerror_no_cert_affine,6,-0.09578962247581539,-2.579039563391767,3.568536013313299
diabetes,rmse,covariance_only,6,0.7545862592797903,-1.523188180185592,2.754131874597455
diabetes,rmse,direct_squared,6,1.000447323511376,-1.7460941149428422,3.0007529324826834
diabetes,rmse,et_shallow,6,0.0,-0.0,-0.0
diabetes,rmse,extra_trees,6,0.0,-0.0,-0.0
diabetes,rmse,lightgbm,6,0.0,-0.0,-0.0
diabetes,rmse,linear,6,0.0,-0.0,-0.0
diabetes,rmse,minimax,6,2.3462384699242933,-0.3810753242464031,5.364858227612821
diabetes,rmse,prediction_correlation,6,1.0909253337781948,-1.2401114585185908,4.188943685611221
diabetes,rmse,quality_diversity,6,1.428661994484808,-1.4437182888592517,5.864457042712267
diabetes,rmse,random_forest,6,0.0,-0.0,-0.0
diabetes,rmse,random_patches,6,9.577839322157818,6.526261773088571,13.214828040052964
diabetes,rmse,random_subspace,6,8.475326376096637,4.06061999542721,12.322727218944081
diabetes,rmse,rf_shallow,6,0.0,-0.0,-0.0
diabetes,rmse,shrinkage,6,1.0078436360861882,-1.748168258497948,3.15678789796808
diabetes,rmse,signed_correlation,6,1.2361264750348855,-1.82466488261489,3.840355043735272
diabetes,rmse,top_no_cert,6,4.473122237370279,-0.8898265610726455,9.281275398293594
diabetes,rmse,top_quality,6,4.473122237370279,-0.8898265610726455,9.281275398293594
diabetes,rmse,xgboost,6,0.0,-0.0,-0.0
wine,brier,abs_correlation,6,0.055180428880608784,0.01628475681648149,0.08800823442231569
wine,brier,caruana,6,0.020903046554871598,-0.028317148675363016,0.06649665638038481
wine,brier,catboost,6,0.0,-0.0,-0.0
wine,brier,certified_random,6,0.14094902827940942,0.0773648130671531,0.22114602903435068
wine,brier,coerror,6,0.021772262711841,-0.021351763270646015,0.06048668474561711
wine,brier,coerror_greedy,6,0.01973374949532388,-0.021351763270646015,0.06048668474561711
wine,brier,coerror_no_cert,6,0.021772262711841,-0.021351763270646015,0.06048668474561711
wine,brier,covariance_only,6,0.023351312026445383,-0.0355169123910653,0.0702359478491883
wine,brier,direct_squared,6,0.01973374949532388,-0.021351763270646015,0.06048668474561711
wine,brier,et_shallow,6,0.0,-0.0,-0.0
wine,brier,extra_trees,6,0.0,-0.0,-0.0
wine,brier,lightgbm,6,0.0,-0.0,-0.0
wine,brier,linear,6,0.0,-0.0,-0.0
wine,brier,minimax,6,0.06315337273268329,0.04579215407079759,0.07350645543035629
wine,brier,prediction_correlation,6,0.22930883836359528,0.2033158141646961,0.26455140230563445
wine,brier,quality_diversity,6,0.01825029106814907,-0.036228063774245894,0.06987966609311151
wine,brier,random_forest,6,0.0,-0.0,-0.0
wine,brier,random_patches,6,0.08910500916722197,0.022102120211089094,0.18922679936753511
wine,brier,random_subspace,6,0.14094902827940942,0.0773648130671531,0.22114602903435068
wine,brier,rf_shallow,6,0.0,-0.0,-0.0
wine,brier,shrinkage,6,0.013628341653128479,-0.05092997877703381,0.065430705645444
wine,brier,signed_correlation,6,0.055180428880608784,0.01628475681648149,0.08800823442231569
wine,brier,top_no_cert,6,-0.0021939740110580495,-0.06767706458553531,0.1269164407821016
wine,brier,top_quality,6,-0.0021939740110580495,-0.06767706458553531,0.1269164407821016
wine,brier,xgboost,6,0.0,-0.0,-0.0
wine,log_loss,abs_correlation,6,0.11850009076061428,0.03586439076537362,0.1865515664925625
wine,log_loss,caruana,6,0.0624738564234295,-0.0021674453933838156,0.14770457251257652
wine,log_loss,catboost,6,0.0,-0.0,-0.0
wine,log_loss,certified_random,6,0.28811391606370584,0.2059098318833317,0.3984815693637711
wine,log_loss,coerror,6,0.06955535934935894,0.025280397828838785,0.13917440129686418
wine,log_loss,coerror_greedy,6,0.06634443464353289,0.025280397828838785,0.13917440129686418
wine,log_loss,coerror_no_cert,6,0.06955535934935894,0.025280397828838785,0.13917440129686418
wine,log_loss,covariance_only,6,0.07200819166452989,0.0161814210693888,0.14104051247901336
wine,log_loss,direct_squared,6,0.06634443464353289,0.025280397828838785,0.13917440129686418
wine,log_loss,et_shallow,6,0.0,-0.0,-0.0
wine,log_loss,extra_trees,6,0.0,-0.0,-0.0
wine,log_loss,lightgbm,6,0.0,-0.0,-0.0
wine,log_loss,linear,6,0.0,-0.0,-0.0
wine,log_loss,minimax,6,0.1435963592261514,0.11291421972637902,0.17461879286387158
wine,log_loss,prediction_correlation,6,0.3791792736529853,0.3333481996141853,0.42664604205182255
wine,log_loss,quality_diversity,6,0.06547092929525498,0.010751061320122685,0.15128972733110038
wine,log_loss,random_forest,6,0.0,-0.0,-0.0
wine,log_loss,random_patches,6,0.17950623027265758,0.09038485278387831,0.33393562313269864
wine,log_loss,random_subspace,6,0.28811391606370584,0.2059098318833317,0.3984815693637711
wine,log_loss,rf_shallow,6,0.0,-0.0,-0.0
wine,log_loss,shrinkage,6,0.05981162044107252,-0.01746755072241929,0.14094439189863467
wine,log_loss,signed_correlation,6,0.11850009076061428,0.03586439076537362,0.1865515664925625
wine,log_loss,top_no_cert,6,-0.2544480851380337,-0.9541217965440727,0.2738909012553177
wine,log_loss,top_quality,6,-0.2544480851380337,-0.9541217965440727,0.2738909012553177
wine,log_loss,xgboost,6,0.0,-0.0,-0.0
