dataset,method,B,certified_count,certification_rate,seed,fold,rmse,mse,mae,r2,normalized_squared_loss,mean_selected_quality,mean_residual_correlation,mean_abs_residual_correlation,max_abs_residual_correlation,residual_effective_rank,mean_feature_jaccard,feature_coverage,oof_squared_loss,requested_K,model_bytes,train_wall_seconds,train_cpu_seconds,retained_count,nodes,leaves,inference_batch_rows,inference_batch_seconds,inference_rows_per_second,generated_B,wall_seconds,cpu_seconds,observed_peak_rss_bytes,coefficient_count
california_housing,abs_correlation_b6000_k64,6000.0,5389.666666666667,0.8982777777777778,11.0,1.0,0.6297766694850719,0.39671931622727996,0.46780037717391915,0.7018863553254189,0.2980127931498513,0.5096193957756415,0.6060833402406037,0.6060833402406037,1.0,2.404357410745861,0.3550103143109095,8.0,0.3970602393343565,64.0,7499575.333333333,61.20257530516634,156.32960033333336,64.0,7636.0,3850.0,256.0,0.12704081934255854,2347.837818022533,6000.0,,,,
california_housing,caruana_b6000_k64,6000.0,5389.666666666667,0.8982777777777778,11.0,1.0,0.5939321018899689,0.3529499697866654,0.4331375479025199,0.7348319595112965,0.26507885305205164,0.5762842345598296,0.6218044054127867,0.6218044054127867,1.0,2.2303175198979206,0.4030868292736198,8.0,0.35517635628205785,64.0,2183618.0,58.32747826282866,152.9645456666668,18.666666666666668,2249.3333333333335,1134.0,256.0,0.0341938616863141,9579.830001257065,6000.0,,,,
california_housing,catboost,,,,11.0,1.0,0.48858148017527264,0.23897035823840573,0.3322869719441061,0.8204250020037301,0.1795158843423896,,,,,,,,,,344696.0,0.8265748057359209,0.7942120000000349,300.0,38100.0,19200.0,256.0,0.0011342082483072667,227831.77883380334,,0.8265748057359209,0.7942120000000349,2002676394.6666667,
california_housing,coerror_b1000_k128,1000.0,907.0,0.907,11.0,1.0,0.6167484933925701,0.3805467630019188,0.45272887790612404,0.7140566603964785,0.28584725636009095,0.5556891844238236,0.6549621424197015,0.6549621424197015,1.0,2.2282645538755284,0.35544638951381075,8.0,0.3833122150357329,128.0,15030983.333333334,58.72816708295917,156.1800803333333,128.0,15369.333333333334,7748.666666666667,256.0,0.153261472703889,1680.8691144867353,6000.0,,,,
california_housing,coerror_b1000_k16,1000.0,907.0,0.907,11.0,1.0,0.5938796429391585,0.3529026075307278,0.4331506466581086,0.734869567101275,0.2650413794842308,0.5820455705906172,0.6255643461339969,0.6255643461339969,1.0,2.197704337179378,0.4086375661375661,8.0,0.3563929023376224,16.0,1872656.3333333333,57.44091561040841,151.9127353333334,16.0,1938.0,977.0,256.0,0.0164151530091961,15600.146588480071,6000.0,,,,
california_housing,coerror_b1000_k64,1000.0,907.0,0.907,11.0,1.0,0.598079531501086,0.3579013756382092,0.43666795988509594,0.7310872038577481,0.26882270337821934,0.5744899235101736,0.6377301147867706,0.6377301147867706,1.0,2.2345289314264485,0.4002314814814814,8.0,0.36032263057712316,64.0,7504768.333333333,58.064041277083255,153.96607600000004,64.0,7710.666666666667,3887.3333333333335,256.0,0.069339791778475,3720.2942511978817,6000.0,,,,
california_housing,coerror_b3000_k128,3000.0,2697.6666666666665,0.8992222222222223,11.0,1.0,0.5953429183389233,0.35462169088264234,0.43485507887676667,0.7335605521934472,0.26634996651915427,0.5790166686002945,0.6421908710715357,0.6421908710715357,1.0,2.2290395997657684,0.41304251031121103,8.0,0.35703680122560244,128.0,15037456.333333334,59.52574255503714,156.796967,128.0,15460.0,7794.0,256.0,0.1411308053260048,1826.4038060913074,6000.0,,,,
california_housing,coerror_b3000_k16,3000.0,2697.6666666666665,0.8992222222222223,11.0,1.0,0.5940427191772414,0.3531013706070288,0.43295535610105523,0.7347200637041458,0.265190882541914,0.5860532827514469,0.632137117736422,0.632137117736422,1.0,2.172069053345144,0.40908730158730156,8.0,0.3559425801383655,16.0,1872325.6666666667,57.638051860888176,152.106118,16.0,1933.3333333333333,974.6666666666666,256.0,0.016214264013494,16186.586670375456,6000.0,,,,
california_housing,coerror_b3000_k64,3000.0,2697.6666666666665,0.8992222222222223,11.0,1.0,0.594312178272277,0.35340750110923813,0.4336468320198707,0.7344827564266755,0.2654280698427441,0.584832717456595,0.646279222888197,0.646279222888197,1.0,2.184498730554183,0.4357827853363567,8.0,0.3553685590254789,64.0,7505911.333333333,58.3888151520708,154.00319233333337,64.0,7730.0,3897.0,256.0,0.0710386663364867,3626.563834193003,6000.0,,,,
california_housing,coerror_b300_k64,300.0,274.3333333333333,0.9144444444444444,11.0,1.0,0.6604045944361746,0.436431283154248,0.492642010553052,0.6719763497460249,0.3279148463730563,0.5059170773136966,0.6731736185886942,0.6731736185886942,1.0,2.1237579895725127,0.3246456916099773,8.0,0.437818578575446,64.0,7411127.333333333,57.99229673490239,153.93095666666667,64.0,6418.666666666667,3241.3333333333335,256.0,0.09850970834183193,2754.6061302534727,6000.0,,,,
california_housing,coerror_b6000_k128,6000.0,5389.666666666667,0.8982777777777778,11.0,1.0,0.5944045921085789,0.3535161994168012,0.4336139195881925,0.7344033511170297,0.26550740644006193,0.5843886078946993,0.6482423120242155,0.6482423120242155,1.0,2.1901481357497317,0.4367377905886764,8.0,0.35537811057040836,128.0,15037248.333333334,61.14100577690018,158.70542,128.0,15460.0,7794.0,256.0,0.15612541659114257,1642.0343606242848,6000.0,,,,
california_housing,coerror_b6000_k16,6000.0,5389.666666666667,0.8982777777777778,11.0,1.0,0.5940427191772413,0.35310137060702873,0.4329553561010551,0.7347200637041459,0.26519088254191386,0.5860615239138394,0.6321338887538959,0.6321338887538959,1.0,2.1720694437765906,0.40908730158730156,8.0,0.3559339153077121,16.0,1872325.6666666667,57.936837791077174,152.3810256666667,16.0,1933.3333333333333,974.6666666666666,256.0,0.015702610913043164,16311.709380344479,6000.0,,,,
california_housing,coerror_b6000_k256,6000.0,5389.666666666667,0.8982777777777778,11.0,1.0,0.5955988812597629,0.35491674380494204,0.43520276800665575,0.7333374958318256,0.2665728656326383,0.5784051985450919,0.6425645954859137,0.6425645954859137,1.0,2.2330921268516613,0.4121603155150948,8.0,0.3570671884481498,256.0,30071429.666666668,69.15034102695063,166.39104399999994,256.0,30896.666666666668,15576.333333333334,256.0,0.29817241670874256,858.6247783845259,6000.0,,,,
california_housing,coerror_b6000_k64,6000.0,5389.666666666667,0.8982777777777778,11.0,1.0,0.5939334634072134,0.35295153578773003,0.4331298007939348,0.7348307584921135,0.2650800534799716,0.5856560251516069,0.6474056967875529,0.6474056967875529,1.0,2.1788830577132026,0.4389747102544721,8.0,0.3551918452992003,64.0,7506092.666666667,59.07639556874832,154.69288600000002,64.0,7732.666666666667,3898.3333333333335,256.0,0.07599813855874037,3370.507317217791,6000.0,,,,
california_housing,coerror_cert_b6000_k64,6000.0,5389.666666666667,0.8982777777777778,11.0,1.0,0.5939334634072134,0.35295153578773003,0.4331298007939348,0.7348307584921135,0.2650800534799716,0.5856560251516069,0.6474056967875529,0.6474056967875529,1.0,2.1788830577132035,0.4389747102544721,8.0,0.3551918452992003,64.0,7506092.666666667,59.63058660978762,155.20736166666663,64.0,7732.666666666667,3898.3333333333335,256.0,0.09752466622740026,2784.054750376244,6000.0,,,,
california_housing,coerror_f05_d3_b1000_k64,1000.0,751.6666666666666,0.7516666666666666,11.0,1.0,0.8004558538101962,0.6408137923964482,0.6080878454913083,0.5184365180722629,0.4813995783619894,0.40892372020749296,0.8304974909799409,0.8304974909799409,1.0,1.4370648242580695,0.5940806878306878,2.0,0.6396254423398257,64.0,7010501.666666667,57.60627111016462,152.1172986666667,64.0,960.0,512.0,256.0,0.05545775010250503,4616.645511880518,6000.0,,,,
california_housing,coerror_f05_d6_b1000_k64,1000.0,760.0,0.7600000000000001,11.0,1.0,0.7835999274473897,0.614119528048933,0.5943328347057322,0.5385100796637908,0.46133286423413505,0.40632058269439736,0.7918667130177418,0.7918667130177418,1.0,1.5346272581470621,0.5218253968253969,3.0,0.6166127271739096,64.0,7485221.666666667,57.663147708633915,152.37700966666668,64.0,7553.333333333333,3808.6666666666665,256.0,0.05813418072648343,4414.210222714023,6000.0,,,,
california_housing,coerror_f20_d3_b1000_k64,1000.0,964.6666666666666,0.9646666666666667,11.0,1.0,0.7642235237164142,0.584150719386606,0.5820634491969856,0.5609687679716848,0.43888286332073795,0.4420433823310392,0.8024466310573368,0.8024466310573368,1.0,1.5638406229403328,0.40779320987654316,7.666666666666667,0.5809070961256778,64.0,7013818.666666667,57.67644712437565,152.40169333333344,64.0,960.0,512.0,256.0,0.05876076361164443,4367.31748655243,6000.0,,,,
california_housing,coerror_f20_d6_b1000_k64,1000.0,913.3333333333334,0.9133333333333334,11.0,1.0,0.6306858688375331,0.3979525157680001,0.464739045548761,0.7009894082836396,0.29891011548688434,0.5501443593844206,0.6621005101149884,0.6621005101149884,1.0,1.9321666502802881,0.441358024691358,5.0,0.3978446271253528,64.0,7502448.0,57.77685856889002,152.8436876666666,64.0,7746.0,3905.0,256.0,0.07023119499596449,3687.2631839430446,6000.0,,,,
california_housing,coerror_f50_d3_b1000_k64,1000.0,1000.0,1.0,11.0,1.0,0.7619288175125102,0.5806658823426161,0.5795711070791028,0.5635953631655725,0.4362573480417204,0.4426319374306968,0.8002856571615039,0.8002856571615039,1.0,1.5861619743862032,0.39565696649029974,8.0,0.5770932201735911,64.0,7019328.333333333,57.94227895753769,153.34211100000002,64.0,960.0,512.0,256.0,0.0694737917122741,3714.8777000583227,6000.0,,,,
california_housing,coerror_f50_d6_b1000_k64,1000.0,1000.0,1.0,11.0,1.0,0.5940891233847753,0.353136316530491,0.43321708295519046,0.7346908875884816,0.2652198895849505,0.5851752895953087,0.6475871940910342,0.6475871940910342,1.0,2.1823569560978378,0.43905108339632143,8.0,0.35554636527731054,64.0,7506091.0,58.08447197180552,154.01608900000002,64.0,7720.666666666667,3892.3333333333335,256.0,0.07132670834350084,3604.0894640846623,6000.0,,,,
california_housing,coerror_swap_b6000_k64,6000.0,5389.666666666667,0.8982777777777778,11.0,1.0,0.5938744040627061,0.35288105218510246,0.4331469391586203,0.73488276411679,0.2650280757448847,0.5854918305604505,0.6470906218395805,0.6470906218395805,1.0,2.1795869787418565,0.43717482363315696,8.0,0.35518873415687197,64.0,7506114.0,59.53433559633171,155.3183476666666,64.0,7733.333333333333,3898.6666666666665,256.0,0.17106713897859052,2023.451493595279,6000.0,,,,
california_housing,extra_trees,,,,11.0,1.0,0.5047008836300302,0.2549495231467738,0.3319401466512251,0.8084498950112233,0.19148649387345915,,,,,,,,,,478502051.0,5.974256819734971,5.947726000000027,256.0,6644706.666666667,3322481.3333333335,256.0,0.02155227772891517,12140.34757709754,,5.974256819734971,5.947726000000027,1931460608.0,
california_housing,lightgbm,,,,11.0,1.0,0.4598167976479539,0.21158916588128743,0.3050679821773156,0.8410274777011352,0.15891950755802883,,,,,,,,,,862864.3333333334,0.2981178886257112,0.29455633333335146,300.0,18300.0,9300.0,256.0,0.005488305430238399,47676.3262160075,,0.2981178886257112,0.29455633333335146,1977242965.3333333,
california_housing,linear,,,,11.0,1.0,0.7264571547794455,0.5279033138988826,0.5318196673591636,0.6032231552901104,0.3966435781739556,,,,,,,,,,3106.0,0.012846819357946434,0.012469666666618133,1.0,,,256.0,0.0008551807453234334,302199.9437926879,,0.012846819357946434,0.012469666666618133,2003140608.0,9.0
california_housing,quality_diversity_l002_b6000_k64,6000.0,5389.666666666667,0.8982777777777778,11.0,1.0,0.6326056818061615,0.4008559546534854,0.45280656582936585,0.698939965909492,0.300960683565143,0.6309116451060754,0.835095226381966,0.835095226381966,1.0,1.40032455916936,0.5839065255731922,7.333333333333333,0.41131721482388456,64.0,7507227.0,60.52355970737214,156.28954333333334,64.0,7737.333333333333,3900.6666666666665,256.0,0.0997922779837002,2657.3246922470867,6000.0,,,,
california_housing,quality_diversity_l01_b6000_k64,6000.0,5389.666666666667,0.8982777777777778,11.0,1.0,0.6296796249416414,0.39706745830342977,0.4503346329680003,0.7017880290924653,0.29811298009268333,0.6301659561597371,0.8242472924477185,0.8242472924477185,1.0,1.4356817290995776,0.5752865961199293,7.666666666666667,0.40678638409952983,64.0,7507227.0,60.29233104075926,155.97882700000005,64.0,7737.333333333333,3900.6666666666665,256.0,0.22056619434927896,1945.463173563577,6000.0,,,,
california_housing,quality_diversity_l05_b6000_k64,6000.0,5389.666666666667,0.8982777777777778,11.0,1.0,0.5941199249682492,0.3531740925854439,0.4329356227784034,0.7346643357969519,0.26524641837624524,0.5903614544437997,0.6555897153499715,0.6555897153499715,1.0,2.121309301339835,0.44518691735953636,8.0,0.3557670979565577,64.0,7505964.666666667,60.49880365196926,155.98248566666658,64.0,7733.333333333333,3898.6666666666665,256.0,0.10042997240088876,2652.135538405612,6000.0,,,,
california_housing,random_b1000_k128,1000.0,907.0,0.907,11.0,1.0,0.8453737024643685,0.7147972585470188,0.6531945808897651,0.46293843330888357,0.5368777251113528,0.2805419470208186,0.7415463001359571,0.7415463001359571,1.0,1.6231730983092352,0.1761010342457193,8.0,0.7129515223004478,128.0,14490535.333333334,58.101770110273115,154.30682933333335,128.0,7964.0,4046.0,256.0,0.12025258364155887,2171.2861221067637,6000.0,,,,
california_housing,random_b1000_k16,1000.0,907.0,0.907,11.0,1.0,0.8630787266221723,0.7453953722427021,0.6688007803346291,0.4401856409943317,0.5596215052131138,0.26538888923560106,0.7413544885213709,0.7413544885213709,1.0,1.5298459815619,0.1689153439153439,8.0,0.7442421964095046,16.0,1793207.3333333333,57.35822591612426,151.633343,16.0,846.6666666666666,431.3333333333333,256.0,0.012630764006947433,20280.952543020267,6000.0,,,,
california_housing,random_b1000_k64,1000.0,907.0,0.907,11.0,1.0,0.8297658023303341,0.6895726370065006,0.6406804195949958,0.4823317797073947,0.5174865468555537,0.30005446545868625,0.7369130663069207,0.7369130663069207,1.0,1.6488102604891095,0.17757267258755352,8.0,0.6878087060168769,64.0,7246750.333333333,57.641705652310826,152.7339786666667,64.0,4184.0,2124.0,256.0,0.0654764304247995,3931.534000215445,6000.0,,,,
california_housing,random_b3000_k128,3000.0,2697.6666666666665,0.8992222222222223,11.0,1.0,0.8372570443209636,0.7012553692958887,0.6468965430749497,0.47314313280695947,0.526678238972534,0.29049053338373915,0.7410318640147531,0.7410318640147531,1.0,1.627461168117403,0.17862894091363576,8.0,0.7001918211307187,128.0,14502421.666666666,58.19727079096871,154.36585200000002,128.0,8126.666666666667,4127.333333333333,256.0,0.13147736092408494,2001.7538616100203,6000.0,,,,
california_housing,random_b3000_k16,3000.0,2697.6666666666665,0.8992222222222223,11.0,1.0,0.7710468544299989,0.5965536807415178,0.592865141129188,0.5513601514269914,0.44849816771891843,0.3683369721122404,0.6983734392019679,0.6983734392019679,0.9768720814975355,1.7616083984337483,0.22271164021164017,8.0,0.5981334032739719,16.0,1826850.0,57.79230015204909,152.09665900000005,16.0,1310.6666666666667,663.3333333333334,256.0,0.02246887500708297,14064.797216492385,6000.0,,,,
california_housing,random_b3000_k64,3000.0,2697.6666666666665,0.8992222222222223,11.0,1.0,0.8320379295809112,0.6924260510585043,0.6432774522471661,0.47974173516031376,0.5200804386318928,0.2947111310198034,0.7343011736855259,0.7343011736855259,1.0,1.6421281678253707,0.18264282564877798,8.0,0.6922603148572426,64.0,7260855.333333333,57.794683860382065,152.9125816666667,64.0,4376.666666666667,2220.3333333333335,256.0,0.06699561094865199,3838.347126191675,6000.0,,,,
california_housing,random_b6000_k128,6000.0,5389.666666666667,0.8982777777777778,11.0,1.0,0.8413726624540091,0.7082561227626037,0.6504510776330262,0.468004685267209,0.5318130218897268,0.2868958583422201,0.7429293943543271,0.7429293943543271,1.0,1.6270357045526744,0.17907732236595422,8.0,0.7066615197630249,128.0,14469963.0,58.57571922110704,154.72303933333328,128.0,7676.0,3902.0,256.0,0.15195870841853318,1685.6453843047993,6000.0,,,,
california_housing,random_b6000_k16,6000.0,5389.666666666667,0.8982777777777778,11.0,1.0,0.8306877140575782,0.6906178547180285,0.6430097882811441,0.4813685733629019,0.5184503010185668,0.3078508705182223,0.7391481816528253,0.7391481816528253,0.9953680103358763,1.590162134376951,0.1816997354497354,8.0,0.6905201689536623,16.0,1796098.0,58.20944531921608,152.39936600000007,16.0,885.3333333333334,450.6666666666667,256.0,0.014063916712378435,18254.713900132338,6000.0,,,,
california_housing,random_b6000_k64,6000.0,5389.666666666667,0.8982777777777778,11.0,1.0,0.8611182005595923,0.741597550202782,0.6675375746958716,0.44240302639643203,0.5574067306437683,0.26159570470801174,0.7484477176165503,0.7484477176165503,1.0,1.5525477436004893,0.17011133156966488,8.0,0.7430305345039837,64.0,7227819.0,57.91722181881778,152.93665166666668,64.0,3922.0,1993.0,256.0,0.06391056999564167,4005.5979983214947,6000.0,,,,
california_housing,random_cert_b6000_k64,6000.0,5389.666666666667,0.8982777777777778,11.0,1.0,0.8235609990254923,0.6782534571745065,0.6359375419922086,0.4901817533712416,0.5096425423815742,0.30656246621357,0.7318157527057618,0.7318157527057618,1.0,1.6692471995877296,0.1983166414714033,8.0,0.677420465713035,64.0,7245747.666666667,58.465514068879806,153.56507766666667,64.0,4164.666666666667,2114.3333333333335,256.0,0.11365426370563599,2749.260447542125,6000.0,,,,
california_housing,random_forest,,,,11.0,1.0,0.5083675633139743,0.25866353882940923,0.3336589227104471,0.8056677820294094,0.19426757211111575,,,,,,,,,,299668883.0,14.461300722323358,14.362953333333337,256.0,4160912.6666666665,2080584.3333333333,256.0,0.019503055295596466,13520.903711957899,,14.461300722323358,14.362953333333337,1496236032.0,
california_housing,random_patches64,,,,11.0,1.0,0.8222653482345549,0.6765732242931124,0.6336209075782956,0.49183626166356276,0.5079908695232102,,,,,,,,,,4025362.6666666665,0.5592943472632518,0.5585146666665916,64.0,6860.666666666667,3462.3333333333335,256.0,0.05435177792484556,4921.230624370725,,0.5592943472632518,0.5585146666665916,1775299242.6666667,
california_housing,rf_leaf5,,,,11.0,1.0,0.515853042100216,0.2663503011037604,0.33809921650284086,0.7998949639896255,0.200038541522057,,,,,,,,,,49703651.0,12.670412624720484,12.422417000000015,256.0,689173.3333333334,344714.6666666667,256.0,0.017405957992499,15751.184015411907,,12.670412624720484,12.422417000000015,2026121898.6666667,
california_housing,rf_shallow64,,,,11.0,1.0,0.6327628048101978,0.4005829164900124,0.4533866063485419,0.6989243609554275,0.3009751529050822,,,,,,,,,,576371.0,1.7974556530049692,1.7910596666666834,64.0,7682.0,3873.0,256.0,0.0034051109881450335,77956.81359280694,,1.7974556530049692,1.7910596666666834,1773038250.6666667,
california_housing,signed_correlation_b6000_k64,6000.0,5389.666666666667,0.8982777777777778,11.0,1.0,0.6297766694850719,0.39671931622727996,0.46780037717391915,0.7018863553254189,0.2980127931498513,0.5096193957756415,0.6060833402406037,0.6060833402406037,1.0,2.404357410745861,0.3550103143109095,8.0,0.3970602393343565,64.0,7499575.333333333,62.51916130500225,156.0843723333334,64.0,7636.0,3850.0,256.0,0.1548497086235632,2017.880382727995,6000.0,,,,
california_housing,top_quality_b1000_k128,1000.0,907.0,0.907,11.0,1.0,0.6688061130541186,0.44741807957746677,0.48748035516731786,0.6637251828136018,0.33616159286041986,0.5717869228077489,0.7910118498155058,0.7910118498155058,1.0,1.5566779912052906,0.38379108861392314,8.0,0.4510162675304217,128.0,14912069.666666666,58.48069974943064,155.9958663333333,128.0,13729.333333333334,6928.666666666667,256.0,0.12798306904733173,2022.8255863178117,6000.0,,,,
california_housing,top_quality_b1000_k16,1000.0,907.0,0.907,11.0,1.0,0.6330756302417668,0.401516867383491,0.45206443064372137,0.6984379648637381,0.3014629492504446,0.6286785559438669,0.8242101718512044,0.8242101718512044,1.0,1.4085853981867806,0.5621164021164019,7.333333333333333,0.41264038409123627,16.0,1872832.3333333333,57.38258288777433,151.85647733333337,16.0,1938.0,977.0,256.0,0.0152110555985321,16955.527485139686,6000.0,,,,
california_housing,top_quality_b1000_k64,1000.0,907.0,0.907,11.0,1.0,0.6532965708693964,0.42714678017686875,0.4711571573664335,0.6790403803141981,0.32085311542726586,0.6031895411706879,0.8202680693929545,0.8202680693929545,1.0,1.4599611909001986,0.4443940539178634,8.0,0.4344031277223889,64.0,7505269.666666667,57.900464415395014,153.77450166666668,64.0,7722.0,3893.0,256.0,0.07266488927416499,3553.0121551325847,6000.0,,,,
california_housing,top_quality_b3000_k128,3000.0,2697.6666666666665,0.8992222222222223,11.0,1.0,0.6457106753490643,0.41729927622722207,0.46488782499914577,0.6864442275367025,0.31345179238131055,0.6154169422794835,0.8318273272310005,0.8318273272310005,1.0,1.4207219951041121,0.4786190788651417,8.0,0.42652854906930315,128.0,15034373.666666666,58.86034815261761,156.8152246666667,128.0,15400.666666666666,7764.333333333333,256.0,0.15864948610154286,1626.9198194800158,6000.0,,,,
california_housing,top_quality_b3000_k16,3000.0,2697.6666666666665,0.8992222222222223,11.0,1.0,0.6499709204231902,0.4232751949967118,0.46565014289160245,0.6821154186886238,0.31778010421527525,0.6370428604027835,0.9016009773089495,0.9016009773089495,1.0,1.2020810890586717,0.7799999999999999,5.0,0.4384609085323448,16.0,1871861.6666666667,57.55008758239759,152.0473946666667,16.0,1924.6666666666667,970.3333333333334,256.0,0.0172247916149596,15279.155877575722,6000.0,,,,
california_housing,top_quality_b3000_k64,3000.0,2697.6666666666665,0.8992222222222223,11.0,1.0,0.6342775631892915,0.4028722453537496,0.4546537059809217,0.6973613312850219,0.30253896619038856,0.6241817177928158,0.8224857334759736,0.8224857334759736,1.0,1.4446935439505495,0.534851347946586,8.0,0.4127418626820103,64.0,7508779.0,58.01907536030436,153.92444666666674,64.0,7759.333333333333,3911.6666666666665,256.0,0.07129724967914317,3597.9849204946713,6000.0,,,,
california_housing,top_quality_b300_k64,300.0,274.3333333333333,0.9144444444444444,11.0,1.0,0.7003482625330392,0.4907229691433835,0.5174573412231278,0.6310447168650919,0.3688321138387191,0.5396022762630895,0.8004855292619316,0.8004855292619316,1.0,1.4850152556585048,0.37320090073066264,8.0,0.4924041951951028,64.0,7270850.0,57.88419013819657,153.68388066666662,64.0,4470.0,2267.0,256.0,0.09318543054784334,2813.8065398151252,6000.0,,,,
california_housing,top_quality_b6000_k128,6000.0,5389.666666666667,0.8982777777777778,11.0,1.0,0.6350639022602151,0.4038911097129341,0.455128373783886,0.6965965330827663,0.30330361542696777,0.6233453758528592,0.8242757282849807,0.8242757282849807,1.0,1.4435051141138746,0.5333255218097737,8.0,0.4138426820041972,128.0,15041648.333333334,59.15682184680676,157.28419900000003,128.0,15502.666666666666,7815.333333333333,256.0,0.1496692084086438,1710.5526877028144,6000.0,,,,
california_housing,top_quality_b6000_k16,6000.0,5389.666666666667,0.8982777777777778,11.0,1.0,0.6701276239057546,0.44953972108006984,0.4793957731300396,0.6621213056266463,0.3377676646104118,0.6400831488599942,0.9677512115472711,0.9677512115472711,1.0,1.0623226143187747,0.93,4.666666666666667,0.4645293007098071,16.0,1870568.0,57.71114177683679,152.19113600000006,16.0,1906.6666666666667,961.3333333333334,256.0,0.015111944638192598,16979.32358899765,6000.0,,,,
california_housing,top_quality_b6000_k64,6000.0,5389.666666666667,0.8982777777777778,11.0,1.0,0.6327119129352046,0.4009830812791017,0.45288796725200964,0.6988424682005251,0.30105813327587333,0.6309151609396962,0.8352980910933573,0.8352980910933573,1.0,1.3995192127335094,0.5847663139329806,7.333333333333333,0.41141549856036885,64.0,7507179.0,58.13982204083974,153.99510800000002,64.0,7736.666666666667,3900.3333333333335,256.0,0.0708132636888573,3626.493654434386,6000.0,,,,
california_housing,top_quality_cert_b6000_k64,6000.0,5389.666666666667,0.8982777777777778,11.0,1.0,0.6327119129352046,0.4009830812791017,0.45288796725200964,0.6988424682005251,0.30105813327587333,0.6309151609396962,0.8352980910933573,0.8352980910933573,1.0,1.3995192127335094,0.5847663139329806,7.333333333333333,0.41141549856036885,64.0,7507179.0,58.502685041244455,154.473686,64.0,7736.666666666667,3900.3333333333335,256.0,0.1377148470686127,2359.5849207482183,6000.0,,,,
california_housing,top_quality_f05_d3_b1000_k64,1000.0,751.6666666666666,0.7516666666666666,11.0,1.0,0.8338678420619768,0.6954351789271391,0.6237004722806427,0.4773619612831274,0.5224606319129593,0.4768005227316361,0.9999999999999996,0.9999999999999996,1.0,1.0000000000000082,1.0,1.0,0.6964697987593459,64.0,7010501.666666667,57.49353406857699,152.08371766666664,64.0,960.0,512.0,256.0,0.05750573597227527,4468.468069073852,6000.0,,,,
california_housing,top_quality_f05_d6_b1000_k64,1000.0,760.0,0.7600000000000001,11.0,1.0,0.8312826623563693,0.6911221847879014,0.6190105392713,0.4805888983061543,0.5192347880619492,0.4747432777816713,0.9999999999999996,0.9999999999999996,1.0,1.000000000000006,1.0,1.0,0.6992111854699375,64.0,7486661.666666667,57.502850193607934,152.25361666666672,64.0,7573.333333333333,3818.6666666666665,256.0,0.06160173634998497,4164.6202173857755,6000.0,,,,
california_housing,top_quality_f20_d3_b1000_k64,1000.0,964.6666666666666,0.9646666666666667,11.0,1.0,0.7925597701173981,0.6282308125640736,0.5978955248214691,0.5278016459851492,0.4720383375238962,0.5040335473399186,0.9454773526578236,0.9454773526578236,1.0,1.1129373356497128,0.6661155202821869,3.3333333333333335,0.6245639077861926,64.0,7013719.333333333,57.542836068663746,152.2954106666666,64.0,960.0,512.0,256.0,0.06103413885769743,4207.159755056544,6000.0,,,,
california_housing,top_quality_f20_d6_b1000_k64,1000.0,913.3333333333334,0.9133333333333334,11.0,1.0,0.7000252100560561,0.4902249351630796,0.5111705018477908,0.6316246348428726,0.3682515003885025,0.5783950961072533,0.8719370775709369,0.8719370775709369,1.0,1.2829404082386036,0.6613756613756614,3.3333333333333335,0.4904603940563415,64.0,7506583.333333333,57.676823305276535,152.85365733333342,64.0,7805.333333333333,3934.6666666666665,256.0,0.06664870896687107,3861.0816714691487,6000.0,,,,
california_housing,top_quality_f50_d3_b1000_k64,1000.0,1000.0,1.0,11.0,1.0,0.7985478469126557,0.6378219542292501,0.6025717014315459,0.5205623939664329,0.4792760794845174,0.5228193865073898,0.9977349602561952,0.9977349602561952,1.0,1.0044594722601803,0.6393077601410934,6.666666666666667,0.6337698761550669,64.0,7019296.333333333,57.74173198523931,153.12160166666672,64.0,960.0,512.0,256.0,0.07330948634383573,3519.088658647472,6000.0,,,,
california_housing,top_quality_f50_d6_b1000_k64,1000.0,1000.0,1.0,11.0,1.0,0.6327119129352046,0.4009830812791017,0.45288796725200964,0.6988424682005251,0.30105813327587333,0.6309151609396962,0.8352980910933573,0.8352980910933573,1.0,1.3995192127335094,0.5847663139329806,7.333333333333333,0.41141549856036885,64.0,7507179.0,57.99223220759692,154.07840466666667,64.0,7736.666666666667,3900.3333333333335,256.0,0.07502383342944084,3412.430423542441,6000.0,,,,
california_housing,xgboost,,,,11.0,1.0,0.46615351032190966,0.21742057533829898,0.3082893474971591,0.8366258792263795,0.1633194992935527,,,,,,,,,,1376604.3333333333,0.4593854166256885,0.453969666666751,300.0,34286.0,17293.0,256.0,0.0016948189586400667,156347.09503485364,,0.4593854166256885,0.453969666666751,1948188672.0,
superconductivity,abs_correlation_b6000_k64,6000.0,6000.0,1.0,11.0,1.0,16.421435348691816,269.70370223139594,12.19806044469795,0.7704860526031805,0.22943404815795218,0.6267662835623471,0.619650848189827,0.619650848189827,0.9065313881616183,2.475229123239085,0.07031774369140263,81.0,266.15455977326184,64.0,7396993.333333333,257.68248372284387,959.6353996666663,64.0,5654.0,2859.0,256.0,0.0815447220423569,3139.414601466402,6000.0,,,,
superconductivity,caruana_b6000_k64,6000.0,6000.0,1.0,11.0,1.0,13.83981594392534,191.55536523151258,9.448128289234486,0.8369388757698643,0.16300387520682771,0.7848493190054703,0.7238823418136621,0.7238823418136621,0.8932546279315772,1.8586385498722748,0.2322972280128538,81.0,184.01837256571582,64.0,3910852.0,257.0706555279127,961.1036836666667,33.0,3819.6666666666665,1926.3333333333333,256.0,0.04730818071402604,5417.22288945755,6000.0,,,,
superconductivity,catboost,,,,11.0,1.0,11.640766525509607,135.52100140090397,7.695223231536673,0.8846147555169291,0.11534446132258318,,,,,,,,,,354014.3333333333,4.976561736237879,4.942767666666366,300.0,38100.0,19200.0,256.0,0.0014893473902096,173640.66179643324,,4.976561736237879,4.942767666666366,1828487168.0,
superconductivity,coerror_b1000_k128,1000.0,1000.0,1.0,11.0,1.0,14.086854572308127,198.46790783717958,9.651005832674548,0.8310788172031462,0.1688622347609171,0.7737293512910662,0.7397301748418431,0.7397301748418431,0.9193599281963957,1.8180715878279656,0.2224578345773525,81.0,197.07906535542693,128.0,15212158.666666666,262.28983976412565,983.3170976666669,128.0,14687.333333333334,7407.666666666667,256.0,0.13853323607084647,1850.114237286208,6000.0,,,,
superconductivity,coerror_b1000_k16,1000.0,1000.0,1.0,11.0,1.0,13.94742326410506,194.53371848672523,9.522115718715678,0.8344043400122175,0.16553728645589202,0.7827567194246269,0.7275936993367004,0.7275936993367004,0.824318165627551,1.790680728094156,0.22908988275928707,81.0,190.0425818773259,16.0,1895876.0,254.89882605623765,955.3521106666666,16.0,1845.3333333333333,930.6666666666666,256.0,0.02322320803068573,11026.54236590767,6000.0,,,,
superconductivity,coerror_b1000_k64,1000.0,1000.0,1.0,11.0,1.0,13.991767516375186,195.7822717590684,9.55903885535515,0.8333457086963646,0.16659580913864255,0.7779093374142699,0.7366345684425069,0.7366345684425069,0.9070311227752771,1.8202728659394862,0.2386422511650336,81.0,193.22806999042766,64.0,7598694.666666667,258.10528708365746,967.4847129999997,64.0,7353.333333333333,3708.6666666666665,256.0,0.09149397226671374,2798.6268028520103,6000.0,,,,
superconductivity,coerror_b3000_k128,3000.0,3000.0,1.0,11.0,1.0,13.923548975621918,193.87967876072537,9.520309385055164,0.8349711259542155,0.16497104033673007,0.7795625302603142,0.7338093679658168,0.7338093679658168,0.9275825563487201,1.8462331812393977,0.23002414021025772,81.0,190.5325861923701,128.0,15219884.0,264.1335359861453,988.0945426666667,128.0,14738.0,7433.0,256.0,0.15624837499732766,1657.9328625785158,6000.0,,,,
superconductivity,coerror_b3000_k16,3000.0,3000.0,1.0,11.0,1.0,13.838910745954296,191.52869797197522,9.463643967569048,0.8369559691230327,0.16298670921492797,0.7853337498085656,0.720387846926017,0.720387846926017,0.8520015835607523,1.8234274007770734,0.2224680577681122,81.0,186.03686981006373,16.0,1895132.0,254.99512677872553,955.1445573333327,16.0,1850.0,933.0,256.0,0.020375499967485635,12637.333023785066,6000.0,,,,
superconductivity,coerror_b3000_k64,3000.0,3000.0,1.0,11.0,1.0,13.86152293327352,192.15009993372948,9.476138141582824,0.8364382964627101,0.1635042596033845,0.7816787313731162,0.7289401987395846,0.7289401987395846,0.9100146154943757,1.857859381947901,0.23115063828685914,81.0,188.0080211038426,64.0,7596036.0,258.895306667313,968.6478786666667,64.0,7371.333333333333,3717.6666666666665,256.0,0.09081995859742163,2819.37611982088,6000.0,,,,
superconductivity,coerror_b300_k64,300.0,300.0,1.0,11.0,1.0,14.139514552056845,199.95045045355047,9.704803199931122,0.8298245428279861,0.1701160979163285,0.7696308966402069,0.741987076903785,0.741987076903785,0.9005990858447093,1.7971211109739853,0.21115259667842656,81.0,201.7205450671951,64.0,7587389.333333333,258.0800315561549,967.9409480000007,64.0,7325.333333333333,3694.6666666666665,256.0,0.0914295692928135,2802.13366368367,6000.0,,,,
superconductivity,coerror_b6000_k128,6000.0,6000.0,1.0,11.0,1.0,13.851351728052805,191.8804021941082,9.473016060788789,0.8366794086010435,0.16326347931883378,0.781592664548633,0.7298793740288673,0.7298793740288673,0.9257025329845373,1.8660415621943478,0.23797723827688255,81.0,187.76534798500634,128.0,15223097.333333334,265.7675687226777,989.7140593333335,128.0,14725.333333333334,7426.666666666667,256.0,0.16538340264620877,1558.482564528,6000.0,,,,
superconductivity,coerror_b6000_k16,6000.0,6000.0,1.0,11.0,1.0,13.873863114508852,192.50325166371826,9.459434652935103,0.8361320051197669,0.16381049863894304,0.7859777609423694,0.7182122243811726,0.7182122243811726,0.8605665680064281,1.833199381421003,0.2209945312387659,81.0,184.95375360307105,16.0,1894857.3333333333,255.42291920857193,955.5553033333334,16.0,1851.3333333333333,933.6666666666666,256.0,0.022394291280458303,11432.00736038559,6000.0,,,,
superconductivity,coerror_b6000_k256,6000.0,6000.0,1.0,11.0,1.0,13.905825257128342,193.39026226402345,9.509115311185191,0.8353919016518317,0.16455049152220824,0.7794894259480966,0.7340040500812224,0.7340040500812224,0.9378094679170146,1.851768435022918,0.23772482742375578,81.0,190.355294731761,256.0,30443812.0,277.9368312228471,1026.392971333333,256.0,29428.0,14842.0,256.0,0.2701734860117237,958.344325029272,6000.0,,,,
superconductivity,coerror_b6000_k64,6000.0,6000.0,1.0,11.0,1.0,13.806564476837353,190.6383586002011,9.447664892508818,0.8377285277221119,0.16221461859962463,0.7833669293507589,0.7264169410640053,0.7264169410640053,0.9218913742075947,1.8706622753890165,0.2283646438931423,81.0,185.90689045342484,64.0,7594780.0,259.90607425073784,970.0770479999995,64.0,7379.333333333333,3721.6666666666665,256.0,0.09087743028067047,2817.0082150149487,6000.0,,,,
superconductivity,coerror_cert_b6000_k64,6000.0,6000.0,1.0,11.0,1.0,13.806564476837353,190.6383586002011,9.447664892508818,0.8377285277221119,0.16221461859962463,0.7833669293507589,0.7264169410640053,0.7264169410640053,0.9218913742075947,1.8706622753890165,0.2283646438931423,81.0,185.90689045342484,64.0,7594780.0,260.1634677646992,970.863828666666,64.0,7379.333333333333,3721.6666666666665,256.0,0.09228026362446444,2774.494653184987,6000.0,,,,
superconductivity,coerror_f05_d3_b1000_k64,1000.0,1000.0,1.0,11.0,1.0,17.716090545841364,313.8602600535596,12.97222183994591,0.7328003865412519,0.2671050766112834,0.6519755156012093,0.7582066755285318,0.7582066755285318,0.9705003448744202,1.7228802352765367,0.0483886841773746,77.0,310.95349206803513,64.0,7029398.666666667,254.31693493070392,953.1035736666664,64.0,960.0,512.0,256.0,0.06801102799363427,3817.799190869832,6000.0,,,,
superconductivity,coerror_f05_d6_b1000_k64,1000.0,1000.0,1.0,11.0,1.0,14.614855662135923,213.6054998006197,10.228044049042708,0.8181836987431668,0.18175255010294325,0.747140203789915,0.7097731789812661,0.7097731789812661,0.8669651995061288,1.9596947842643277,0.05422230620643317,78.0,211.92348399996874,64.0,7494336.0,254.59838199972486,954.2312823333335,64.0,7414.666666666667,3739.3333333333335,256.0,0.07915744441561397,3289.6565112575095,6000.0,,,,
superconductivity,coerror_f20_d3_b1000_k64,1000.0,1000.0,1.0,11.0,1.0,17.435477344024132,304.0087338403301,12.635512579366987,0.741234195941178,0.2586747713998558,0.676241898590706,0.7821906945763489,0.7821906945763489,0.9901827508783582,1.6176648462876742,0.12308506291910509,81.0,298.6405175238874,64.0,7076753.333333333,255.4298094859502,957.3208906666665,64.0,960.0,512.0,256.0,0.09220013930462297,2830.802763939153,6000.0,,,,
superconductivity,coerror_f20_d6_b1000_k64,1000.0,1000.0,1.0,11.0,1.0,13.932541333080264,194.1232460558929,9.580034231429002,0.8347660623794305,0.16517592945564288,0.7766377113114741,0.7218235364099552,0.7218235364099552,0.859821144549163,1.8932877336105787,0.12803948167754803,81.0,190.56254267884694,64.0,7540161.333333333,256.4170144870877,960.5999613333335,64.0,7392.666666666667,3728.3333333333335,256.0,0.08646187504443024,2966.3504804270287,6000.0,,,,
superconductivity,coerror_f50_d3_b1000_k64,1000.0,1000.0,1.0,11.0,1.0,17.708557549599224,313.5973338503991,12.68168594191521,0.7330497562108375,0.266856122293133,0.6839820991428098,0.815806166545949,0.815806166545949,0.9994899196393824,1.4877167254564523,0.34496550633983386,81.0,303.9407239273109,64.0,7171406.666666667,257.7968599864592,965.936866,64.0,960.0,512.0,256.0,0.10232005602059262,2530.6174812936692,6000.0,,,,
superconductivity,coerror_f50_d6_b1000_k64,1000.0,1000.0,1.0,11.0,1.0,13.925241404706442,193.9417565160096,9.488432467316178,0.8349191456074837,0.16502313551177333,0.7845290461665607,0.7405975658849467,0.7405975658849467,0.9218913742075947,1.7992660945252545,0.34645911999389806,81.0,188.54068060603504,64.0,7631166.666666667,260.1745465840989,973.7876116666663,64.0,7338.0,3701.0,256.0,0.09959591669030483,2587.378497280637,6000.0,,,,
superconductivity,coerror_swap_b6000_k64,6000.0,6000.0,1.0,11.0,1.0,13.810910589210891,190.7601690392037,9.448885542256535,0.8376253453703982,0.16231778583311796,0.7833477508726382,0.7263522897668286,0.7263522897668286,0.9218913742075947,1.8710237791916688,0.22857070509166752,81.0,185.90506613233683,64.0,7594806.666666667,259.79182551397633,969.9294883333331,64.0,7380.0,3722.0,256.0,0.09086341666989019,2819.86030504941,6000.0,,,,
superconductivity,extra_trees,,,,11.0,1.0,9.899487145330518,98.1670825405581,5.429849610714206,0.9165013759100925,0.08346959974831757,,,,,,,,,,344390467.0,30.56812479160726,30.58541033333351,256.0,4781988.0,2391122.0,256.0,0.018641264100248533,13777.42274202111,,30.56812479160726,30.58541033333351,1810628608.0,
superconductivity,lightgbm,,,,11.0,1.0,10.323691517595915,106.61198354590312,6.3777424324560785,0.9092853238297304,0.09068335423517067,,,,,,,,,,850967.0,1.9128461939593155,1.9105096666665606,300.0,18300.0,9300.0,256.0,0.006218902921924933,41527.88371162165,,1.9128461939593155,1.9105096666665606,1773862912.0,
superconductivity,linear,,,,11.0,1.0,17.772847444065956,315.88993572048855,13.496797528738169,0.7311193284945992,0.26878635785542787,,,,,,,,,,9562.0,0.08273306970174106,0.08199899999992033,1.0,,,256.0,0.0010505412550022,244294.16539486777,,0.08273306970174106,0.08199899999992033,1829360981.3333333,82.0
superconductivity,quality_diversity_l002_b6000_k64,6000.0,6000.0,1.0,11.0,1.0,14.003050136911993,196.12025057023553,9.4419437023934,0.8330728173478025,0.16686893679570577,0.790375674961187,0.7832036730821482,0.7832036730821482,0.9359761858763629,1.610744616510292,0.30600443307356723,81.0,193.87396980682138,64.0,7620116.0,260.9968935416546,973.2997426666662,64.0,7362.666666666667,3713.3333333333335,256.0,0.09451244429995613,2708.9564340800716,6000.0,,,,
superconductivity,quality_diversity_l01_b6000_k64,6000.0,6000.0,1.0,11.0,1.0,13.895360678982987,193.09585401545021,9.441546833449982,0.8356412199535943,0.16430121233703773,0.7888363559510259,0.756463169082403,0.756463169082403,0.9348274681280021,1.7252846160776698,0.27604390205250023,81.0,188.68820268175008,64.0,7610908.0,261.08561766714166,973.0786046666664,64.0,7360.666666666667,3712.3333333333335,256.0,0.09453822229988869,2708.8397458709564,6000.0,,,,
superconductivity,quality_diversity_l05_b6000_k64,6000.0,6000.0,1.0,11.0,1.0,13.870170319583188,192.40255046282417,9.529701034526793,0.8362259116323699,0.1637167296523687,0.7763922246481819,0.7089110211049269,0.7089110211049269,0.9090462992194528,1.9647277265963705,0.19615846861443983,81.0,187.18590462391816,64.0,7583608.0,259.7769030694229,968.408711333333,64.0,7389.333333333333,3726.6666666666665,256.0,0.09166238938147815,2794.7387932255865,6000.0,,,,
superconductivity,random_b1000_k128,1000.0,1000.0,1.0,11.0,1.0,16.432747632720897,270.04413418249175,11.70482541489011,0.7700924292678945,0.2298258778384387,0.6922821400063137,0.7489044634785994,0.7489044634785994,0.9888524925974956,1.7525909193139324,0.11954115295813438,81.0,269.2298454504994,128.0,14667553.333333334,258.20434395906824,968.2053139999999,128.0,8268.0,4198.0,256.0,0.12963383365422487,1975.67864104851,6000.0,,,,
superconductivity,random_b1000_k16,1000.0,1000.0,1.0,11.0,1.0,16.70293023042723,279.0652168246134,11.878502087924803,0.7625588217939202,0.23735894074256025,0.6939292901768014,0.7688969056296248,0.7688969056296248,0.9274364413101731,1.5869351034473158,0.12592021010101864,81.0,280.7924484830642,16.0,1818312.0,254.36964083408625,953.2910116666661,16.0,892.0,454.0,256.0,0.018891986304273134,13555.484129508193,6000.0,,,,
superconductivity,random_b1000_k64,1000.0,1000.0,1.0,11.0,1.0,16.337146267041174,266.92021315599817,11.644146064980502,0.7728029164630695,0.22711746861505308,0.6878994299151846,0.736904077469262,0.736904077469262,0.9564673033034653,1.8042854643111568,0.1177968423200962,81.0,268.39380095144116,64.0,7341832.0,256.1380931114157,960.4156996666666,64.0,4420.0,2242.0,256.0,0.08396045832584297,3050.0420921451446,6000.0,,,,
superconductivity,random_b3000_k128,3000.0,3000.0,1.0,11.0,1.0,16.339637969608855,266.99612631309896,11.675909085037945,0.7727036465498518,0.2272157736412883,0.6873121615911572,0.7385677173078075,0.7385677173078075,0.9880526241736506,1.810695895736804,0.12088084215145574,81.0,268.6247088668476,128.0,14685649.333333334,259.0938195557489,970.6390160000004,128.0,8470.666666666666,4299.333333333333,256.0,0.14294549970266715,1811.5219906270897,6000.0,,,,
superconductivity,random_b3000_k16,3000.0,3000.0,1.0,11.0,1.0,15.603215039916805,243.56857109430794,11.008410172375205,0.7927086279705309,0.20721826484715888,0.7172109610197038,0.7228816557835804,0.7228816557835804,0.8645374552503019,1.8010373645877678,0.17269558555499184,81.0,242.76468887217416,16.0,1849790.6666666667,254.77416862508593,954.1983416666666,16.0,1270.6666666666667,643.3333333333334,256.0,0.0167005553375929,15337.45862250485,6000.0,,,,
superconductivity,random_b3000_k64,3000.0,3000.0,1.0,11.0,1.0,16.19705804085313,262.3777891961163,11.529401975373583,0.7766360335883205,0.2232854592692358,0.6932284343062382,0.7329827252339189,0.7329827252339189,0.983257231275191,1.8229275780662244,0.1249609156758434,81.0,262.50250447804507,64.0,7353873.333333333,256.31745423562825,960.58423,64.0,4550.666666666667,2307.3333333333335,256.0,0.07939499996912973,3279.7787137575583,6000.0,,,,
superconductivity,random_b6000_k128,6000.0,6000.0,1.0,11.0,1.0,16.54754710373366,273.92077096753354,11.823824332677544,0.7668856701434087,0.2330335974998946,0.6850696477917645,0.747118938009268,0.747118938009268,0.994402535465499,1.7622885000191992,0.12019383379137329,81.0,274.4572337026891,128.0,14642754.666666666,259.6750123477541,971.8617903333337,128.0,7873.333333333333,4000.6666666666665,256.0,0.16244404134340582,1588.8320797740234,6000.0,,,,
superconductivity,random_b6000_k16,6000.0,6000.0,1.0,11.0,1.0,16.658442955233337,277.6468224903986,12.010361267459812,0.7636183659947426,0.2362987673957603,0.681926793086968,0.7492582235634145,0.7492582235634145,0.9429548181706143,1.6898170157622456,0.1413904416078862,81.0,282.89337643963387,16.0,1819450.0,255.13495158365308,954.0555963333333,16.0,885.3333333333334,450.6666666666667,256.0,0.018052069625506734,14221.854996587592,6000.0,,,,
superconductivity,random_b6000_k64,6000.0,6000.0,1.0,11.0,1.0,16.51484923312921,272.899482558995,11.807041467453047,0.7678406910903611,0.2320789263105646,0.6838809984234228,0.7366016050162675,0.7366016050162675,0.9705272228240643,1.8035780743235847,0.11329073396538884,81.0,272.00699494588963,64.0,7325405.333333333,256.5155436674443,960.583201,64.0,4229.333333333333,2146.6666666666665,256.0,0.08906551341836648,2889.5415413927244,6000.0,,,,
superconductivity,random_cert_b6000_k64,6000.0,6000.0,1.0,11.0,1.0,16.51484923312921,272.899482558995,11.807041467453047,0.7678406910903611,0.2320789263105646,0.6838809984234228,0.7366016050162675,0.7366016050162675,0.9705272228240643,1.8035780743235847,0.11329073396538884,81.0,272.00699494588963,64.0,7325405.333333333,256.87469440333854,960.6344123333332,64.0,4229.333333333333,2146.6666666666665,256.0,0.0858641526040931,2981.66336747505,6000.0,,,,
superconductivity,random_forest,,,,11.0,1.0,10.206069219050379,104.29278428894038,5.806895976892363,0.9113003800866335,0.08866908388027771,,,,,,,,,,230809315.0,98.84868255552526,98.88918166666645,256.0,3204472.0,1602364.0,256.0,0.017075416631996566,15059.901253596277,,98.84868255552526,98.88918166666645,1365928618.6666667,
superconductivity,random_patches64,,,,11.0,1.0,14.735153185496147,217.13668444690185,10.156905867319727,0.8151674745105248,0.18476763051245326,,,,,,,,,,4086761.3333333335,2.4850840279832482,2.48695800000011,64.0,6845.333333333333,3454.6666666666665,256.0,0.04872697227013603,5269.235288503315,,2.4850840279832482,2.48695800000011,1438892032.0,
superconductivity,rf_leaf5,,,,11.0,1.0,10.34204426456468,106.98688713993926,6.04158935649455,0.9089654320413989,0.0910030898282362,,,,,,,,,,47462707.0,80.74304833333008,80.78559866666653,256.0,657991.3333333334,329123.6666666667,256.0,0.013994708424434033,18348.96728280341,,80.74304833333008,80.78559866666653,1834805930.6666667,
superconductivity,rf_shallow64,,,,11.0,1.0,14.374059849416804,206.67909830429008,9.685887454329523,0.8241045708898778,0.17583440956079777,,,,,,,,,,551683.0,11.202063583303243,11.208431666666305,64.0,7281.333333333333,3672.6666666666665,256.0,0.0029330973823865,87535.7270179679,,11.202063583303243,11.208431666666305,1436947797.3333333,
superconductivity,signed_correlation_b6000_k64,6000.0,6000.0,1.0,11.0,1.0,16.421435348691816,269.70370223139594,12.19806044469795,0.7704860526031805,0.22943404815795218,0.6267662835623471,0.619650848189827,0.619650848189827,0.9065313881616183,2.475229123239085,0.07031774369140263,81.0,266.15455977326184,64.0,7396993.333333333,257.2618309862446,959.6811529999999,64.0,5654.0,2859.0,256.0,0.0810359023356189,3159.328318408421,6000.0,,,,
superconductivity,top_quality_b1000_k128,1000.0,1000.0,1.0,11.0,1.0,14.101307759396908,198.87654382579262,9.61366419999847,0.830733824719737,0.1692071422940146,0.7772868051396916,0.7618330882757459,0.7618330882757459,0.9234691697821451,1.7104767767875566,0.27355812691560466,81.0,199.9634431277675,128.0,15248658.666666666,263.00759663906257,986.957800333333,128.0,14700.0,7414.0,256.0,0.13831772236153475,1852.3041782403977,6000.0,,,,
superconductivity,top_quality_b1000_k16,1000.0,1000.0,1.0,11.0,1.0,14.210051313850341,201.96681910917388,9.56302440029402,0.8281252796932166,0.1718150452218065,0.7882936359317482,0.7879450222527038,0.7879450222527038,0.9060955780389336,1.5490645615364773,0.308127035871443,81.0,199.405067029365,16.0,1902749.0,254.95799563941546,955.8220106666664,16.0,1848.6666666666667,932.3333333333334,256.0,0.023845347265402467,10741.604071107024,6000.0,,,,
superconductivity,top_quality_b1000_k64,1000.0,1000.0,1.0,11.0,1.0,14.097488020547388,198.7933047880829,9.578037375146087,0.8308371123552014,0.16910433991913842,0.7822230206629786,0.7673816469751173,0.7673816469751173,0.9211590157009985,1.6767348122116459,0.2881646249966608,81.0,197.4131058888513,64.0,7616894.666666667,258.6230068337948,969.8972349999999,64.0,7379.333333333333,3721.6666666666665,256.0,0.09113129205070432,2809.303627266649,6000.0,,,,
superconductivity,top_quality_b3000_k128,3000.0,3000.0,1.0,11.0,1.0,14.023901125299588,196.71319900111996,9.493150261101695,0.8325974340051469,0.1673444795800997,0.7847775436578696,0.7756262588640498,0.7756262588640498,0.931602080331371,1.6502019889456818,0.30433467033342193,81.0,196.71096965766347,128.0,15271806.666666666,264.41119502826285,991.8327263333332,128.0,14768.666666666666,7448.333333333333,256.0,0.15712877797583735,1660.920131226695,6000.0,,,,
superconductivity,top_quality_b3000_k16,3000.0,3000.0,1.0,11.0,1.0,14.071877318661793,198.03963526453992,9.437890846967283,0.8314364626302377,0.168504594588664,0.7927691902817978,0.7922075371664207,0.7922075371664207,0.905473172120467,1.5341588153250243,0.31597180283549214,81.0,196.2228284128865,16.0,1902745.3333333333,255.03514781982327,955.8672606666668,16.0,1842.6666666666667,929.3333333333334,256.0,0.022009041703616533,11706.229055909513,6000.0,,,,
superconductivity,top_quality_b3000_k64,3000.0,3000.0,1.0,11.0,1.0,14.068814051284212,197.9768598083987,9.486426380159395,0.831521672427208,0.16841987789586607,0.788018342132728,0.7844388986625125,0.7844388986625125,0.931602080331371,1.6060078425625532,0.31343090321250794,81.0,196.35873102870735,64.0,7623668.0,258.9808547363306,970.927371666667,64.0,7370.666666666667,3717.3333333333335,256.0,0.0900375970328847,2860.8116087443796,6000.0,,,,
superconductivity,top_quality_b300_k64,300.0,300.0,1.0,11.0,1.0,14.166645903944186,200.71851480394753,9.688680595547945,0.8291731626054916,0.1707672663016431,0.7726187173834617,0.7574737410997904,0.7574737410997904,0.9034615089285561,1.72086616887002,0.23989343051092993,81.0,203.46153342517997,64.0,7598198.666666667,258.4802670414404,969.5604736666673,64.0,7336.666666666667,3700.3333333333335,256.0,0.09148840264727666,2798.5861722179543,6000.0,,,,
superconductivity,top_quality_b6000_k128,6000.0,6000.0,1.0,11.0,1.0,14.055773605534903,197.62181438931748,9.489245562504705,0.8318202407308471,0.1681214591865139,0.7880144431367624,0.7850797903141989,0.7850797903141989,0.9436231131939022,1.6118915093416577,0.31021148494838396,81.0,196.10332316655345,128.0,15269574.666666666,265.3861595563746,994.7206893333333,128.0,14707.333333333334,7417.666666666667,256.0,0.16589098602222896,1549.4787657786744,6000.0,,,,
superconductivity,top_quality_b6000_k16,6000.0,6000.0,1.0,11.0,1.0,14.016600746338717,196.47798424299916,9.414526449434764,0.8327400610444716,0.16720109687444884,0.7941465987607349,0.7930052353808842,0.7930052353808842,0.9031652829250804,1.531557279621314,0.30863092125668373,80.66666666666667,195.10178656381015,16.0,1900953.3333333333,255.3365360412281,955.9769863333328,16.0,1833.3333333333333,924.6666666666666,256.0,0.0238452500198036,10737.046506126911,6000.0,,,,
superconductivity,top_quality_b6000_k64,6000.0,6000.0,1.0,11.0,1.0,14.037884347181505,197.10276594238755,9.440277380309098,0.8322337639590113,0.1677077011719983,0.7904571617233511,0.7935602960032856,0.7935602960032856,0.9359761858763629,1.570968700324138,0.31915407327431966,81.0,196.3292367390137,64.0,7623070.666666667,259.6632217784257,972.970707666667,64.0,7350.666666666667,3707.3333333333335,256.0,0.09495420831566054,2696.4550171961005,6000.0,,,,
superconductivity,top_quality_cert_b6000_k64,6000.0,6000.0,1.0,11.0,1.0,14.037884347181505,197.10276594238755,9.440277380309098,0.8322337639590113,0.1677077011719983,0.7904571617233511,0.7935602960032856,0.7935602960032856,0.9359761858763629,1.570968700324138,0.31915407327431966,81.0,196.3292367390137,64.0,7623070.666666667,259.7152751116858,972.9995016666661,64.0,7350.666666666667,3707.3333333333335,256.0,0.09405505564063783,2721.9042367498964,6000.0,,,,
superconductivity,top_quality_f05_d3_b1000_k64,1000.0,1000.0,1.0,11.0,1.0,18.087746931821204,327.1756356166975,13.007212726617704,0.7214718067559689,0.2784295208759194,0.6680445396194822,0.8297274638738674,0.8297274638738674,0.9844867878910645,1.4388855333408639,0.06485746304694717,75.0,324.92074680215256,64.0,7029664.0,254.13427911116742,952.8698366666666,64.0,960.0,512.0,256.0,0.06608306973551707,3932.6505645451093,6000.0,,,,
superconductivity,top_quality_f05_d6_b1000_k64,1000.0,1000.0,1.0,11.0,1.0,14.808327453075984,219.32667134909468,10.212903483128907,0.8133300388084446,0.18660492779414264,0.7535986841285038,0.7512112838172104,0.7512112838172104,0.8839037375131727,1.7477533917678916,0.07046603363567645,76.33333333333333,218.7189272735558,64.0,7496838.0,254.40990226413123,953.9205570000004,64.0,7453.333333333333,3758.6666666666665,256.0,0.0748385000818719,3435.4803799869983,6000.0,,,,
superconductivity,top_quality_f20_d3_b1000_k64,1000.0,1000.0,1.0,11.0,1.0,17.881525010908756,319.74967108092613,12.698677118181251,0.7277902328147379,0.2721134992925119,0.6901870199904864,0.8658312670949471,0.8658312670949471,0.996181575683763,1.322979907867295,0.1350388582314717,81.0,316.2084638549279,64.0,7077548.0,255.3021959865,957.2605616666664,64.0,960.0,512.0,256.0,0.08406858379021283,3045.306063982743,6000.0,,,,
superconductivity,top_quality_f20_d6_b1000_k64,1000.0,1000.0,1.0,11.0,1.0,14.096442581868265,198.73221049127335,9.644256504670826,0.8308448256389043,0.16909600832712543,0.7806755489719945,0.7519964576023433,0.7519964576023433,0.9058695881021599,1.745428235634092,0.13557528569142044,81.0,194.9225156876577,64.0,7537201.333333333,256.29747306974605,960.7615893333331,64.0,7347.333333333333,3705.6666666666665,256.0,0.09088961135906475,2854.3469591933667,6000.0,,,,
superconductivity,top_quality_f50_d3_b1000_k64,1000.0,1000.0,1.0,11.0,1.0,18.4080360859214,338.9556458802533,12.821314997890418,0.7115075253589968,0.28839212125536734,0.6972196224756045,0.9320950894020057,0.9320950894020057,1.0,1.1446306487851885,0.3532969247561419,81.0,332.289350831023,64.0,7172612.0,257.6248817218002,965.7048459999997,64.0,960.0,512.0,256.0,0.09403069433756166,2724.1501850740224,6000.0,,,,
superconductivity,top_quality_f50_d6_b1000_k64,1000.0,1000.0,1.0,11.0,1.0,14.09173702776345,198.63066889320316,9.459434802868392,0.830927153595474,0.16901385213491338,0.7900711459816745,0.8000940329192784,0.8000940329192784,0.9370259897008416,1.5472301633679317,0.35135397165108806,81.0,198.27562697910344,64.0,7631860.0,259.8615774034988,974.0296269999999,64.0,7336.0,3700.0,256.0,0.09736595869374766,2629.8246896026976,6000.0,,,,
superconductivity,xgboost,,,,11.0,1.0,10.246423772769335,105.01753826236391,6.282516442908604,0.9106457059977519,0.08932336552187616,,,,,,,,,,1272993.3333333333,3.348429361358285,3.3404723333333854,300.0,31108.666666666668,15704.333333333334,256.0,0.0018676109611987333,137733.62013675025,,3.348429361358285,3.3404723333333854,1759390378.6666667,
