method,mean_rank,tasks,task_type
abs_correlation,10.25,8,binary
caruana,12.0,9,binary
catboost,3.5555555555555554,9,binary
certified_random,16.5625,8,binary
coerror,13.875,8,binary
coerror_greedy,11.3125,8,binary
coerror_no_cert,11.722222222222221,9,binary
covariance_only,14.375,8,binary
direct_auroc,14.777777777777779,9,binary
direct_squared,11.125,8,binary
et_shallow,20.11111111111111,9,binary
extra_trees,5.333333333333333,9,binary
lightgbm,6.111111111111111,9,binary
minimax,11.625,8,binary
prediction_correlation,15.125,8,binary
quality_diversity,17.1875,8,binary
random_forest,7.333333333333333,9,binary
random_patches,17.77777777777778,9,binary
random_subspace,18.944444444444443,9,binary
rf_shallow,13.777777777777779,9,binary
shrinkage,16.625,8,binary
signed_correlation,10.25,8,binary
top_no_cert,14.88888888888889,9,binary
top_quality,17.3125,8,binary
xgboost,5.444444444444445,9,binary
abs_correlation,11.5,4,regression
caruana,7.0,9,regression
catboost,2.5555555555555554,9,regression
certified_random,19.75,4,regression
coerror,13.875,4,regression
coerror_greedy,11.75,4,regression
coerror_no_cert,7.888888888888889,9,regression
covariance_only,13.875,4,regression
direct_squared,11.75,4,regression
et_shallow,11.333333333333334,9,regression
extra_trees,4.111111111111111,9,regression
lightgbm,7.222222222222222,9,regression
minimax,14.5,4,regression
prediction_correlation,17.5,4,regression
quality_diversity,18.0,4,regression
random_forest,4.555555555555555,9,regression
random_patches,13.555555555555555,9,regression
random_subspace,13.11111111111111,9,regression
rf_shallow,7.444444444444445,9,regression
shrinkage,16.25,4,regression
signed_correlation,11.5,4,regression
top_no_cert,11.277777777777779,9,regression
top_quality,18.125,4,regression
xgboost,7.333333333333333,9,regression
