dataset,method,B,certified_count,certification_rate,seed,fold,auroc,auprc,log_loss,brier,balanced_accuracy,ece_10,normalized_squared_loss,mean_selected_quality,mean_residual_correlation,mean_abs_residual_correlation,max_abs_residual_correlation,residual_effective_rank,mean_feature_jaccard,feature_coverage,oof_squared_loss,requested_K,model_bytes,train_wall_seconds,train_cpu_seconds,retained_count,nodes,leaves,inference_batch_rows,inference_batch_seconds,inference_rows_per_second,generated_B,wall_seconds,cpu_seconds,observed_peak_rss_bytes,coefficient_count
credit_default,abs_correlation_b6000_k64,6000.0,5953.0,0.9921666666666668,11.0,1.0,0.7787491850034468,0.5563084746300606,0.44532568895182895,0.14043493193640944,0.5726161373410298,0.059292039273402264,0.8151992546246137,0.6760826960668288,0.8947993844468932,0.8947993844468932,0.9847161786143862,1.2418056384510232,0.24611067283288582,23.0,0.14069291135688042,64.0,7538312.333333333,101.57440118057032,230.33255700000004,64.0,6566.666666666667,3315.3333333333335,256.0,0.08434048558895783,3140.0359191755656,6000.0,,,,
credit_default,caruana_b6000_k64,6000.0,5953.0,0.9921666666666668,11.0,1.0,0.7778798211566332,0.5630338387106791,0.4296851396273902,0.13403628470235926,0.6560909627517267,0.018281198882070367,0.7780557321326147,0.7375835040680206,0.9328758880083212,0.9328758880083212,0.9810978182624863,1.1457003996733923,0.27874520561576155,23.0,0.13302109448098817,64.0,3862823.3333333335,99.79631881959115,227.44701733333332,33.0,3207.6666666666665,1620.3333333333333,256.0,0.046890138726060536,5638.221074894776,6000.0,,,,
credit_default,catboost,,,,11.0,1.0,0.784370077855787,0.5664002183460202,0.4253873815205474,0.13288830278471608,0.6624206394836296,0.010500794881910634,0.7713921095296797,,,,,,,,,,347476.3333333333,1.4919255276521046,1.468151333333329,300.0,37940.0,19120.0,256.0,0.0018580549707015,139008.47704228075,,1.4919255276521046,1.468151333333329,1580701013.3333333,
credit_default,coerror_b1000_k128,1000.0,993.3333333333334,0.9933333333333333,11.0,1.0,0.7780611178404667,0.5641919693200346,0.4302784126838173,0.1342044069879697,0.6565381873375803,0.0217367857620008,0.7790316691230532,0.733274839785406,0.9373821025039003,0.9373821025039003,0.9993502101859134,1.1386360696035729,0.2691350702824961,23.0,0.13413706839022851,128.0,14965635.0,100.46324098599143,231.17486599999998,128.0,11160.0,5644.0,256.0,0.14266431968038276,1809.0282742271172,6000.0,,,,
credit_default,coerror_b1000_k16,1000.0,993.3333333333334,0.9933333333333333,11.0,1.0,0.7761061606457469,0.561308016390217,0.4304250291490031,0.13426642815314194,0.6574789956228105,0.0169720486602308,0.7793918207094884,0.7402527088063501,0.9404536947507603,0.9404536947507603,0.9844522905683686,1.1227480700017558,0.2649590626474011,23.0,0.13362024643093892,16.0,1865596.6666666667,98.86259676376358,225.86311999999995,16.0,1454.0,735.0,256.0,0.0191291662243505,13481.352422481,6000.0,,,,
credit_default,coerror_b1000_k64,1000.0,993.3333333333334,0.9933333333333333,11.0,1.0,0.7780166679352495,0.5641128725377454,0.42976193034517857,0.13405130846532573,0.6564918090594792,0.018289466632337634,0.7781429739409571,0.7366641608290968,0.9374497521470468,0.9374497521470468,0.9926185889412203,1.137045537090949,0.27395549056934826,23.0,0.13380171585313572,64.0,7493292.666666667,99.54121818075267,228.0668106666666,64.0,5962.0,3013.0,256.0,0.07974215232146277,3308.9002499013077,6000.0,,,,
credit_default,coerror_b3000_k128,3000.0,2976.6666666666665,0.9922222222222222,11.0,1.0,0.7786915365657604,0.5646645339383013,0.42956664869139377,0.13401085779018063,0.6567815391455665,0.019090751935994,0.7779080863817507,0.7377407707619447,0.9368954654057262,0.9368954654057262,0.9975892476936208,1.1396014959655163,0.2783507053716697,23.0,0.13361759799453568,128.0,15047420.666666666,101.28601895862569,232.1920489999999,128.0,12202.666666666666,6165.333333333333,256.0,0.14348716669095052,1794.2189435872867,6000.0,,,,
credit_default,coerror_b3000_k16,3000.0,2976.6666666666665,0.9922222222222222,11.0,1.0,0.7775859343947072,0.5625153335399647,0.4296729832802684,0.13402205812960835,0.6565418094427707,0.01748854032574647,0.7779731559950441,0.7430949941787244,0.9414526623474075,0.9414526623474075,0.9763002840508307,1.1204238358551581,0.2596393435354349,23.0,0.13331838388810832,16.0,1870907.6666666667,99.02557838933232,226.0493816666666,16.0,1537.3333333333333,776.6666666666666,256.0,0.01952554169110947,13206.51700092977,6000.0,,,,
credit_default,coerror_b3000_k64,3000.0,2976.6666666666665,0.9922222222222222,11.0,1.0,0.7788266881356002,0.5644465283527955,0.42945753290918054,0.13399265263733162,0.6566855437757284,0.0186228869329977,0.7778023619530922,0.7392023943841973,0.9370324479876513,0.9370324479876513,0.9897696626945667,1.1380664710334023,0.2818696559914264,23.0,0.13342024442113334,64.0,7508594.0,99.9435623191918,228.5548213333334,64.0,6151.333333333333,3107.6666666666665,256.0,0.07821665300677216,3294.6052131507045,6000.0,,,,
credit_default,coerror_b300_k64,300.0,298.0,0.9933333333333333,11.0,1.0,0.7772755233816647,0.5630206512250974,0.43126111976157794,0.13449710242722016,0.6556314345069721,0.023449917748826835,0.7807307967947018,0.7293401642581108,0.9387357174734429,0.9387357174734429,0.9986951372195993,1.1343712415032108,0.2673434974346374,23.0,0.13455950633731997,64.0,7410679.333333333,99.44265123619698,228.07419199999995,64.0,4943.333333333333,2503.6666666666665,256.0,0.0808878890238702,3261.9672318701264,6000.0,,,,
credit_default,coerror_b6000_k128,6000.0,5953.0,0.9921666666666668,11.0,1.0,0.7788595410055876,0.564777812910178,0.4294148539105895,0.1339589496168644,0.6562823593894932,0.0185805607016559,0.7776067840478366,0.7393192417562684,0.9379590297865356,0.9379590297865356,0.9963161391750756,1.1370338883421593,0.2793941836454075,23.0,0.13334691259846068,128.0,15045820.666666666,102.4993955696312,233.63825500000007,128.0,12272.666666666666,6200.333333333333,256.0,0.15170213875050342,1709.1354526157731,6000.0,,,,
credit_default,coerror_b6000_k16,6000.0,5953.0,0.9921666666666668,11.0,1.0,0.7769954386444656,0.5625597025272328,0.42994492707154225,0.13408827255688127,0.6566563177946937,0.016476517317676333,0.7783575943250164,0.7423248160116822,0.9411476198348828,0.9411476198348828,0.9756828978182375,1.121141185556178,0.2675962312875367,23.0,0.13316388598109544,16.0,1868466.0,99.33423358357201,226.37190066666668,16.0,1523.3333333333333,769.6666666666666,256.0,0.0198379582725465,13142.0321070089,6000.0,,,,
credit_default,coerror_b6000_k256,6000.0,5953.0,0.9921666666666668,11.0,1.0,0.7788669225424228,0.5648832275271337,0.42947585412798905,0.1339779070550178,0.6564916557428574,0.019236327500279166,0.7777168259710074,0.7380451258153643,0.9374440186874646,0.9374440186874646,0.9999999999999982,1.1388821798804103,0.2769401139834329,23.0,0.13357395680011389,256.0,30083346.0,106.71019194461405,244.36064166666665,256.0,24370.666666666668,12313.333333333334,256.0,0.29370008323652047,879.0982958121053,6000.0,,,,
credit_default,coerror_b6000_k64,6000.0,5953.0,0.9921666666666668,11.0,1.0,0.7786781498719823,0.5640129223797398,0.4294649446589452,0.13397510268138388,0.6566547271347423,0.018613722382770367,0.77770052956431,0.7401902235368619,0.9376108959670476,0.9376108959670476,0.9851558486224041,1.1365721375315496,0.2821523967539858,23.0,0.13319445388218018,64.0,7508978.0,100.68528248594764,229.45789866666667,64.0,6205.333333333333,3134.6666666666665,256.0,0.0807562360229591,3243.0383262406394,6000.0,,,,
credit_default,coerror_cert_b6000_k64,6000.0,5953.0,0.9921666666666668,11.0,1.0,0.7786781498719823,0.5640129223797398,0.4294649446589452,0.13397510268138388,0.6566547271347423,0.018613722382770367,0.77770052956431,0.7401902235368619,0.9376108959670476,0.9376108959670476,0.9851558486224041,1.1365721375315496,0.2821523967539858,23.0,0.13319445388218018,64.0,7508978.0,100.65265644489166,229.37292033333338,64.0,6205.333333333333,3134.6666666666665,256.0,0.08116674974250293,3228.776964113027,6000.0,,,,
credit_default,coerror_f05_d3_b1000_k64,1000.0,968.6666666666666,0.9686666666666666,11.0,1.0,0.7680423897367351,0.5516825780362672,0.43980850697716667,0.1371919724081305,0.6442924437902935,0.029107202615292732,0.796374135330292,0.7108530813668154,0.9590066201718521,0.9590066201718521,1.0,1.0875662553220586,0.24079585537918868,13.333333333333334,0.1371696612754791,64.0,7026576.0,98.94545495867108,225.77661199999997,64.0,951.3333333333334,507.6666666666667,256.0,0.04540168067129947,5755.426225777518,6000.0,,,,
credit_default,coerror_f05_d6_b1000_k64,1000.0,985.6666666666666,0.9856666666666666,11.0,1.0,0.7692809177732601,0.5543722212444173,0.4376174313676742,0.13648631549445384,0.6456816073714632,0.029206338400905033,0.7922780495687185,0.7175671326064382,0.9496597885021725,0.9496597885021725,1.0,1.1093149749603854,0.2539131393298059,15.0,0.13644099118654218,64.0,7326549.666666667,98.95749769414154,225.87168500000016,64.0,4700.666666666667,2382.3333333333335,256.0,0.04621852755857003,5701.42695920936,6000.0,,,,
credit_default,coerror_f20_d3_b1000_k64,1000.0,998.6666666666666,0.9986666666666667,11.0,1.0,0.7696601331491078,0.5513326703862632,0.4370069833560375,0.13614696238116122,0.6535082292696762,0.02605177637469987,0.790308043349822,0.7190518281060392,0.9622444328975446,0.9622444328975446,1.0,1.0803426018523414,0.20162050159569997,23.0,0.13589609712495596,64.0,7056586.666666667,99.18448944475192,226.48757700000013,64.0,959.3333333333334,511.6666666666667,256.0,0.06756655569188293,3897.9401870792267,6000.0,,,,
credit_default,coerror_f20_d6_b1000_k64,1000.0,1000.0,1.0,11.0,1.0,0.7784561913580901,0.5655939090728633,0.43024307594203176,0.13417460354706853,0.6554381405760106,0.02076298982481217,0.7788587052521048,0.7372518409952461,0.9409223275773299,0.9409223275773299,0.9964633079058071,1.128766896803653,0.2089330330897791,23.0,0.13380166900317095,64.0,7474677.333333333,99.19424519408494,226.7537613333333,64.0,6225.333333333333,3144.6666666666665,256.0,0.06382320798002176,4102.890642589795,6000.0,,,,
credit_default,coerror_f50_d3_b1000_k64,1000.0,1000.0,1.0,11.0,1.0,0.7665939910591605,0.5472832032095571,0.43734416088356215,0.1362639620166303,0.6561325115562404,0.024202896210388333,0.7909872231446391,0.7227031896631985,0.9642913502765329,0.9642913502765329,1.0,1.0754959859972815,0.3818145314874269,23.0,0.13576864019338764,64.0,7108168.333333333,99.61022713951145,228.15014299999999,64.0,959.3333333333334,511.6666666666667,256.0,0.0902291250725587,2929.5670564678453,6000.0,,,,
credit_default,coerror_f50_d6_b1000_k64,1000.0,1000.0,1.0,11.0,1.0,0.7784678126812477,0.5626528357704538,0.42944310376486833,0.13403767853522977,0.6563016197901096,0.017002029784855734,0.7780637611802416,0.7402592372529019,0.9357412202891634,0.9357412202891634,0.985866349420907,1.1410100101637737,0.37400572791992515,23.0,0.13339398049537293,64.0,7534051.0,99.92589406964059,229.4782640000001,64.0,6278.0,3171.0,256.0,0.09096344459491468,2865.885810399534,6000.0,,,,
credit_default,coerror_swap_b6000_k64,6000.0,5953.0,0.9921666666666668,11.0,1.0,0.7786550156280784,0.5641165798518156,0.429446635425965,0.13396829109765337,0.6565417327844598,0.018668847782184767,0.7776609945138864,0.7402539298474885,0.9374603623381548,0.9374603623381548,0.9851558486224041,1.1369395621095615,0.2827281198629299,23.0,0.13318961804749238,64.0,7510871.333333333,100.6040323197376,229.4612516666666,64.0,6224.0,3144.0,256.0,0.08446781927098827,3141.6212687870743,6000.0,,,,
credit_default,extra_trees,,,,11.0,1.0,0.7455406570403907,0.5044369723193479,0.46567415451522925,0.14420171895839864,0.6522779592024469,0.036874606473290404,0.8370632553825734,,,,,,,,,,226240837.66666666,2.4476189447256425,2.4495156666666653,256.0,2826719.3333333335,1413487.6666666667,256.0,0.026633569660286068,9613.144285035285,,2.4476189447256425,2.4495156666666653,1512909482.6666667,
credit_default,lightgbm,,,,11.0,1.0,0.7754559845696388,0.5566476785697313,0.4351042018672941,0.1354120429583819,0.6604421076436001,0.019999460780857802,0.7860422395324363,,,,,,,,,,1036484.3333333334,0.5276231386233121,0.5248170000000224,300.0,18300.0,9300.0,256.0,0.005513903064032333,46568.54530550112,,0.5276231386233121,0.5248170000000224,1550357845.3333333,
credit_default,linear,,,,11.0,1.0,0.7276454150280363,0.5129312359189765,0.4638644500107157,0.14374706682365454,0.6129214865579652,0.04844552169451664,0.834426109664158,,,,,,,,,,5706.0,0.038756972023596334,0.0381983333332982,1.0,,,256.0,0.0014180972551305333,181892.14935644157,,0.038756972023596334,0.0381983333332982,1581749589.3333333,34.0
credit_default,quality_diversity_l002_b6000_k64,6000.0,5953.0,0.9921666666666668,11.0,1.0,0.7757004496063088,0.5624045190133762,0.42998640991369025,0.13415745830097983,0.6562704965158798,0.013984502794716332,0.7787591510920064,0.7509518469552567,0.9545162445116363,0.9545162445116363,0.9873467878235321,1.095897521957176,0.35900895270036565,23.0,0.13430351867266946,64.0,7511266.0,100.95692622343388,230.15296599999988,64.0,6156.0,3110.0,256.0,0.08529459731653331,3077.274723105869,6000.0,,,,
credit_default,quality_diversity_l01_b6000_k64,6000.0,5953.0,0.9921666666666668,11.0,1.0,0.7760669494767751,0.5626684023144292,0.4298652347292855,0.1341255047923414,0.6560111997792241,0.013918065210886501,0.7785736295444697,0.7509028197001725,0.9537796601071733,0.9537796601071733,0.9858683372962345,1.0975655542329743,0.35866683609351396,23.0,0.13426577560640882,64.0,7511586.0,100.85024591636223,229.91110833333332,64.0,6144.666666666667,3104.3333333333335,256.0,0.08804849962082996,2991.964085170981,6000.0,,,,
credit_default,quality_diversity_l05_b6000_k64,6000.0,5953.0,0.9921666666666668,11.0,1.0,0.7785137931983904,0.5642263318960395,0.42920109321950456,0.1339516041553014,0.6573038505469571,0.016202642180211165,0.7775641826973523,0.744361354123729,0.9360542622321953,0.9360542622321953,0.980977545057677,1.139876984370091,0.3493201708423433,23.0,0.133942302305454,64.0,7523613.666666667,100.90802824978407,230.23694833333332,64.0,6221.333333333333,3142.6666666666665,256.0,0.09337120798105993,2860.7663218582234,6000.0,,,,
credit_default,random_b1000_k128,1000.0,993.3333333333334,0.9933333333333333,11.0,1.0,0.7750017872076084,0.5443548498170383,0.4517647965105005,0.14274856305951242,0.5739804444648867,0.061562655641687836,0.8286298791817585,0.6713321615530271,0.9252355278027072,0.9252355278027072,0.9998185192198915,1.1650166596465261,0.13744461238556294,23.0,0.14300336695570123,128.0,14596236.666666666,99.65998537489213,228.58580000000006,128.0,7111.333333333333,3619.6666666666665,256.0,0.12888440272460375,1998.6184359583488,6000.0,,,,
credit_default,random_b1000_k16,1000.0,993.3333333333334,0.9933333333333333,11.0,1.0,0.7689675710658274,0.5374331719341129,0.45264169070078014,0.14311794588311166,0.5737663569670906,0.05566445231987743,0.8307747524277639,0.6755099197415606,0.9237330011687882,0.9237330011687882,0.9933140477055672,1.1581013190105338,0.13983842656120773,23.0,0.1432086970845551,16.0,1807303.6666666667,98.7900192917635,225.63025433333348,16.0,789.3333333333334,402.6666666666667,256.0,0.015088180623327632,16981.541204051002,6000.0,,,,
credit_default,random_b1000_k64,1000.0,993.3333333333334,0.9933333333333333,11.0,1.0,0.775531770892263,0.5508745550467945,0.45164676646666985,0.14262941623574174,0.5664642887258622,0.06305638209291817,0.8279375319736407,0.667219068050922,0.9221304318039616,0.9221304318039616,0.998006156845177,1.1706817472887874,0.13691903236247013,23.0,0.14293236998481731,64.0,7286789.333333333,99.12081637466326,226.86971266666671,64.0,3630.0,1847.0,256.0,0.06540851357082524,3953.9909404620653,6000.0,,,,
credit_default,random_b3000_k128,3000.0,2976.6666666666665,0.9922222222222222,11.0,1.0,0.7755964870726625,0.5494163214168509,0.44936351640912653,0.14171085393561153,0.5767920221695836,0.05948565854251373,0.8226057432812611,0.6747733447300055,0.9230204713916286,0.9230204713916286,0.9999999999999991,1.170846074465269,0.13909648012537001,23.0,0.14198718983715888,128.0,14604966.333333334,99.80863280617632,228.91840433333334,128.0,7206.666666666667,3667.3333333333335,256.0,0.12846005560519788,2014.0715757590706,6000.0,,,,
credit_default,random_b3000_k16,3000.0,2976.6666666666665,0.9922222222222222,11.0,1.0,0.7722735810709063,0.5439355105020302,0.4436431283099959,0.139542796797815,0.6042731833896772,0.0451724917125385,0.8100201208651233,0.6932307480569865,0.9209389519499106,0.9209389519499106,0.9835231863811579,1.1660468719359833,0.1806964411195577,23.0,0.13976787084489814,16.0,1834400.0,98.93558843092372,225.86903966666662,16.0,1093.3333333333333,554.6666666666666,256.0,0.0173941523923228,14813.22754870881,6000.0,,,,
credit_default,random_b3000_k64,3000.0,2976.6666666666665,0.9922222222222222,11.0,1.0,0.7732454708758009,0.5456182811707716,0.44890059866046705,0.14155837804496055,0.5810563515243504,0.058064675986358505,0.8217215852723357,0.6790836392632279,0.9217220676068175,0.9217220676068175,0.9993906966468916,1.172777737032538,0.14395538465736166,23.0,0.1416487474167101,64.0,7311394.0,99.29778322259274,227.1136743333334,64.0,3930.6666666666665,1997.3333333333333,256.0,0.06824737507849928,3780.796069546086,6000.0,,,,
credit_default,random_b6000_k128,6000.0,5953.0,0.9921666666666668,11.0,1.0,0.7750752569639143,0.5457710464053477,0.45141468482680774,0.14259429064280094,0.5689070249676119,0.061290859869295604,0.8277336844886803,0.6714775620746142,0.9244774368941041,0.9244774368941041,0.999999999999985,1.1664977379535937,0.13941257298086498,23.0,0.1427929108736609,128.0,14558300.666666666,100.03868441632949,229.19387833333334,128.0,6646.666666666667,3387.3333333333335,256.0,0.13281762491290763,1944.6433665240486,6000.0,,,,
credit_default,random_b6000_k16,6000.0,5953.0,0.9921666666666668,11.0,1.0,0.7699813554939872,0.5489971923095308,0.44466997583781054,0.13968287681420594,0.5991087321481958,0.0495109552171119,0.8108329741187168,0.6917287519987722,0.9275789493946869,0.9275789493946869,0.9885187657391407,1.150826523087327,0.16375907809892584,22.666666666666668,0.13992242536313068,16.0,1808091.6666666667,99.26816079222287,226.104874,16.0,781.3333333333334,398.6666666666667,256.0,0.017514194672306332,14812.555774194363,6000.0,,,,
credit_default,random_b6000_k64,6000.0,5953.0,0.9921666666666668,11.0,1.0,0.7741146404930151,0.544222667308342,0.45167624178146754,0.1426501602159147,0.5748404740549947,0.06183857943572443,0.8280573651388483,0.670921444623816,0.9253257167170661,0.9253257167170661,0.9989736965671933,1.1636179909367101,0.13321943381346255,23.0,0.1428769706600109,64.0,7273842.0,99.44867387491588,227.24065600000003,64.0,3502.6666666666665,1783.3333333333333,256.0,0.07037995833282668,3669.097884572911,6000.0,,,,
credit_default,random_cert_b6000_k64,6000.0,5953.0,0.9921666666666668,11.0,1.0,0.7734845829860527,0.5472189025364012,0.45212182336979306,0.14277053401056702,0.5717155746690278,0.062160902661848795,0.828758068253682,0.6680497592239875,0.9242424374104932,0.9242424374104932,0.998177490855554,1.165771871232838,0.13234810396518276,23.0,0.14306899442270618,64.0,7270357.333333333,99.64340884805036,227.37234966666657,64.0,3462.6666666666665,1763.3333333333333,256.0,0.07011873632048564,3728.5300134905283,6000.0,,,,
credit_default,random_forest,,,,11.0,1.0,0.7667157552560463,0.547647129808761,0.4374747055253814,0.1369970339449719,0.662474664428244,0.022132012953634702,0.7952423149715835,,,,,,,,,,82114347.0,4.615611388580874,4.616914000000008,256.0,1025138.0,512697.0,256.0,0.0179111666511744,14321.392837489699,,4.615611388580874,4.616914000000008,1425708373.3333333,
credit_default,random_patches64,,,,11.0,1.0,0.777066352720173,0.5470434235057725,0.4445500412191303,0.14018201758489465,0.588318365798128,0.05338969751927314,0.8137299993978268,,,,,,,,,,4038397.3333333335,0.7131726670389374,0.7128039999999677,64.0,5782.0,2923.0,256.0,0.06245226389728483,4107.266542587453,,0.7131726670389374,0.7128039999999677,1604763648.0,
credit_default,rf_leaf5,,,,11.0,1.0,0.7787310996808333,0.5638058129583479,0.42857880109230023,0.13399355739291988,0.6626937730454048,0.015081635192082233,0.7778078872987887,,,,,,,,,,35375093.666666664,3.96472940267995,3.944868666666688,256.0,440897.3333333333,220576.66666666666,256.0,0.014739874983206365,17406.156672647532,,3.96472940267995,3.944868666666688,1601071786.6666667,
credit_default,rf_shallow64,,,,11.0,1.0,0.7779346594736838,0.5579756812961169,0.4321207572956194,0.13515133520720968,0.635919497274797,0.026211880251287668,0.78452864138692,,,,,,,,,,541040.3333333334,0.49128159733178717,0.4914343333332833,64.0,6380.666666666667,3222.3333333333335,256.0,0.0033975283925731336,75646.51724476121,,0.49128159733178717,0.4914343333332833,1603381930.6666667,
credit_default,signed_correlation_b6000_k64,6000.0,5953.0,0.9921666666666668,11.0,1.0,0.7787491850034468,0.5563084746300606,0.44532568895182895,0.14043493193640944,0.5726161373410298,0.059292039273402264,0.8151992546246137,0.6760826960668288,0.8947993844468932,0.8947993844468932,0.9847161786143862,1.2418056384510232,0.24611067283288582,23.0,0.14069291135688042,64.0,7538312.333333333,100.83723595862587,229.81494166666656,64.0,6566.666666666667,3315.3333333333335,256.0,0.08449777797795831,3125.129909854008,6000.0,,,,
credit_default,top_quality_b1000_k128,1000.0,993.3333333333334,0.9933333333333333,11.0,1.0,0.7746307576016845,0.5620459524512277,0.43071219827791646,0.13432620295106146,0.6536945089651894,0.016046698561860067,0.7797387473035885,0.7411200394289819,0.9536102989583494,0.9536102989583494,0.9997914954556996,1.0988809949053315,0.30145639355550513,23.0,0.1348307425609826,128.0,14955739.666666666,100.26865388918668,231.08004333333338,128.0,11037.333333333334,5582.666666666667,256.0,0.14003658333482835,1839.1073059139508,6000.0,,,,
credit_default,top_quality_b1000_k16,1000.0,993.3333333333334,0.9933333333333333,11.0,1.0,0.7743730308986972,0.558454009837101,0.43039429777517874,0.13428442629067852,0.657076041211508,0.011998720283810932,0.7794966153496888,0.749926405489607,0.9532396184294057,0.9532396184294057,0.98033366249174,1.0936497239861573,0.3446913850635471,23.0,0.1344196911398467,16.0,1872637.6666666667,98.83598511122788,225.89484966666657,16.0,1525.3333333333333,770.6666666666666,256.0,0.018364652991294833,13979.702135321111,6000.0,,,,
credit_default,top_quality_b1000_k64,1000.0,993.3333333333334,0.9933333333333333,11.0,1.0,0.7757414242117254,0.5622122186793169,0.4298148076802119,0.13407771578546798,0.6548299718663998,0.014488993790615565,0.7782963460522301,0.7455883150482374,0.9518395867302063,0.9518395867302063,0.9890979664205259,1.101978505572373,0.32299374828864147,23.0,0.13454968506924195,64.0,7513249.0,99.4658230416632,228.23905900000008,64.0,6146.666666666667,3105.3333333333335,256.0,0.0736786527559161,3495.5928830146972,6000.0,,,,
credit_default,top_quality_b3000_k128,3000.0,2976.6666666666665,0.9922222222222222,11.0,1.0,0.7763170652438176,0.5623162593902408,0.4296425298224948,0.13402511961676908,0.6552160806138798,0.012496501679569802,0.777991040938125,0.7469566579783401,0.9523394844343809,0.9523394844343809,0.9938004121388241,1.1017251487202893,0.3405874467508629,23.0,0.13444583107630978,128.0,15071640.333333334,100.55480112570028,231.98288133333332,128.0,12319.333333333334,6223.666666666667,256.0,0.14738354156725106,1741.8698570823108,6000.0,,,,
credit_default,top_quality_b3000_k16,3000.0,2976.6666666666665,0.9922222222222222,11.0,1.0,0.77401931919069,0.5577131311227508,0.43080053686236036,0.13443204194190508,0.6570750638180439,0.0134252074058982,0.7803531615031322,0.7519900483569814,0.9552230779160702,0.9552230779160702,0.9762654875470581,1.089413394501291,0.366826684583715,23.0,0.13449052105099382,16.0,1871693.6666666667,98.94047768057014,226.0267613333334,16.0,1518.0,767.0,256.0,0.020442777546122632,12684.757876687656,6000.0,,,,
credit_default,top_quality_b3000_k64,3000.0,2976.6666666666665,0.9922222222222222,11.0,1.0,0.7761206300495784,0.5625468290596504,0.4297068622136484,0.1340460519890246,0.6551865479996014,0.013251961834794435,0.7781124916922834,0.7489751293588601,0.9532953473772908,0.9532953473772908,0.9900830668000186,1.098667334214521,0.3431806644805057,23.0,0.13435157818770502,64.0,7511484.666666667,99.59966158253762,228.4671156666666,64.0,6130.666666666667,3097.3333333333335,256.0,0.07790163904428477,3310.8635912146206,6000.0,,,,
credit_default,top_quality_b300_k64,300.0,298.0,0.9933333333333333,11.0,1.0,0.7714202826179312,0.5585053641227606,0.43327601013453104,0.1351006148095186,0.6508283888722796,0.0167205627746303,0.7842342916228561,0.7356227492094024,0.9624243222917149,0.9624243222917149,0.9996448652555762,1.0784031952469066,0.28434491524155026,23.0,0.13549262319304864,64.0,7324394.666666667,99.37067337543704,227.77041100000005,64.0,3871.3333333333335,1967.6666666666667,256.0,0.07779487501829856,3369.7330898338737,6000.0,,,,
credit_default,top_quality_b6000_k128,6000.0,5953.0,0.9921666666666668,11.0,1.0,0.7763020099620133,0.5625851568782562,0.42975180347047753,0.1340772153726153,0.6557028800527409,0.013985310160906,0.7782934200513533,0.7493034871989778,0.9537574686461122,0.9537574686461122,0.9907623946096327,1.0984721901591579,0.34873835082523447,23.0,0.13431101690165018,128.0,15062627.0,100.72783104136276,232.28500766666662,128.0,12282.666666666666,6205.333333333333,256.0,0.14857348605679963,1729.599688125378,6000.0,,,,
credit_default,top_quality_b6000_k16,6000.0,5953.0,0.9921666666666668,11.0,1.0,0.7736432973008561,0.557145090319144,0.4314424842868314,0.13474041640435772,0.6582823555565777,0.014361040848324333,0.7821427626746047,0.7540255438121614,0.9585943489992307,0.9585943489992307,0.9798643635629883,1.082298325511143,0.4236383190253159,23.0,0.1348146560830329,16.0,1874952.3333333333,99.16373527872686,226.26966300000012,16.0,1542.6666666666667,779.3333333333334,256.0,0.022064638789743133,11728.23927455373,6000.0,,,,
credit_default,top_quality_b6000_k64,6000.0,5953.0,0.9921666666666668,11.0,1.0,0.7757073541695819,0.5621996172314342,0.43005446131295777,0.13418590319304077,0.6560779691680273,0.014168321907839232,0.7789242401824877,0.7509536469106859,0.9547790087193754,0.9547790087193754,0.9873467878235321,1.0953071315111693,0.35910293752640116,23.0,0.13431017569264636,64.0,7511501.666666667,99.7296233618011,228.61947133333334,64.0,6159.333333333333,3111.6666666666665,256.0,0.07941640269321697,3259.9195933751093,6000.0,,,,
credit_default,top_quality_cert_b6000_k64,6000.0,5953.0,0.9921666666666668,11.0,1.0,0.7757073541695819,0.5621996172314342,0.43005446131295777,0.13418590319304077,0.6560779691680273,0.014168321907839232,0.7789242401824877,0.7509536469106859,0.9547790087193754,0.9547790087193754,0.9873467878235321,1.0953071315111693,0.35910293752640116,23.0,0.13431017569264636,64.0,7511501.666666667,99.85333186124141,228.81087766666678,64.0,6159.333333333333,3111.6666666666665,256.0,0.08322794471556937,3141.40323381589,6000.0,,,,
credit_default,top_quality_f05_d3_b1000_k64,1000.0,968.6666666666666,0.9686666666666666,11.0,1.0,0.7610819519600202,0.5409283960712878,0.44389896351113606,0.1386866746604451,0.6445574899002675,0.011700542646895967,0.8050507317955943,0.7224932326184373,0.988976249569112,0.988976249569112,1.0,1.0219952383718318,0.37544091710758365,16.333333333333332,0.1388522513156416,64.0,7026821.333333333,98.83068963838741,225.6890483333334,64.0,954.0,509.0,256.0,0.044617680599912966,5844.740695494332,6000.0,,,,
credit_default,top_quality_f05_d6_b1000_k64,1000.0,985.6666666666666,0.9856666666666666,11.0,1.0,0.7611137092894317,0.5463194089013611,0.44071803256363085,0.13762642131872094,0.6441376131668315,0.012561885083856833,0.7988962950995244,0.7278926124917184,0.9762572585493383,0.9762572585493383,1.0,1.0484865127491807,0.3751102292768958,16.333333333333332,0.13783641929317347,64.0,7327994.666666667,98.85797430536088,225.78954733333342,64.0,4684.0,2374.0,256.0,0.04719405574724073,5618.482857150612,6000.0,,,,
credit_default,top_quality_f20_d3_b1000_k64,1000.0,998.6666666666666,0.9986666666666667,11.0,1.0,0.7563743431466484,0.5393910728654316,0.4404909375208772,0.1374444895361032,0.6445059755153354,0.012567124167783902,0.79784023465744,0.7313792214546943,0.9846158632180179,0.9846158632180179,1.0,1.030915880022909,0.2477068373645754,23.0,0.1376619280821819,64.0,7062032.0,99.02221559702109,226.38085500000003,64.0,956.6666666666666,510.3333333333333,256.0,0.07182923611253497,3725.217534504984,6000.0,,,,
credit_default,top_quality_f20_d6_b1000_k64,1000.0,1000.0,1.0,11.0,1.0,0.7755523425309251,0.5637395900507789,0.43070430048713754,0.13434995106263345,0.6543355257610254,0.015013351120091134,0.7798766913726473,0.7455720929558073,0.9571375940019703,0.9571375940019703,0.9975312777686162,1.090028144683757,0.24713141429411267,23.0,0.13450671535233,64.0,7468800.0,99.07609140259835,226.63988500000005,64.0,6141.333333333333,3102.6666666666665,256.0,0.0649094583156208,4047.6599645740184,6000.0,,,,
credit_default,top_quality_f50_d3_b1000_k64,1000.0,1000.0,1.0,11.0,1.0,0.7510681055526119,0.5238666169701837,0.4406181705742765,0.13723688641757614,0.6565358492590975,0.0132875517456337,0.7966346810515278,0.7342975747668432,0.9883812071524666,0.9883812071524666,1.0,1.0232578541217123,0.41815542906321324,22.666666666666668,0.13719402143323456,64.0,7105037.666666667,99.4295943195466,227.88995233333335,64.0,960.0,512.0,256.0,0.09371680556796484,2841.0119514163566,6000.0,,,,
credit_default,top_quality_f50_d6_b1000_k64,1000.0,1000.0,1.0,11.0,1.0,0.7748082131017416,0.5610382355845287,0.43024358988420913,0.13425808590212682,0.6559497198138736,0.013555572232306965,0.7793432119593134,0.7506131445915595,0.9545291074542694,0.9545291074542694,0.987256905918092,1.0958686066610535,0.4042252758155567,23.0,0.13448846352254976,64.0,7518595.0,99.74306891602464,229.19647066666676,64.0,6138.666666666667,3101.3333333333335,256.0,0.08702045865356917,3010.180499541652,6000.0,,,,
credit_default,xgboost,,,,11.0,1.0,0.7762557854582397,0.5581182462087002,0.43352266152699787,0.13509468639509634,0.6604369715367692,0.020148071131933433,0.7841993822746586,,,,,,,,,,954935.6666666666,0.5321325833598772,0.5273069999999697,300.0,21836.0,11068.0,256.0,0.002130763605236967,120569.57725089572,,0.5321325833598772,0.5273069999999697,1529921536.0,
higgs,abs_correlation_b6000_k64,6000.0,4993.0,0.8321666666666667,11.0,1.0,0.7725826806305216,0.7947221151615101,0.6001209505045915,0.20572620618602092,0.6953812082409149,0.09450256305072292,0.8256060526678634,0.6601159729454382,0.8806111172683074,0.8806111172683074,0.9832915864215096,1.2821831604032372,0.33443116734824657,28.0,0.20609268142708245,64.0,7590098.333333333,116.93259584670886,373.37278466666663,64.0,7589.333333333333,3826.6666666666665,256.0,0.07561020809225734,3402.512082112417,6000.0,,,,
higgs,caruana_b6000_k64,6000.0,4993.0,0.8321666666666667,11.0,1.0,0.7635849808153599,0.7854985749120039,0.5871696773857487,0.20091141667693665,0.6909801480874683,0.0550426960791165,0.806283666051297,0.6969133330202223,0.89560543435512,0.89560543435512,0.9840525748664118,1.2377871650881733,0.33113038640328524,28.0,0.19998360913717805,64.0,4303349.0,114.82631388865411,368.00679166666663,36.333333333333336,4367.666666666667,2202.0,256.0,0.0433928746885309,6111.546460575494,6000.0,,,,
higgs,catboost,,,,11.0,1.0,0.7928352485869059,0.8121136855479715,0.5482363079387179,0.18553285583598778,0.7130767384965542,0.025325904420421333,0.7445675101116936,,,,,,,,,,349128.6666666667,1.993384930693234,1.9604150000000875,300.0,38100.0,19200.0,256.0,0.0009274723318715667,277294.62909816275,,1.993384930693234,1.9604150000000875,1686672725.3333333,
higgs,coerror_b1000_k128,1000.0,830.6666666666666,0.8306666666666667,11.0,1.0,0.7632922117968121,0.7877572062015936,0.5936754834707884,0.20334385428960236,0.6893537720703652,0.06780770145498537,0.8160453722933928,0.6811341568864401,0.8935546135587153,0.8935546135587153,0.9915169438485223,1.2498236374680485,0.3056988644795034,28.0,0.20367629535850865,128.0,15204175.666666666,116.89689698566993,378.3105503333333,128.0,15187.333333333334,7657.666666666667,256.0,0.09714331966824825,2636.40336475814,6000.0,,,,
higgs,coerror_b1000_k16,1000.0,830.6666666666666,0.8306666666666667,11.0,1.0,0.7620212917401737,0.7833788363213493,0.5882762892997505,0.2014013595022981,0.6902833377233715,0.05459444163101287,0.8082498807552595,0.6954519832257545,0.893664693941982,0.893664693941982,0.9686452868698644,1.2325518485381328,0.3416210650661115,28.0,0.2011655848014496,16.0,1894946.3333333333,113.20161023588541,364.3860353333334,16.0,1920.0,968.0,256.0,0.014466097423185833,17774.44110160921,6000.0,,,,
higgs,coerror_b1000_k64,1000.0,830.6666666666666,0.8306666666666667,11.0,1.0,0.7634712868858827,0.7864182747332177,0.5898370357797013,0.20189230991421359,0.6903633842762131,0.0609051915659794,0.8102201351220234,0.6888708407488382,0.8942413187319881,0.8942413187319881,0.9858428407782908,1.245617735686131,0.3400070295465573,28.0,0.2019855352636374,64.0,7596930.333333333,114.88260076295894,370.65110166666665,64.0,7676.0,3870.0,256.0,0.0539837084555377,4768.307823124007,6000.0,,,,
higgs,coerror_b3000_k128,3000.0,2486.3333333333335,0.8287777777777778,11.0,1.0,0.764893772680343,0.7872505380393643,0.588221184887658,0.2012224089800091,0.6920263336127044,0.06072801628244403,0.807531726443666,0.691551164256348,0.8950520777329528,0.8950520777329528,0.9895436172240882,1.2456382452755508,0.34019002914817165,28.0,0.20122147150912872,128.0,15219826.333333334,118.02112309634686,380.58743166666653,128.0,15345.333333333334,7736.666666666667,256.0,0.10437251371331509,2466.281691189301,6000.0,,,,
higgs,coerror_b3000_k16,3000.0,2486.3333333333335,0.8287777777777778,11.0,1.0,0.7632389835051722,0.7844180484933415,0.587427183406991,0.2010005832650413,0.6912681695268706,0.0553278820769302,0.80664150880955,0.6967784669413858,0.8933532157539851,0.8933532157539851,0.9752050074372599,1.233281960110346,0.32704407623099013,28.0,0.20057081538124102,16.0,1894098.3333333333,113.37564098563355,364.4923906666665,16.0,1915.3333333333333,965.6666666666666,256.0,0.014833611436188165,17278.13860560038,6000.0,,,,
higgs,coerror_b3000_k64,3000.0,2486.3333333333335,0.8287777777777778,11.0,1.0,0.7653066173134976,0.7871152176412503,0.587328285878716,0.2008777527855299,0.6935082724325198,0.06053216152665336,0.8061485720309708,0.6936917254692353,0.8947084935565733,0.8947084935565733,0.9895436172240882,1.2440000289983235,0.34448390474993573,28.0,0.2006988253643701,64.0,7596994.333333333,115.28424377700624,371.13167166666676,64.0,7683.333333333333,3873.6666666666665,256.0,0.05725522238450744,4485.400527853692,6000.0,,,,
higgs,coerror_b300_k64,300.0,246.0,0.82,11.0,1.0,0.7599450946689896,0.7859556908050332,0.5998379422385723,0.2059174703443837,0.6854523724157029,0.07345932769237286,0.8263736301117555,0.6741972793106471,0.8989577584367141,0.8989577584367141,0.9998696874164367,1.2326960539085914,0.27279904868787824,28.0,0.20618411142957474,64.0,7520551.666666667,114.60584537421043,369.8915790000001,64.0,6774.666666666667,3419.3333333333335,256.0,0.057702180696651305,4443.309237291033,6000.0,,,,
higgs,coerror_b6000_k128,6000.0,4993.0,0.8321666666666667,11.0,1.0,0.764847291513162,0.7868790872625709,0.5873902542553844,0.20092339056500144,0.6926857172424774,0.0594345667860309,0.8063317200491465,0.6942343352370254,0.895677546598265,0.895677546598265,0.991541845089702,1.2437063453978252,0.3378501276513502,28.0,0.20056310126138568,128.0,15220903.666666666,119.66280866608334,383.3309653333333,128.0,15380.0,7754.0,256.0,0.12045406922698017,2126.7615594112735,6000.0,,,,
higgs,coerror_b6000_k16,6000.0,4993.0,0.8321666666666667,11.0,1.0,0.7623231667999163,0.7839487617233027,0.5877171571677898,0.20116717426876618,0.6904181587011617,0.05356498268252997,0.8073100600920294,0.6980647453996013,0.8936455240292002,0.8936455240292002,0.9686411855371295,1.232533389105889,0.33522746957769617,28.0,0.20022969190053555,16.0,1894578.3333333333,113.74732676389006,364.8414723333333,16.0,1922.0,969.0,256.0,0.015553625300526569,16592.88086972071,6000.0,,,,
higgs,coerror_b6000_k256,6000.0,4993.0,0.8321666666666667,11.0,1.0,0.7649041610326023,0.787220709074797,0.5882038124262196,0.20121516392360947,0.6917597815004098,0.060374735520314894,0.8075026496183476,0.6918599848028958,0.8955798305255779,0.8955798305255779,0.9958729408750262,1.2453230662769108,0.33384306060271873,28.0,0.20115226164082697,256.0,30435378.333333332,126.88578326332693,406.06369233333334,256.0,30696.0,15476.0,256.0,0.19446679181419305,1316.6890949179915,6000.0,,,,
higgs,coerror_b6000_k64,6000.0,4993.0,0.8321666666666667,11.0,1.0,0.7642398944284242,0.7862468311891138,0.587192769384649,0.200870161132742,0.6924362295688097,0.057390518207401174,0.8061181007742567,0.6962998200698068,0.8959395733752821,0.8959395733752821,0.9889925550047515,1.240536419458322,0.34168894574082936,28.0,0.20022217771499862,64.0,7597151.666666667,116.17564613829988,372.4008456666667,64.0,7697.333333333333,3880.6666666666665,256.0,0.0727815696348746,3574.0717725644354,6000.0,,,,
higgs,coerror_cert_b6000_k64,6000.0,4993.0,0.8321666666666667,11.0,1.0,0.7642398944284242,0.7862468311891138,0.587192769384649,0.200870161132742,0.6924362295688097,0.057390518207401174,0.8061181007742567,0.6962998200698068,0.8959395733752821,0.8959395733752821,0.9889925550047515,1.240536419458322,0.34168894574082936,28.0,0.20022217771499862,64.0,7597151.666666667,115.92704393008414,372.11258399999974,64.0,7697.333333333333,3880.6666666666665,256.0,0.07489777767720317,3435.0463192163843,6000.0,,,,
higgs,coerror_f05_d3_b1000_k64,1000.0,565.3333333333334,0.5653333333333334,11.0,1.0,0.7186485759264752,0.7460705892643219,0.6333716997302271,0.22110271969787673,0.6460605487669918,0.0575393342321966,0.8873140093306127,0.6525383227875124,0.9611707182581383,0.9611707182581383,1.0,1.0814746329681488,0.20783730158730154,19.0,0.22085077167965309,64.0,7028689.666666667,113.09359161074583,363.56192333333325,64.0,958.6666666666666,511.3333333333333,256.0,0.04876574998100593,5249.6234247202665,6000.0,,,,
higgs,coerror_f05_d6_b1000_k64,1000.0,558.0,0.5579999999999999,11.0,1.0,0.7255152204298474,0.7546885428369272,0.6249742451056853,0.21723668488077222,0.6533848687197744,0.06317179432198212,0.8717990939666466,0.6512679111484018,0.9271663569804905,0.9271663569804905,1.0,1.1603784894695226,0.20254629629629628,17.666666666666668,0.21686766481619255,64.0,7530915.333333333,113.21627274931718,364.06309766666664,64.0,7238.0,3651.0,256.0,0.05330677765111123,4804.179527419738,6000.0,,,,
higgs,coerror_f20_d3_b1000_k64,1000.0,938.6666666666666,0.9386666666666666,11.0,1.0,0.7297103043225217,0.7511309854713314,0.6225222225567341,0.21609208841218422,0.6524106662223847,0.06731756711241789,0.8672056867293505,0.6657155597446288,0.9505453347755313,0.9505453347755313,1.0,1.1045423372486354,0.19421289138551037,28.0,0.2157696744351171,64.0,7039370.333333333,113.45711112511344,365.0020036666662,64.0,960.0,512.0,256.0,0.054956152724723005,4660.570483285934,6000.0,,,,
higgs,coerror_f20_d6_b1000_k64,1000.0,931.3333333333334,0.9313333333333333,11.0,1.0,0.7614184328367206,0.7859818669673247,0.5964223476980167,0.20446608249869622,0.6858910673184836,0.06714091766556897,0.8205490206965887,0.6818622630592883,0.9001268009347664,0.9001268009347664,0.9957058082749622,1.2294446184138035,0.20903865755056228,28.0,0.20447665136621074,64.0,7568303.666666667,113.85855058270197,366.638747,64.0,7573.333333333333,3818.6666666666665,256.0,0.05690479162149129,4500.428053631203,6000.0,,,,
higgs,coerror_f50_d3_b1000_k64,1000.0,999.6666666666666,0.9996666666666667,11.0,1.0,0.7326009459714129,0.7473968255244366,0.6183809759528561,0.2142502137008603,0.664860215538798,0.0657615445686986,0.859813992058799,0.672085954377217,0.9490533838769246,0.9490533838769246,1.0,1.1071459333767883,0.35574729946798955,28.0,0.21385470844332174,64.0,7060418.333333333,114.19951034655485,367.97670033333344,64.0,960.0,512.0,256.0,0.0615068470748762,4222.536550712098,6000.0,,,,
higgs,coerror_f50_d6_b1000_k64,1000.0,1000.0,1.0,11.0,1.0,0.7642132416577673,0.7861437565549915,0.5871457828122683,0.20086012242345672,0.6937950499941267,0.05873300659816727,0.8060778167363072,0.6958418625557767,0.8954623626253096,0.8954623626253096,0.9889925550047515,1.2418257334413865,0.36568710937100674,28.0,0.2002885196953268,64.0,7599101.0,115.06779211092119,371.36934133333307,64.0,7696.0,3880.0,256.0,0.061124083275596264,4234.6868208556925,6000.0,,,,
higgs,coerror_swap_b6000_k64,6000.0,4993.0,0.8321666666666667,11.0,1.0,0.7642271997591298,0.7862395901927686,0.587216181360244,0.2008798455158246,0.6927128690900893,0.0576419204902934,0.8061569648605489,0.6962883529339366,0.8959610351662434,0.8959610351662434,0.9889925550047515,1.240479120279626,0.3402710687528497,28.0,0.20022113043753412,64.0,7597055.666666667,116.45831090250674,373.1301653333332,64.0,7697.333333333333,3880.6666666666665,256.0,0.07952259706022834,3219.7882080945224,6000.0,,,,
higgs,extra_trees,,,,11.0,1.0,0.7673223548913789,0.7837440723663489,0.6002119522410158,0.20589077486591134,0.6936424056152269,0.0885224303141278,0.8262664909933851,,,,,,,,,,237489872.33333334,3.172380291701605,3.1742966666667294,256.0,2967342.6666666665,1483799.3333333333,256.0,0.02670526388101277,9586.405857043545,,3.172380291701605,3.1742966666667294,1606156288.0,
higgs,lightgbm,,,,11.0,1.0,0.7941771346959543,0.8136792574894356,0.5444507016215409,0.18446398486309848,0.7121397040883615,0.0169058470218805,0.7402780062493042,,,,,,,,,,1041737.6666666666,0.6883952501229942,0.6868280000000292,300.0,18300.0,9300.0,256.0,0.005173000351836233,49505.527236368915,,0.6883952501229942,0.6868280000000292,1659901269.3333333,
higgs,linear,,,,11.0,1.0,0.6894973644445285,0.6885184670665229,0.633599013321338,0.22138784773594952,0.6415728852348064,0.026814319907811565,0.8884582284313008,,,,,,,,,,4746.0,0.04205656936392183,0.04210933333327673,1.0,,,256.0,0.0007936109323054,322704.9734031286,,0.04205656936392183,0.04210933333327673,1687355392.0,29.0
higgs,quality_diversity_l002_b6000_k64,6000.0,4993.0,0.8321666666666667,11.0,1.0,0.7458943401096868,0.7642361982998294,0.5941282375563497,0.2043034508046989,0.6775970423318817,0.018923644400796868,0.8198963800893829,0.7118036314298687,0.9392962505392437,0.9392962505392437,0.9908034598959796,1.1309745618748757,0.3888345105456345,28.0,0.20574809156593885,64.0,7596413.0,116.51970263803378,372.9822336666666,64.0,7679.333333333333,3871.6666666666665,256.0,0.0793634580913931,3225.74585989502,6000.0,,,,
higgs,quality_diversity_l01_b6000_k64,6000.0,4993.0,0.8321666666666667,11.0,1.0,0.7465866759648124,0.7651622839705371,0.5935750858273364,0.20407228673793731,0.6775782970399629,0.020790880211764503,0.8189686901526118,0.7116710091023505,0.9372312801084938,0.9372312801084938,0.9914867341079999,1.1358330952468332,0.3862586276529709,28.0,0.20531405110378861,64.0,7596834.333333333,116.46703519392759,372.9411076666666,64.0,7684.0,3874.0,256.0,0.07879673596471544,3249.371256536677,6000.0,,,,
higgs,quality_diversity_l05_b6000_k64,6000.0,4993.0,0.8321666666666667,11.0,1.0,0.7591268338520231,0.7808443823641116,0.5869576621483564,0.20105027732600567,0.6884059541728019,0.04342133934129103,0.8068409405106589,0.7023392574364405,0.9048774573851518,0.9048774573851518,0.9887695521693706,1.216849786409987,0.3596895579736414,28.0,0.2007623133955242,64.0,7597559.666666667,116.42966633328858,372.85231866666663,64.0,7694.0,3879.0,256.0,0.07986750034615393,3205.3620926176577,6000.0,,,,
higgs,random_b1000_k128,1000.0,830.6666666666666,0.8306666666666667,11.0,1.0,0.7571855721532795,0.7834580475131764,0.6426385186997186,0.22512585973115865,0.6612429406833155,0.11486337212193916,0.903459397440184,0.5988425626514052,0.9350691813401921,0.9350691813401921,0.9998096873692249,1.1385374269933237,0.1278942442477616,28.0,0.22536422259666425,128.0,14550133.0,114.48556594465238,369.34819,128.0,7372.0,3750.0,256.0,0.09161618080300586,2798.978405654246,6000.0,,,,
higgs,random_b1000_k16,1000.0,830.6666666666666,0.8306666666666667,11.0,1.0,0.742147241530529,0.7632590394465529,0.6425995901425464,0.2251738521478094,0.6539910484732107,0.10267653927016362,0.9036520645631096,0.6030433954780311,0.9338240193981399,0.9338240193981399,0.9917278620179721,1.13363341361197,0.13627166128916024,27.666666666666668,0.22535921283536794,16.0,1805697.0,112.92145690189984,363.23762100000005,16.0,850.6666666666666,433.3333333333333,256.0,0.011358958280955733,22604.680779648417,6000.0,,,,
higgs,random_b1000_k64,1000.0,830.6666666666666,0.8306666666666667,11.0,1.0,0.7549885055630576,0.7805927078002896,0.6422744685467476,0.22496021116985707,0.6590433612133996,0.11096658811891662,0.902794605292485,0.597317403846501,0.9329113465799052,0.9329113465799052,0.9984570742640705,1.1419476780780669,0.1263825153904926,28.0,0.225083100274639,64.0,7281448.666666667,113.60891690275942,366.086833,64.0,3936.6666666666665,2000.3333333333333,256.0,0.05241236090660093,4952.726939487441,6000.0,,,,
higgs,random_b3000_k128,3000.0,2486.3333333333335,0.8287777777777778,11.0,1.0,0.7555314240594085,0.7815283990598223,0.6397942438686127,0.22377305496952893,0.6623422293394363,0.11162880550705206,0.8980304204613003,0.6018560839301702,0.9319889064371315,0.9319889064371315,0.9999999999999926,1.1457839048417353,0.12836290819597188,28.0,0.2240213163878557,128.0,14574916.333333334,114.81527090235613,370.1809136666666,128.0,7676.666666666667,3902.3333333333335,256.0,0.0957719579649468,2686.0009368746564,6000.0,,,,
higgs,random_b3000_k16,3000.0,2486.3333333333335,0.8287777777777778,11.0,1.0,0.7484747779770978,0.7704483407544599,0.6366249353497727,0.222346357169539,0.6617354174604901,0.10384354802809563,0.892304943051248,0.6074272955435801,0.920518482268036,0.920518482268036,0.9900633747630913,1.1640704107158841,0.16719936755030076,28.0,0.22254763321686766,16.0,1832609.6666666667,113.1260406660537,363.6716266666667,16.0,1176.0,596.0,256.0,0.013779818934078,18652.831612641556,6000.0,,,,
higgs,random_b3000_k64,3000.0,2486.3333333333335,0.8287777777777778,11.0,1.0,0.7545172218340572,0.7799259482933509,0.6411623940222172,0.22443412424241008,0.6581894873580209,0.10919584087975494,0.9006834213335546,0.6012177109556122,0.9311566910403322,0.9311566910403322,0.9976392832108489,1.1468036084475253,0.13246040370107928,28.0,0.2247314229165447,64.0,7297935.666666667,113.83869917985673,366.46205033333325,64.0,4134.666666666667,2099.3333333333335,256.0,0.0529856947250664,4832.771236303231,6000.0,,,,
higgs,random_b6000_k128,6000.0,4993.0,0.8321666666666667,11.0,1.0,0.7552097119634391,0.7815157751186147,0.6407439343561966,0.2242352399222269,0.6621107548817312,0.11282572893588934,0.8998852128562244,0.6009316996395365,0.9342885623975651,0.9342885623975651,0.9998635804550843,1.139989750914,0.12898397216555268,28.0,0.2244726724889002,128.0,14533336.666666666,115.19617412456621,370.85420066666666,128.0,7156.0,3642.0,256.0,0.10533925037210183,2434.120842500392,6000.0,,,,
higgs,random_b6000_k16,6000.0,4993.0,0.8321666666666667,11.0,1.0,0.7399671907638418,0.7649315527988838,0.6348860632460963,0.22154472939311753,0.6579585488013712,0.09754866108365627,0.8890878215598595,0.6164389268611608,0.9308391731563225,0.9308391731563225,0.9918487547297188,1.140605941070699,0.1487234031682925,28.0,0.22169476946674047,16.0,1807456.6666666667,113.51384956971742,363.8492656666667,16.0,868.0,442.0,256.0,0.0133737360592931,19153.5734337259,6000.0,,,,
higgs,random_b6000_k64,6000.0,4993.0,0.8321666666666667,11.0,1.0,0.7529860546561267,0.7780531793497382,0.6465147973585267,0.22700858724091824,0.6521833162076295,0.10932679206976596,0.9110150855695228,0.5912060133583479,0.9374467443736368,0.9374467443736368,0.9991190522295219,1.1316033436162878,0.12094732122489664,28.0,0.22720448044999272,64.0,7265640.666666667,113.93493051361293,366.3919859999999,64.0,3744.0,1904.0,256.0,0.05658423636729517,4529.956327887062,6000.0,,,,
higgs,random_cert_b6000_k64,6000.0,4993.0,0.8321666666666667,11.0,1.0,0.7478163511848713,0.7758255427148805,0.6331731597616257,0.2207014617215137,0.6622844238824852,0.0989181249266417,0.8857036782283761,0.6206436399629717,0.9271142304532605,0.9271142304532605,0.997785434001441,1.158245118250932,0.15665182925811913,28.0,0.22070000208693072,64.0,7305119.666666667,114.13759826356545,367.05074166666645,64.0,4194.666666666667,2129.3333333333335,256.0,0.05660090277281896,4526.742832787025,6000.0,,,,
higgs,random_forest,,,,11.0,1.0,0.784726637477708,0.8036403732020666,0.5674229368267402,0.1925725868343692,0.7058626060324803,0.0556669032817017,0.7728188740311045,,,,,,,,,,79438672.33333333,8.355371541266019,8.360530333333372,256.0,991702.6666666666,495979.3333333333,256.0,0.0179843336809426,14243.180620216948,,8.355371541266019,8.360530333333372,1350483968.0,
higgs,random_patches64,,,,11.0,1.0,0.7432121292832653,0.7686338826691782,0.642368568168036,0.225067998652107,0.6512180475272851,0.10054096293730243,0.9032272477916198,,,,,,,,,,4043789.0,1.1753290415896724,1.1762936666667276,64.0,6176.666666666667,3120.3333333333335,256.0,0.04180668077121177,6124.1220422913975,,1.1753290415896724,1.1762936666667276,1718490453.3333333,
higgs,rf_leaf5,,,,11.0,1.0,0.7864759315047088,0.8080009595949654,0.5661401284398608,0.19194605823916286,0.7062571352803646,0.054939958850845266,0.7703045295341573,,,,,,,,,,42583259.0,7.541383458301425,7.544355666666775,256.0,531010.0,265633.0,256.0,0.015077610965818099,16985.72941114911,,7.541383458301425,7.544355666666775,1715552256.0,
higgs,rf_shallow64,,,,11.0,1.0,0.7588378293781918,0.781869876407225,0.6074898176852714,0.20911458102763947,0.6836203792793687,0.0839623429377941,0.8392040190249377,,,,,,,,,,555232.3333333334,1.073761403017367,1.0735053333332492,64.0,6568.666666666667,3316.3333333333335,256.0,0.003037457975248467,84410.66201539485,,1.073761403017367,1.0735053333332492,1716213077.3333333,
higgs,signed_correlation_b6000_k64,6000.0,4993.0,0.8321666666666667,11.0,1.0,0.7725826806305216,0.7947221151615101,0.6001209505045915,0.20572620618602092,0.6953812082409149,0.09450256305072292,0.8256060526678634,0.6601159729454382,0.8806111172683074,0.8806111172683074,0.9832915864215096,1.2821831604032372,0.33443116734824657,28.0,0.20609268142708245,64.0,7590098.333333333,116.67707706894726,373.1011869999999,64.0,7589.333333333333,3826.6666666666665,256.0,0.07814429203669226,3276.8198502376076,6000.0,,,,
higgs,top_quality_b1000_k128,1000.0,830.6666666666666,0.8306666666666667,11.0,1.0,0.739683553849274,0.768085532946384,0.6047581575688739,0.20868161311406452,0.6613097934132808,0.0505479570946801,0.8374665065356398,0.6905373300209569,0.9329813713963918,0.9329813713963918,1.0,1.1471086530338568,0.3142588608120247,28.0,0.20892159574572286,128.0,14878250.333333334,115.97537333223347,375.4977603333334,128.0,11133.333333333334,5630.666666666667,256.0,0.0975187916774302,2628.548529330832,6000.0,,,,
higgs,top_quality_b1000_k16,1000.0,830.6666666666666,0.8306666666666667,11.0,1.0,0.7446900642088939,0.7628868977588382,0.5945473595771212,0.2045053576330557,0.6778353848267873,0.01836487559734183,0.8207066428106679,0.7095513646752877,0.9344483901679524,0.9344483901679524,0.9844871628225836,1.1349236003560605,0.37116813903057005,28.0,0.2060935285167982,16.0,1893933.0,113.10570944317926,364.151539,16.0,1909.3333333333333,962.6666666666666,256.0,0.0142282080681373,18082.8296323432,6000.0,,,,
higgs,top_quality_b1000_k64,1000.0,830.6666666666666,0.8306666666666667,11.0,1.0,0.7467576737360136,0.7717202716370218,0.5949216701506753,0.20451174530351132,0.6741897424063491,0.0287467782009347,0.8207322921372707,0.6988183726137877,0.9195558870990457,0.9195558870990457,0.9886549828658756,1.1790286726759531,0.33590552905569715,28.0,0.20531033469695026,64.0,7591367.666666667,114.68274061063615,370.2157849999999,64.0,7622.666666666667,3843.3333333333335,256.0,0.06175220835333064,4311.271363154684,6000.0,,,,
higgs,top_quality_b3000_k128,3000.0,2486.3333333333335,0.8287777777777778,11.0,1.0,0.7478662137517952,0.7704573505350756,0.5932046990898907,0.20381447651036252,0.6752203737456369,0.027036071269698564,0.817934058943611,0.7027943181051204,0.9228184894048898,0.9228184894048898,0.9912560000589599,1.1725204025375937,0.34899576102888324,28.0,0.20474257984240138,128.0,15213405.0,117.00996648644407,379.1994153333333,128.0,15278.666666666666,7703.333333333333,256.0,0.10134502764170362,2532.0765344316756,6000.0,,,,
higgs,top_quality_b3000_k16,3000.0,2486.3333333333335,0.8287777777777778,11.0,1.0,0.7412533293175625,0.753988185012533,0.596883098396037,0.205441969940535,0.6746668999074648,0.0189379879628823,0.8244654031014947,0.7150360234147164,0.9471444401118584,0.9471444401118584,0.9848014301335416,1.1067144586576594,0.398361763608432,28.0,0.20692771576174698,16.0,1894290.3333333333,113.31297186055842,364.54097466666644,16.0,1913.3333333333333,964.6666666666666,256.0,0.0160026392744233,16068.07522616489,6000.0,,,,
higgs,top_quality_b3000_k64,3000.0,2486.3333333333335,0.8287777777777778,11.0,1.0,0.7471960616419806,0.7679951613716821,0.5928697512149347,0.20377837975724314,0.6757978311028497,0.021288215281123363,0.8177892073917779,0.7080633326855686,0.9300303124851,0.9300303124851,0.989262613964795,1.1531685681281925,0.37137653333207893,28.0,0.2048463193809222,64.0,7593789.0,114.90798637395103,370.8651540000001,64.0,7645.333333333333,3854.6666666666665,256.0,0.05632380559109149,4559.289316979811,6000.0,,,,
higgs,top_quality_b300_k64,300.0,246.0,0.82,11.0,1.0,0.737278379759753,0.7674312705119483,0.6103919424687012,0.21106327409868553,0.6548321622820289,0.06326392362176993,0.8470244428691277,0.6852030152330263,0.9399570549350386,0.9399570549350386,0.9998800786509902,1.1288587042269078,0.2933141867452354,28.0,0.21128715878028093,64.0,7342215.666666667,114.32816888904199,368.895458333333,64.0,4540.0,2302.0,256.0,0.056362542323768104,4544.563331599508,6000.0,,,,
higgs,top_quality_b6000_k128,6000.0,4993.0,0.8321666666666667,11.0,1.0,0.7476174442079554,0.7689197544211929,0.5931311324249329,0.20385505410998528,0.6754874321713561,0.025962455181696334,0.818096917211573,0.7079366593039705,0.9302627649132145,0.9302627649132145,0.9922946088229617,1.15393655662648,0.3672035535085654,28.0,0.20478748635546848,128.0,15211791.666666666,117.36999640272309,380.1858463333333,128.0,15260.666666666666,7694.333333333333,256.0,0.11092727778789895,2322.4971187782453,6000.0,,,,
higgs,top_quality_b6000_k16,6000.0,4993.0,0.8321666666666667,11.0,1.0,0.7406575797787168,0.7533337537462964,0.5973243174678889,0.20560346413603556,0.6765018474583008,0.015041147259296965,0.8251135062837242,0.7168187834935741,0.9525352442577627,0.9525352442577627,0.9887555597781867,1.0950220295366944,0.41697053476022156,28.0,0.20737719201736324,16.0,1895879.6666666667,113.55911437453081,364.7234969999999,16.0,1934.0,975.0,256.0,0.01623695832677183,15867.561425884269,6000.0,,,,
higgs,top_quality_b6000_k64,6000.0,4993.0,0.8321666666666667,11.0,1.0,0.745720859185309,0.7634544898725782,0.594185198863999,0.20432608918316442,0.6779137464076316,0.019135012669349766,0.8199872302069765,0.7118063560299334,0.9397089683067099,0.9397089683067099,0.9908034598959796,1.1299979292171836,0.3894874753023328,28.0,0.20584617812168193,64.0,7596127.666666667,115.12388297201444,371.3822923333334,64.0,7675.333333333333,3869.6666666666665,256.0,0.060616319378217036,4270.98922189588,6000.0,,,,
higgs,top_quality_cert_b6000_k64,6000.0,4993.0,0.8321666666666667,11.0,1.0,0.745720859185309,0.7634544898725782,0.594185198863999,0.20432608918316442,0.6779137464076316,0.019135012669349766,0.8199872302069765,0.7118063560299334,0.9397089683067099,0.9397089683067099,0.9908034598959796,1.1299979292171836,0.3894874753023328,28.0,0.20584617812168193,64.0,7596127.666666667,115.16181204142049,371.5392783333332,64.0,7675.333333333333,3869.6666666666665,256.0,0.06231404142454263,4126.185008992128,6000.0,,,,
higgs,top_quality_f05_d3_b1000_k64,1000.0,565.3333333333334,0.5653333333333334,11.0,1.0,0.6946181306304174,0.7023960716553853,0.6406820488140497,0.22469124228883844,0.6386877618227512,0.03220886391489974,0.9017152248881452,0.6687509108734838,0.9947020669047092,0.9947020669047092,1.0,1.0104414864419256,0.36122134038800696,24.0,0.2246902370000222,64.0,7028762.666666667,112.95637222131093,363.3996133333333,64.0,960.0,512.0,256.0,0.0481442777284731,5317.894030279817,6000.0,,,,
higgs,top_quality_f05_d6_b1000_k64,1000.0,558.0,0.5579999999999999,11.0,1.0,0.6937550149315032,0.7180760110382335,0.636306956322847,0.2226061698027,0.6380901994452594,0.0167592296556853,0.8933475355334392,0.668274393190292,0.9697786167936008,0.9697786167936008,1.0,1.0618056238269065,0.3593474426807759,24.0,0.22284880258254391,64.0,7526766.666666667,113.06135845805208,363.8598930000002,64.0,7184.0,3624.0,256.0,0.051915903032446864,4932.693422261089,6000.0,,,,
higgs,top_quality_f20_d3_b1000_k64,1000.0,938.6666666666666,0.9386666666666666,11.0,1.0,0.6996563166657239,0.6968516809752391,0.6324148009809196,0.22088874485159274,0.6400892134552855,0.03368027131880347,0.8864553098845657,0.6795034978693542,0.9864747391070704,0.9864747391070704,1.0,1.027093234280706,0.23224678760393047,28.0,0.2207521025481737,64.0,7039375.666666667,113.31027065155406,364.8619463333335,64.0,960.0,512.0,256.0,0.055370444043849866,4627.998617662427,6000.0,,,,
higgs,top_quality_f20_d6_b1000_k64,1000.0,931.3333333333334,0.9313333333333333,11.0,1.0,0.7370080052971891,0.7645662707976788,0.6047098070329269,0.2086284022788931,0.6643814209097175,0.037756330524252334,0.8372529584180309,0.6928471492600042,0.9318953955884309,0.9318953955884309,0.9915125900784331,1.1484151733269174,0.230112777434206,28.0,0.20888388527437005,64.0,7561215.666666667,113.7286353467498,366.5540060000001,64.0,7486.0,3775.0,256.0,0.056322388971845265,4548.340673226376,6000.0,,,,
higgs,top_quality_f50_d3_b1000_k64,1000.0,999.6666666666666,0.9996666666666667,11.0,1.0,0.6919251557252224,0.6779249420483371,0.6315269596203891,0.22045192953421575,0.6418510750655703,0.017236550528574066,0.8847023028312085,0.683148355852464,0.9922798710082832,0.9922798710082832,1.0,1.015381285303688,0.3916225643536968,28.0,0.22057356479785376,64.0,7060135.666666667,114.07614565299203,367.90386633333327,64.0,960.0,512.0,256.0,0.059156583622097934,4331.739331620467,6000.0,,,,
higgs,top_quality_f50_d6_b1000_k64,1000.0,1000.0,1.0,11.0,1.0,0.7459274287887104,0.7643846782161702,0.5940967150882227,0.20429895277255916,0.6781911421998675,0.020935295065939566,0.8198783321895019,0.7115769193502794,0.9388100501024422,0.9388100501024422,0.9908034598959793,1.1320839659885928,0.3984572247331928,28.0,0.20575313454474428,64.0,7596626.333333333,114.97134337434545,371.45478633333363,64.0,7667.333333333333,3865.6666666666665,256.0,0.0592265694091717,4347.7564324131135,6000.0,,,,
higgs,xgboost,,,,11.0,1.0,0.7919624558888528,0.8110707085135989,0.5475604931513468,0.18559876780655435,0.7111362601803854,0.019064920180200968,0.7448320344231302,,,,,,,,,,1185893.0,1.0572146109770983,1.0525913333333012,300.0,28651.333333333332,14475.666666666666,256.0,0.001436819632848067,178246.58931256444,,1.0572146109770983,1.0525913333333012,1628083541.3333333,
miniboone,abs_correlation_b6000_k64,6000.0,6000.0,1.0,11.0,1.0,0.9723233288515883,0.930602408686466,0.266097934511867,0.0733940353488222,0.8756116677753569,0.11021812609219661,0.36358262074417835,0.8804092516737332,0.6431867123350749,0.6431867123350749,0.9248435162052253,2.3200165114386393,0.16987981197541235,50.0,0.07272922034413416,64.0,7587437.0,190.1121364029435,677.2410043333329,64.0,7535.333333333333,3799.6666666666665,256.0,0.07917423600641386,3233.6017467890047,6000.0,,,,
miniboone,caruana_b6000_k64,6000.0,6000.0,1.0,11.0,1.0,0.9701441506089982,0.9239296308430438,0.21895682331890554,0.06344636344566026,0.8879445975942318,0.04993497815549993,0.3143033312958827,0.927039024838979,0.6964220629885262,0.6964220629885262,0.8864255831580242,2.0125094087572504,0.31440322785914976,50.0,0.06170762090894353,64.0,4861246.666666667,189.11778058344498,675.5277156666663,41.0,4805.666666666667,2423.3333333333335,256.0,0.04183469472142557,6160.4354893626805,6000.0,,,,
miniboone,catboost,,,,11.0,1.0,0.9809833355678451,0.9501827459704106,0.15878345155313034,0.0469326743292785,0.921054803803091,0.012469490800091467,0.2324963842972212,,,,,,,,,,351362.6666666667,3.2393518056099615,3.2111846666668953,300.0,38100.0,19200.0,256.0,0.0009970136452465666,256782.20751983975,,3.2393518056099615,3.2111846666668953,1439754922.6666667,
miniboone,coerror_b1000_k128,1000.0,1000.0,1.0,11.0,1.0,0.9696108195794252,0.9230575664530715,0.22289441963038512,0.06460022381758483,0.8847606392107444,0.053865432275007806,0.32001953026762103,0.9238811482504269,0.7052617203169632,0.7052617203169632,0.9229669950824575,1.9986011900777456,0.2845178481938832,50.0,0.0642234405429751,128.0,15233468.666666666,193.9135335686151,696.5856503333331,128.0,15066.666666666666,7597.333333333333,256.0,0.10475827769065889,2446.241772741097,6000.0,,,,
miniboone,coerror_b1000_k16,1000.0,1000.0,1.0,11.0,1.0,0.968751351516504,0.9207312247234115,0.2210510505838503,0.06450992871934037,0.8860174054702089,0.04692600033480576,0.3195719999771543,0.928029238053178,0.6978240633126279,0.6978240633126279,0.8501708315711546,1.928463441319283,0.30169725517355206,50.0,0.06286637218076394,16.0,1895963.0,186.54595456893244,668.1105079999999,16.0,1872.0,944.0,256.0,0.016131805721670334,15971.094989930898,6000.0,,,,
miniboone,coerror_b1000_k64,1000.0,1000.0,1.0,11.0,1.0,0.9696589410321615,0.9229832644039488,0.22107153876360056,0.06417534670825244,0.8868704387585611,0.0521350731951212,0.3179147261374528,0.9260862351507636,0.7038400245440104,0.7038400245440104,0.9039044954094918,1.9901592157946688,0.3042714183018395,50.0,0.06321824993683436,64.0,7603792.333333333,189.5652655555556,679.8660409999998,64.0,7530.0,3797.0,256.0,0.0565467913014193,4532.36878585507,6000.0,,,,
miniboone,coerror_b3000_k128,3000.0,3000.0,1.0,11.0,1.0,0.9700913065187929,0.9238853006577453,0.220241826709033,0.0638090222269328,0.885944707794602,0.0523905753120669,0.3160999879347279,0.9259740334639103,0.7031295475987717,0.7031295475987717,0.9220958887560361,2.0088546055695278,0.3106685547028354,50.0,0.0627779426607006,128.0,15233876.0,195.2126126810132,699.7703556666667,128.0,15004.666666666666,7566.333333333333,256.0,0.11899263869660588,2164.7608236642104,6000.0,,,,
miniboone,coerror_b3000_k16,3000.0,3000.0,1.0,11.0,1.0,0.9691375142714774,0.922008910740351,0.21966762339686005,0.0638813650302587,0.8856563543838329,0.04737642432225706,0.3164582727163113,0.9283527788816052,0.6990939461647513,0.6990939461647513,0.8520585847305354,1.9220414164308162,0.32784391384194955,50.0,0.062348237518977466,16.0,1896489.3333333333,186.71518949985816,668.3727566666668,16.0,1869.3333333333333,942.6666666666666,256.0,0.01742087475334603,14705.912253926295,6000.0,,,,
miniboone,coerror_b3000_k64,3000.0,3000.0,1.0,11.0,1.0,0.9700061567031386,0.9231834919847856,0.22021894211340454,0.06379798015983473,0.8840086165186981,0.05145444432803473,0.31604529397290976,0.9265209646397907,0.7007537073303785,0.7007537073303785,0.900716691556296,2.0066836602771896,0.31336102026357177,50.0,0.06231833481931543,64.0,7601614.666666667,190.27396825056834,681.3320913333333,64.0,7491.333333333333,3777.6666666666665,256.0,0.05891206922630463,4347.804086532767,6000.0,,,,
miniboone,coerror_b300_k64,300.0,300.0,1.0,11.0,1.0,0.9690965648653957,0.9216384078651929,0.22784349149550562,0.06580369806662686,0.8820958012251733,0.0567986436520146,0.3259813036449655,0.9200069527288112,0.7023153024496817,0.7023153024496817,0.8870008941422185,1.9996468159617733,0.2474434809513771,50.0,0.06590286282983114,64.0,7596844.666666667,189.2178654720386,678.7588273333334,64.0,7518.666666666667,3791.3333333333335,256.0,0.06013533333316443,4267.253724405006,6000.0,,,,
miniboone,coerror_b6000_k128,6000.0,6000.0,1.0,11.0,1.0,0.9700687219903404,0.9238369774115155,0.22006290695913308,0.0637756044123767,0.886557821032064,0.051682611200004135,0.3159344091517287,0.9265260536012603,0.7023622376558811,0.7023622376558811,0.924526366436579,2.0132026133894954,0.31581396046525606,50.0,0.06228068620591993,128.0,15234196.0,197.22163766638064,703.7574129999998,128.0,14996.666666666666,7562.333333333333,256.0,0.11528813901046907,2220.776364793565,6000.0,,,,
miniboone,coerror_b6000_k16,6000.0,6000.0,1.0,11.0,1.0,0.9693072109763371,0.9222764536651065,0.2193286343694777,0.0638094411114134,0.8856109257933276,0.0465666913250228,0.31610189654819537,0.9289499115234302,0.6968777889434662,0.6968777889434662,0.8495698229128462,1.9333857118839957,0.31340622996831335,50.0,0.062116702501095196,16.0,1896974.6666666667,187.00040995818563,668.5096656666664,16.0,1880.0,948.0,256.0,0.018363791750743933,13943.633783924348,6000.0,,,,
miniboone,coerror_b6000_k256,6000.0,6000.0,1.0,11.0,1.0,0.9700348877877906,0.9239915688697761,0.22034257223055767,0.06387495689461926,0.8860580986700447,0.0522040597605746,0.31642657303372895,0.9259763101692293,0.7044096499978872,0.7044096499978872,0.9499888397720054,2.0100625602814595,0.3122743741843679,50.0,0.0627795870700409,256.0,30469620.0,207.16643448608616,738.4247980000004,256.0,30048.0,15152.0,256.0,0.19550655564914143,1309.9321750657698,6000.0,,,,
miniboone,coerror_b6000_k64,6000.0,6000.0,1.0,11.0,1.0,0.9700295040498084,0.9240220069359815,0.21983262688365934,0.06373780171836353,0.8870970776020816,0.05112167182457061,0.3157470544508502,0.927072847540081,0.700267766461338,0.700267766461338,0.9169440041862313,2.010218898318166,0.31999721271434994,50.0,0.06195917507939023,64.0,7603326.666666667,191.2927049860203,682.9598979999997,64.0,7506.0,3785.0,256.0,0.0796804858837276,3243.7934191412346,6000.0,,,,
miniboone,coerror_cert_b6000_k64,6000.0,6000.0,1.0,11.0,1.0,0.9700295040498084,0.9240220069359815,0.21983262688365934,0.06373780171836353,0.8870970776020816,0.05112167182457061,0.3157470544508502,0.927072847540081,0.700267766461338,0.700267766461338,0.9169440041862313,2.010218898318166,0.31999721271434994,50.0,0.06195917507939023,64.0,7603326.666666667,191.14851547242142,682.5576706666666,64.0,7506.0,3785.0,256.0,0.0779903053771704,3299.9315608432303,6000.0,,,,
miniboone,coerror_f05_d3_b1000_k64,1000.0,1000.0,1.0,11.0,1.0,0.9546784014614058,0.8916383714735251,0.30424017301771394,0.0883325444311222,0.8288648005342271,0.09973814241636315,0.4375855928854211,0.8704412310539186,0.7547520618118523,0.7547520618118523,0.9999999999999994,1.7285190382958735,0.08890542328042321,43.0,0.08793283202830376,64.0,7030630.333333333,185.92055583341667,665.4720469999999,64.0,960.0,512.0,256.0,0.05028819463526204,5095.359505474974,6000.0,,,,
miniboone,coerror_f05_d6_b1000_k64,1000.0,1000.0,1.0,11.0,1.0,0.9632283874051137,0.9100121147886533,0.2750566730368346,0.07887772129685146,0.854907831348927,0.09360340372907656,0.39074795642255816,0.8927915991316976,0.7100888410311242,0.7100888410311242,0.9998865881055767,1.9441278018107662,0.08473875661375657,42.666666666666664,0.07897196491701584,64.0,7554858.333333333,186.1457864853243,666.3084273333334,64.0,7512.666666666667,3788.3333333333335,256.0,0.0559897913287083,4593.153323527524,6000.0,,,,
miniboone,coerror_f20_d3_b1000_k64,1000.0,1000.0,1.0,11.0,1.0,0.9548535708588176,0.8897364044098687,0.28314968316704103,0.0824364461305954,0.8432585249115813,0.0775943795095913,0.408377708379778,0.889449347636508,0.766844896756198,0.766844896756198,1.0,1.6797454758006047,0.13345685137027766,50.0,0.081421086176102,64.0,7047774.333333333,186.63142011174932,668.4003436666663,64.0,960.0,512.0,256.0,0.05733455539060134,4465.78597219323,6000.0,,,,
miniboone,coerror_f20_d6_b1000_k64,1000.0,1000.0,1.0,11.0,1.0,0.9701328434759695,0.9240822415458814,0.22888510956492528,0.0656113772550373,0.8816897502703855,0.0624784889564054,0.32502876639063855,0.9217976803611948,0.6971659290207475,0.6971659290207475,0.8834453593466862,2.0259727121318125,0.1440816881620944,50.0,0.06506757292609316,64.0,7571374.333333333,187.35665980540216,671.2440823333333,64.0,7505.333333333333,3784.6666666666665,256.0,0.05492259732758,4661.566823776999,6000.0,,,,
miniboone,coerror_f50_d3_b1000_k64,1000.0,1000.0,1.0,11.0,1.0,0.9534028724025894,0.8849387356797255,0.2802666316444325,0.08220529980847463,0.8386190100061289,0.0703037030922873,0.40723255609428716,0.8943459046736688,0.7774659982277567,0.7774659982277567,1.0,1.633575321658325,0.34236909397922255,50.0,0.08052310625920177,64.0,7082398.666666667,188.23274865311882,674.6953949999996,64.0,960.0,512.0,256.0,0.06034095833698903,4244.2128063469945,6000.0,,,,
miniboone,coerror_f50_d6_b1000_k64,1000.0,1000.0,1.0,11.0,1.0,0.969867161373028,0.9233845630808931,0.2192567298621817,0.06369973322606473,0.8867363599662227,0.049119278916281234,0.31555852462358525,0.9275396407352989,0.7035551488857154,0.7035551488857154,0.9154173105931537,1.989805030309418,0.34480187199208595,50.0,0.062019981610825135,64.0,7604708.0,189.8408161388555,681.1318823333331,64.0,7489.333333333333,3776.6666666666665,256.0,0.05878452793695027,4354.9301113043375,6000.0,,,,
miniboone,coerror_swap_b6000_k64,6000.0,6000.0,1.0,11.0,1.0,0.9700414326630087,0.9240891152578833,0.21986382354823095,0.0637286550371714,0.8871319716909863,0.0513991803940242,0.31570172654817247,0.9269148149817532,0.6999978475720751,0.6999978475720751,0.9169440041862313,2.011624687231809,0.3200355384101749,50.0,0.06195796539588736,64.0,7603284.0,191.12022037493685,682.4520650000001,64.0,7505.333333333333,3784.6666666666665,256.0,0.06497513890887296,3957.1031611266685,6000.0,,,,
miniboone,extra_trees,,,,11.0,1.0,0.9761630063545529,0.9369998932459516,0.20294085353164815,0.058230564136483,0.9022079467525236,0.0555421446505682,0.288465008430695,,,,,,,,,,87946773.66666667,2.3774424999331436,2.3791799999998298,256.0,1098047.3333333333,549151.6666666666,256.0,0.0174917913197229,14644.212236351626,,2.3774424999331436,2.3791799999998298,1352957952.0,
miniboone,lightgbm,,,,11.0,1.0,0.982064405267792,0.9521075657259045,0.1557994851601455,0.04600263843327987,0.9259572011759589,0.014182657057548433,0.22788937441235166,,,,,,,,,,1043311.0,1.2954170829616487,1.2917316666666163,300.0,18300.0,9300.0,256.0,0.0064037916405747,39999.3023620385,,1.2954170829616487,1.2917316666666163,1410121728.0,
miniboone,linear,,,,11.0,1.0,0.93198481097097,0.8593976307770265,0.28886337056752104,0.08724422675651412,0.8300672025596693,0.0180186024390327,0.43219859558836954,,,,,,,,,,5978.0,0.08494366674373544,0.0850299999999606,1.0,,,256.0,0.0008520833992709333,300448.93980686023,,0.08494366674373544,0.0850299999999606,1440404821.3333333,51.0
miniboone,quality_diversity_l002_b6000_k64,6000.0,6000.0,1.0,11.0,1.0,0.9645889222697238,0.9133876696040316,0.22261031340454032,0.06639033820662667,0.8804256406701039,0.029308488247716535,0.3288872657446084,0.9349473635645853,0.7697737088064565,0.7697737088064565,0.9233808925564704,1.6662808602782457,0.3244578617071274,50.0,0.06564616808869604,64.0,7613550.666666667,191.12099463911727,682.485161666666,64.0,7645.333333333333,3854.6666666666665,256.0,0.07472118091148629,3427.8012498513544,6000.0,,,,
miniboone,quality_diversity_l01_b6000_k64,6000.0,6000.0,1.0,11.0,1.0,0.9689279025206243,0.9212932249553419,0.21837785891222625,0.06399194739340854,0.8861934516104607,0.04475412862511336,0.31700623022242086,0.9326160370776949,0.7234427611013858,0.7234427611013858,0.9191738027851571,1.8814828759076871,0.31386697413919523,50.0,0.06318652149040783,64.0,7608532.0,191.12358173619336,682.1558929999998,64.0,7580.0,3822.0,256.0,0.0728426249697804,3597.1723249563215,6000.0,,,,
miniboone,quality_diversity_l05_b6000_k64,6000.0,6000.0,1.0,11.0,1.0,0.9718246893793613,0.9284748684071601,0.2279390739264903,0.06480799532636226,0.888016068757549,0.0690606633496368,0.3210487824564173,0.9191501722677624,0.6669669715861883,0.6669669715861883,0.9018388466014082,2.206953793802603,0.25633889800174287,50.0,0.06384823845906533,64.0,7598107.0,190.51007773711657,679.9468743333329,64.0,7530.666666666667,3797.3333333333335,256.0,0.0608535556433101,4210.670233721449,6000.0,,,,
miniboone,random_b1000_k128,1000.0,1000.0,1.0,11.0,1.0,0.9599635390234192,0.9003702649631896,0.29578518112738983,0.08498124106855466,0.830958996739256,0.1081095788915939,0.42098429954460626,0.8696901313686167,0.727238786801298,0.727238786801298,0.9936068331713752,1.8605235764848407,0.11662552288228238,50.0,0.08489817585994784,128.0,14654971.0,189.0853534025761,678.2378889999999,128.0,8416.0,4272.0,256.0,0.09866500001711143,2602.6270313966534,6000.0,,,,
miniboone,random_b1000_k16,1000.0,1000.0,1.0,11.0,1.0,0.9575815358584464,0.8966842131981343,0.296506490656047,0.08513907030488048,0.8323137410745282,0.10143925145815687,0.4217659550952351,0.8655842530657653,0.720919424098328,0.720919424098328,0.9243049763597752,1.7935115515910576,0.12372062325411932,49.666666666666664,0.08559339379745767,16.0,1814725.6666666667,185.899100500547,665.5178403333331,16.0,926.6666666666666,471.3333333333333,256.0,0.014288208292176266,17938.98403088647,6000.0,,,,
miniboone,random_b1000_k64,1000.0,1000.0,1.0,11.0,1.0,0.9606410182424577,0.9022766653510917,0.29320722855829245,0.08395074885435512,0.8354048854949715,0.10534127673184783,0.4158789094876178,0.8714748941459104,0.721247029673476,0.721247029673476,0.9624387967639224,1.8732754070464015,0.11424518433569286,50.0,0.08407357426851253,64.0,7335090.333333333,187.3630651809896,671.5698623333333,64.0,4478.666666666667,2271.3333333333335,256.0,0.058688666593904266,4401.918728714299,6000.0,,,,
miniboone,random_b3000_k128,3000.0,3000.0,1.0,11.0,1.0,0.960008888095134,0.9018755804638431,0.2934762818466428,0.08421013892325567,0.8341148484781183,0.1066655516981716,0.4171639955449175,0.8715604799269489,0.7256258181699105,0.7256258181699105,0.9948907014944077,1.8664035225244398,0.11779182140904604,50.0,0.0842299244492224,128.0,14678959.333333334,189.47194868062311,679.2733739999998,128.0,8700.0,4414.0,256.0,0.10021852763990553,2555.5627800348902,6000.0,,,,
miniboone,random_b3000_k16,3000.0,3000.0,1.0,11.0,1.0,0.9617922373814501,0.9050829979206014,0.2711875254256606,0.07787934343903073,0.8515689194277702,0.08605253206822865,0.38580315916795316,0.8885151927672474,0.7073666880720992,0.7073666880720992,0.847956129190961,1.8760781566657483,0.16604391670934035,50.0,0.07821654365565506,16.0,1844646.3333333333,186.18686069447236,666.2970509999999,16.0,1281.3333333333333,648.6666666666666,256.0,0.014584055403247434,17579.66069933649,6000.0,,,,
miniboone,random_b3000_k64,3000.0,3000.0,1.0,11.0,1.0,0.9608835824172942,0.9045436738635413,0.29189310456227036,0.08339492154107082,0.8410963548404372,0.10636379910376033,0.4131248820014935,0.8715567009823526,0.7144017390387981,0.7144017390387981,0.9803966001638363,1.9056450867984969,0.12291062383806443,50.0,0.08303533565583267,64.0,7350133.666666667,187.64454527835673,671.9725109999997,64.0,4654.0,2359.0,256.0,0.0544830973570545,4699.0382383052165,6000.0,,,,
miniboone,random_b6000_k128,6000.0,6000.0,1.0,11.0,1.0,0.9599189530380965,0.901631339402808,0.29748461901555373,0.08537559061719546,0.8335036883079724,0.11088403096114047,0.4229369242303776,0.8693506293960391,0.7245309046311945,0.7245309046311945,0.9916201096746863,1.864154569805537,0.11786046890879,50.0,0.08539437964155937,128.0,14623119.0,189.79550612500557,679.4849953333332,128.0,8002.666666666667,4065.3333333333335,256.0,0.10904691663260258,2347.74426275627,6000.0,,,,
miniboone,random_b6000_k16,6000.0,6000.0,1.0,11.0,1.0,0.9561871338455177,0.8926462090192157,0.2923067998658507,0.08480387537680056,0.8357510833929677,0.0954028693310844,0.4201048038612753,0.8770522717732815,0.729600397629711,0.729600397629711,0.9419178066046094,1.773956289522893,0.13761480933484893,50.0,0.08468598743092264,16.0,1814343.3333333333,186.3605020136262,666.1006219999998,16.0,915.3333333333334,465.6666666666667,256.0,0.014766999986022667,17376.65781278767,6000.0,,,,
miniboone,random_b6000_k64,6000.0,6000.0,1.0,11.0,1.0,0.9597357020742715,0.9019934302116012,0.30188925165243,0.0866733483348608,0.8293062853045106,0.11532361016243677,0.4293668189638504,0.8641398687078751,0.7198161933517283,0.7198161933517283,0.9567820408112011,1.8627627561439712,0.11125342006120924,50.0,0.08657968503067696,64.0,7320548.333333333,187.67326884755553,671.6504126666669,64.0,4306.666666666667,2185.3333333333335,256.0,0.06445408333092924,4061.664103316509,6000.0,,,,
miniboone,random_cert_b6000_k64,6000.0,6000.0,1.0,11.0,1.0,0.9597357020742715,0.9019934302116012,0.30188925165243,0.0866733483348608,0.8293062853045106,0.11532361016243677,0.4293668189638504,0.8641398687078751,0.7198161933517283,0.7198161933517283,0.9567820408112011,1.8627627561439712,0.11125342006120924,50.0,0.08657968503067696,64.0,7320548.333333333,187.79073429161994,671.4998479999995,64.0,4306.666666666667,2185.3333333333335,256.0,0.05572716666695967,4606.027764188247,6000.0,,,,
miniboone,random_forest,,,,11.0,1.0,0.9756524118986051,0.9360541436540281,0.1964125906159474,0.05707680970623733,0.9051762651337697,0.045211599927148065,0.28274919899382117,,,,,,,,,,28617227.0,12.07912683339479,12.081127999999884,256.0,356428.0,178342.0,256.0,0.012450389020765765,20569.84340275722,,12.07912683339479,12.081127999999884,1410618709.3333333,
miniboone,random_patches64,,,,11.0,1.0,0.965096958685832,0.9129003415628699,0.25510836747298066,0.07352245652882024,0.8630594619014166,0.0780566774237159,0.36421909931392604,,,,,,,,,,4106865.0,1.9405734027580668,1.941841666666657,64.0,6869.333333333333,3466.6666666666665,256.0,0.04478833358734843,5757.708384513546,,1.9405734027580668,1.941841666666657,1448711509.3333333,
miniboone,rf_leaf5,,,,11.0,1.0,0.9748365875541269,0.9348858713811787,0.19860712198977212,0.0581062723172307,0.9017346360314183,0.04350861604672893,0.2878490246741117,,,,,,,,,,16986667.0,11.070019778019438,11.075886666666975,256.0,211046.0,105651.0,256.0,0.012095250034083868,21166.752961038175,,11.070019778019438,11.075886666666975,1446920192.0,
miniboone,rf_shallow64,,,,11.0,1.0,0.9646776337345969,0.9110909701922183,0.23899936384848755,0.06983666223680707,0.8689937686620302,0.056347025275682604,0.3459602524878121,,,,,,,,,,594000.3333333334,1.563369638985023,1.564388000000008,64.0,7046.666666666667,3555.3333333333335,256.0,0.0030268887057899665,84626.62017541361,,1.563369638985023,1.564388000000008,1447144106.6666667,
miniboone,signed_correlation_b6000_k64,6000.0,6000.0,1.0,11.0,1.0,0.9723233288515883,0.930602408686466,0.266097934511867,0.0733940353488222,0.8756116677753569,0.11021812609219661,0.36358262074417835,0.8804092516737332,0.6431867123350749,0.6431867123350749,0.9248435162052253,2.3200165114386393,0.16987981197541235,50.0,0.07272922034413416,64.0,7587437.0,190.094999153167,677.5950229999993,64.0,7535.333333333333,3799.6666666666665,256.0,0.07509169471450146,3424.8352525650394,6000.0,,,,
miniboone,top_quality_b1000_k128,1000.0,1000.0,1.0,11.0,1.0,0.9679016927509636,0.9191667093527395,0.22222796537129044,0.06519594064675822,0.8839807480530139,0.045223486062056034,0.3229707149082179,0.9274344507517399,0.7298224209500415,0.7298224209500415,0.9229669950823802,1.8620271573386604,0.2936057020665022,50.0,0.06535020924692823,128.0,15236853.666666666,193.38569709767276,695.5973179999997,128.0,15083.333333333334,7605.666666666667,256.0,0.10370605570885037,2470.951611872157,6000.0,,,,
miniboone,top_quality_b1000_k16,1000.0,1000.0,1.0,11.0,1.0,0.9619564117714893,0.9073792303251865,0.2282084819535941,0.06844010103173066,0.8756115244309667,0.0286573656983404,0.3390410690927048,0.9347747791812736,0.7732932299516047,0.7732932299516047,0.8922593317160001,1.6021384603910152,0.3172430191382363,50.0,0.0668126300412048,16.0,1899572.0,186.48958957001255,667.9509093333332,16.0,1917.3333333333333,966.6666666666666,256.0,0.017166917057087002,14961.21679062336,6000.0,,,,
miniboone,top_quality_b1000_k64,1000.0,1000.0,1.0,11.0,1.0,0.9664491086982091,0.9167035451684332,0.22183805104847545,0.06559229039058656,0.8817058535704364,0.03796271809161197,0.3249340640792181,0.9307833526458024,0.7447111336935576,0.7447111336935576,0.9169083381226186,1.7779184050748358,0.31420467401446617,50.0,0.06513268389273551,64.0,7608361.333333333,189.59438412597714,680.3691056666665,64.0,7574.0,3819.0,256.0,0.05643670796416697,4541.313788210566,6000.0,,,,
miniboone,top_quality_b3000_k128,3000.0,3000.0,1.0,11.0,1.0,0.9657189586398109,0.91515077008358,0.22180375686513312,0.0659599705868505,0.8775707487818852,0.03352617655046237,0.32675534279174007,0.9318924752946045,0.7596529390164486,0.7596529390164486,0.9255120435014074,1.71971590034311,0.32047390968938405,50.0,0.06566420120025597,128.0,15248852.0,194.1947914317716,698.2633033333332,128.0,15184.0,7656.0,256.0,0.1098691253767659,2332.854432341708,6000.0,,,,
miniboone,top_quality_b3000_k16,3000.0,3000.0,1.0,11.0,1.0,0.9614995112019863,0.9073225246112369,0.22711471852915002,0.06808042057021733,0.8780266857695791,0.02190734375946657,0.33725996060378205,0.9361348480579791,0.7914046229523993,0.7914046229523993,0.9051930280849453,1.5361202896097474,0.3324321108052979,50.0,0.06757504096728037,16.0,1900078.6666666667,186.56296852758774,668.0844549999998,16.0,1921.3333333333333,968.6666666666666,256.0,0.016685874977459467,15419.356589455218,6000.0,,,,
miniboone,top_quality_b3000_k64,3000.0,3000.0,1.0,11.0,1.0,0.964089117637639,0.9118969336017674,0.22394471820980563,0.06691441304381486,0.8766868898942634,0.0301680626747311,0.3314834635544576,0.9336323557376405,0.7726208656427502,0.7726208656427502,0.9217101207573526,1.654269758768252,0.3249445355740625,50.0,0.066183924423512,64.0,7611961.333333333,189.83031091691615,680.8821116666668,64.0,7621.333333333333,3842.6666666666665,256.0,0.05968933304150897,4294.713287579212,6000.0,,,,
miniboone,top_quality_b300_k64,300.0,300.0,1.0,11.0,1.0,0.9677464415392801,0.9179904041436715,0.2282791792251949,0.06652437944937484,0.8808162353412116,0.052411768671680736,0.3295518342247235,0.9221146886120454,0.716741402255618,0.716741402255618,0.931939848080245,1.9161535780519945,0.26198812735682675,50.0,0.066693904863809,64.0,7582140.666666667,189.20181747238772,678.9886533333334,64.0,7312.666666666667,3688.3333333333335,256.0,0.06508802770016094,3964.7551760017973,6000.0,,,,
miniboone,top_quality_b6000_k128,6000.0,6000.0,1.0,11.0,1.0,0.964054028049314,0.9119745440123982,0.22381219289807075,0.06692315458972507,0.8752204575537202,0.0291582660012361,0.33152674510592967,0.93376052654541,0.7779745674122901,0.7779745674122901,0.9307466359085558,1.6404815792846457,0.3243781898085191,50.0,0.0664492222305529,128.0,15255410.0,194.47110827833725,698.8653600000001,128.0,15278.0,7703.0,256.0,0.11346016692308086,2264.563477207115,6000.0,,,,
miniboone,top_quality_b6000_k16,6000.0,6000.0,1.0,11.0,1.0,0.9617854463118448,0.9078442979044666,0.22618033528936654,0.06785399522156667,0.8791854184509874,0.021799675352022863,0.3361384037166382,0.9366373840884372,0.7948697377737378,0.7948697377737378,0.9204310175931529,1.5240320671140963,0.3416250485316114,50.0,0.06763436352009007,16.0,1900212.0,186.7517500274504,668.3160986666668,16.0,1920.6666666666667,968.3333333333334,256.0,0.017264916328713267,14863.76222163633,6000.0,,,,
miniboone,top_quality_b6000_k64,6000.0,6000.0,1.0,11.0,1.0,0.9631999339906234,0.9106883063435559,0.22473143408149188,0.06728716655863694,0.8762878169269079,0.026067525035043965,0.33333008312127627,0.9351034367972235,0.786203397878237,0.786203397878237,0.9246591880982256,1.5991755896611302,0.33180068442717037,50.0,0.0666939455215843,64.0,7614734.666666667,190.20684030644284,681.5990539999997,64.0,7653.333333333333,3858.6666666666665,256.0,0.07012120836103954,3701.588669725667,6000.0,,,,
miniboone,top_quality_cert_b6000_k64,6000.0,6000.0,1.0,11.0,1.0,0.9631999339906234,0.9106883063435559,0.22473143408149188,0.06728716655863694,0.8762878169269079,0.026067525035043965,0.33333008312127627,0.9351034367972235,0.786203397878237,0.786203397878237,0.9246591880982256,1.5991755896611302,0.33180068442717037,50.0,0.0666939455215843,64.0,7614734.666666667,190.1354191529099,681.3304089999997,64.0,7653.333333333333,3858.6666666666665,256.0,0.058567375022297065,4382.83026557826,6000.0,,,,
miniboone,top_quality_f05_d3_b1000_k64,1000.0,1000.0,1.0,11.0,1.0,0.9374958284120578,0.8609587983009884,0.31218772559910746,0.09447357745802958,0.8098497364897453,0.06881782147104483,0.46800779374114104,0.8825852675461351,0.8194401787981485,0.8194401787981485,0.9999999999999994,1.4573474334929373,0.11999007936507933,44.333333333333336,0.09435001716025476,64.0,7030591.666666667,185.7731235686224,665.2990176666664,64.0,960.0,512.0,256.0,0.04905676391596594,5225.270489242807,6000.0,,,,
miniboone,top_quality_f05_d6_b1000_k64,1000.0,1000.0,1.0,11.0,1.0,0.9565295195097869,0.8951891649935092,0.2768967987191998,0.0819490157144019,0.8390195795675822,0.0750057697781094,0.40596336948250794,0.8996411104677063,0.7490357566554137,0.7490357566554137,0.999871798722185,1.745208425222371,0.10238095238095234,42.666666666666664,0.0818637779382772,64.0,7552145.0,185.9786944721515,666.1270840000001,64.0,7479.333333333333,3771.6666666666665,256.0,0.051946666634951975,4929.27521509758,6000.0,,,,
miniboone,top_quality_f20_d3_b1000_k64,1000.0,1000.0,1.0,11.0,1.0,0.941737161296326,0.8618015307167086,0.29157855998399146,0.08865109112842856,0.8254393140642288,0.05097509703941853,0.43916472930524336,0.9029363657575877,0.8578508509500594,0.8578508509500594,1.0,1.3457212863496688,0.1611090766028508,50.0,0.0877615805619425,64.0,7047758.333333333,186.55555480493544,668.4556419999998,64.0,960.0,512.0,256.0,0.05767155562837917,4439.612804709279,6000.0,,,,
miniboone,top_quality_f20_d6_b1000_k64,1000.0,1000.0,1.0,11.0,1.0,0.9653359205581385,0.9131302532349569,0.22980375589103352,0.0677580291862615,0.8750674413504461,0.04262203525450307,0.33566288367497066,0.9282156327874348,0.7513728489033746,0.7513728489033746,0.9080407787416687,1.7477361454555298,0.15566300728693533,50.0,0.06772843839940969,64.0,7575134.333333333,187.22079849949418,671.1516623333333,64.0,7553.333333333333,3808.6666666666665,256.0,0.065113528088356,4000.9351355900512,6000.0,,,,
miniboone,top_quality_f50_d3_b1000_k64,1000.0,1000.0,1.0,11.0,1.0,0.9266975725376031,0.8278155145263234,0.30050956272128,0.0914704016858346,0.8376753096428934,0.028503417389423236,0.45313049565339814,0.9087437300938966,0.9310129887008048,0.9310129887008048,1.0,1.1484072018504417,0.3645222263925791,50.0,0.09120740541329364,64.0,7082324.0,188.11843773590712,674.7026996666667,64.0,960.0,512.0,256.0,0.06027701365140573,4248.872004981284,6000.0,,,,
miniboone,top_quality_f50_d6_b1000_k64,1000.0,1000.0,1.0,11.0,1.0,0.9631353213677017,0.9109843044153413,0.2244522236636907,0.06717568489443573,0.8763226633800244,0.026017236426429568,0.33277776531037256,0.9349419560218858,0.7852550560295214,0.7852550560295214,0.9279598634921943,1.6026509124300212,0.35703604592137966,50.0,0.06662153466235426,64.0,7617054.666666667,189.77559749976112,681.3272336666661,64.0,7644.0,3854.0,256.0,0.06317461080228283,4067.003759620396,6000.0,,,,
miniboone,xgboost,,,,11.0,1.0,0.9816721133283863,0.9510713556929394,0.15723181764284766,0.04655992239600824,0.9246142654903652,0.0145315926868793,0.23065002592283287,,,,,,,,,,1097960.3333333333,2.0832552223000675,2.0797323333332165,300.0,26050.666666666668,13175.333333333334,256.0,0.0016189166344701665,158231.4113445708,,2.0832552223000675,2.0797323333332165,1385846101.3333333,
