B,certified_count,certification_rate,seed,fold,task,dataset,method,status,auroc,auprc,log_loss,brier,balanced_accuracy,ece_10,normalized_squared_loss,mean_selected_quality,mean_residual_correlation,mean_abs_residual_correlation,max_abs_residual_correlation,residual_effective_rank,mean_feature_jaccard,feature_coverage,oof_squared_loss,search_charged,model_bytes,train_wall_seconds,train_cpu_seconds,retained_count,nodes,leaves,inference_batch_rows,inference_batch_seconds,inference_rows_per_second,inference_timing_scope,wall_seconds,cpu_seconds,observed_peak_rss_bytes,requested_K,reason,rmse,mse,mae,r2
12,4,0.3333333333333333,11,0,binary,additive_binary,random_subspace,complete,0.3934151785714285,0.5033449761136459,0.8049832858527827,0.299545160525701,0.4397321428571428,0.186159781962255,1.203529662826477,0.4926060267857143,0.7695554288918961,0.7695554288918961,0.9931503653117604,1.4040451708108688,0.2666666666666666,5.0,0.3130774864311009,False,12957.0,0.0262243340257555,0.0238019999999998,4.0,38.0,21.0,60.0,0.0104324170388281,5751.3038231397,median 5 warm calls on training rows; end-to-end preprocessing,,,,,,,,,
12,4,0.3333333333333333,11,0,binary,additive_binary,top_quality,complete,0.7762276785714286,0.7725419334941741,0.5776406474093948,0.1962802720924347,0.7075892857142857,0.1292788110076072,0.7886260932285324,0.6519252232142857,0.7015105959956669,0.7015105959956669,0.8869328070704452,1.596926849169332,0.138095238095238,7.0,0.2084757133036797,True,12439.0,0.2943137919064611,0.2691549999999996,4.0,30.0,17.0,60.0,0.0093002498615533,6451.439573471729,median 5 warm calls on training rows; end-to-end preprocessing,,,,,,,,,
12,4,0.3333333333333333,11,0,binary,additive_binary,certified_random,complete,0.7762276785714286,0.7725419334941741,0.5776406474093948,0.1962802720924347,0.7075892857142857,0.1292788110076072,0.7886260932285324,0.6519252232142857,0.7015105959956669,0.7015105959956669,0.8869328070704452,1.596926849169332,0.138095238095238,7.0,0.2084757133036797,True,12439.0,0.2939584581181407,0.2682380000000002,4.0,30.0,17.0,60.0,0.0101339998655021,5920.663192847509,median 5 warm calls on training rows; end-to-end preprocessing,,,,,,,,,
12,4,0.3333333333333333,11,0,binary,additive_binary,coerror,complete,0.7762276785714286,0.7725419334941741,0.5776406474093948,0.1962802720924347,0.7075892857142857,0.1292788110076072,0.7886260932285324,0.6519252232142857,0.7015105959956669,0.7015105959956669,0.8869328070704452,1.596926849169332,0.138095238095238,7.0,0.2084757133036797,True,12439.0,0.3040630419272929,0.2718980000000006,4.0,30.0,17.0,60.0,0.017397167161107,3448.837356356235,median 5 warm calls on training rows; end-to-end preprocessing,,,,,,,,,
12,4,0.3333333333333333,11,0,binary,additive_binary,shrinkage,complete,0.7193080357142858,0.7272541648360354,0.6191891401937534,0.2153900721547939,0.7209821428571428,0.1333764843559063,0.8654065399076539,0.6473214285714286,0.7431762603221732,0.7431762603221732,0.9414547010484696,1.4862608413827487,0.1999999999999999,6.0,0.2100992683897767,True,12155.0,0.298212667228654,0.2697510000000003,4.0,28.0,16.0,60.0,0.0143595831468701,4178.394274145611,median 5 warm calls on training rows; end-to-end preprocessing,,,,,,,,,
12,4,0.3333333333333333,11,0,binary,additive_binary,abs_correlation,complete,0.5993303571428571,0.6020253064320236,0.6572985079501256,0.2338506097276124,0.5892857142857143,0.1595261668030879,0.9395783426555856,0.5809151785714286,0.6309362763783645,0.6309362763783645,0.7851793351986982,1.8040802592112144,0.1047619047619047,8.0,0.2404800998167787,True,12784.0,0.3005879179108888,0.2728140000000003,4.0,34.0,19.0,60.0,0.0130784169305115,4587.711212969639,median 5 warm calls on training rows; end-to-end preprocessing,,,,,,,,,
12,4,0.3333333333333333,11,0,binary,additive_binary,random_forest,complete,0.7678571428571429,0.747574710773009,0.5509736481739557,0.1862262925488483,0.7433035714285714,0.1567810526664693,0.7482306397051941,,,,,,,,,,13291.0,0.0260138339363038,0.0186599999999996,8.0,84.0,46.0,60.0,0.0052185410168021,11497.466400439773,median 5 warm calls on training rows; end-to-end preprocessing,0.0260138339363038,0.0186599999999996,173670400.0,,,,,,
12,4,0.3333333333333333,11,0,binary,additive_binary,extra_trees,complete,0.7600446428571428,0.7559792842267374,0.6000331446469315,0.2050456896320361,0.6763392857142857,0.0875577464301612,0.8238442887001453,,,,,,,,,,13611.0,0.0159329590387642,0.0144299999999999,8.0,88.0,48.0,60.0,0.0046406250912696,12929.29267500573,median 5 warm calls on training rows; end-to-end preprocessing,0.0159329590387642,0.0144299999999999,173654016.0,,,,,,
12,3,0.25,11,1,binary,additive_binary,certified_random,infeasible,,,,,,,,,,,,,,,,,,,,,,,,,,,,,,4.0,infeasible: 3 eligible < K=4,,,,
12,3,0.25,11,1,binary,additive_binary,random_subspace,complete,0.7154017857142857,0.7072911323477595,0.6323005357258071,0.2173443320874654,0.6986607142857143,0.1395822676896845,0.8732584771371378,0.5983537946428572,0.7171853164774098,0.7171853164774098,0.8903672205688227,1.566138475876445,0.3955026455026455,9.0,0.270327851789677,False,13805.0,0.0263921252917498,0.02339,4.0,44.0,24.0,60.0,0.0121554590296,4936.053821899501,median 5 warm calls on training rows; end-to-end preprocessing,,,,,,,,,
12,3,0.25,11,1,binary,additive_binary,top_quality,complete,0.6674107142857143,0.7078885065248769,0.6401018279509709,0.227699272433208,0.546875,0.1691422604669887,0.914863148169139,0.6795479910714285,0.4883645846594129,0.4883645846594129,0.6981663901575884,2.279432856016405,0.2797619047619047,10.0,0.1707057897472196,True,13002.0,0.3457105827983469,0.2657640000000008,4.0,34.0,19.0,60.0,0.0140321671497076,4275.889772396985,median 5 warm calls on training rows; end-to-end preprocessing,,,,,,,,,
12,3,0.25,11,1,binary,additive_binary,coerror,complete,0.6674107142857143,0.7078885065248769,0.6401018279509709,0.227699272433208,0.546875,0.1691422604669887,0.914863148169139,0.6795479910714286,0.488364584659413,0.488364584659413,0.6981663901575884,2.2794328560164048,0.2797619047619047,10.0,0.1707057897472196,True,13002.0,0.348067166050896,0.2672780000000001,4.0,34.0,19.0,60.0,0.0137287909165024,4370.377578398251,median 5 warm calls on training rows; end-to-end preprocessing,,,,,,,,,
12,3,0.25,11,1,binary,additive_binary,shrinkage,complete,0.7276785714285714,0.7305310281194642,0.615091889759615,0.2126855056623316,0.6964285714285714,0.1025255481233742,0.8545399781075821,0.6752232142857142,0.521120543225872,0.521120543225872,0.8237942509084106,2.1079014302309065,0.1583333333333333,10.0,0.1726175467594205,True,12874.0,0.3587057488039136,0.2693550000000009,4.0,34.0,19.0,60.0,0.0113137089647352,5303.3006405785645,median 5 warm calls on training rows; end-to-end preprocessing,,,,,,,,,
12,3,0.25,11,1,binary,additive_binary,abs_correlation,complete,0.6869419642857143,0.7591071742756621,0.617814549779482,0.2207010214913221,0.6941964285714286,0.2557608843658236,0.8867451756347762,0.6452287946428571,0.4455568681787705,0.4455568681787705,0.6790817376741096,2.3269628100721693,0.3392857142857142,9.0,0.1841914833706382,True,13639.0,0.3502694992348552,0.2685040000000009,4.0,42.0,23.0,60.0,0.0093243750743567,6434.747585927507,median 5 warm calls on training rows; end-to-end preprocessing,,,,,,,,,
12,3,0.25,11,1,binary,additive_binary,random_forest,complete,0.7003348214285714,0.7463716219062604,0.5962577120995147,0.2103233464660555,0.6116071428571428,0.1014600162768266,0.8450491599082586,,,,,,,,,,14251.0,0.0191592909395694,0.0165229999999994,8.0,96.0,52.0,60.0,0.003105416893959,19321.077346077993,median 5 warm calls on training rows; end-to-end preprocessing,0.0191592909395694,0.0165229999999994,173916160.0,,,,,,
12,3,0.25,11,1,binary,additive_binary,extra_trees,complete,0.8169642857142857,0.8130118217323452,0.5872251623430489,0.198997002269937,0.7276785714285714,0.137084740730574,0.7995415269774252,,,,,,,,,,14731.0,0.0288182499352842,0.0167469999999996,8.0,102.0,55.0,60.0,0.0032468750141561,18479.306945418295,median 5 warm calls on training rows; end-to-end preprocessing,0.0288182499352842,0.0167469999999996,173965312.0,,,,,,
12,0,0.0,11,0,regression,sparse_regression,certified_random,infeasible,,,,,,,,,,,,,,,,,,,,,,,,,,,,,,4.0,infeasible: 0 eligible < K=4,,,,
12,0,0.0,11,0,regression,sparse_regression,random_subspace,complete,,,,,,,0.9195101212895742,-0.110744829350743,0.6862511749755865,0.6862511749755865,0.9698695033120714,1.5874901733353013,0.2666666666666666,5.0,1.572499037792339,False,12685.0,0.0273615419864654,0.0226090000000001,4.0,44.0,24.0,60.0,0.0106958751566708,5609.639147908263,median 5 warm calls on training rows; end-to-end preprocessing,,,,,,1.2679357679993677,1.6076611117721462,1.010317840044011,0.080485093790628
12,0,0.0,11,0,regression,sparse_regression,top_quality,complete,,,,,,,0.8740891137620352,0.010029982654512,0.5937429136951157,0.5937429136951157,0.7789841971648713,1.9036724578238529,0.1416666666666667,8.0,1.2664390649729282,True,12829.0,0.2688711262308061,0.230011000000001,4.0,44.0,24.0,60.0,0.0086282920092344,6953.867571448093,median 5 warm calls on training rows; end-to-end preprocessing,,,,,,1.2362230927965283,1.528247535163414,1.015716000749141,0.1259063376786736
12,0,0.0,11,0,regression,sparse_regression,coerror,complete,,,,,,,0.9314734843874845,-0.0116319233638968,0.5332410285059118,0.5332410285059118,0.6197812379685375,2.1642979440847547,0.1982804232804232,9.0,1.199521251926643,True,12960.0,0.2746903351508081,0.2319280000000008,4.0,44.0,24.0,60.0,0.0122773749753832,4887.038159240297,median 5 warm calls on training rows; end-to-end preprocessing,,,,,,1.276157404361568,1.6285777207068544,1.0490863948659437,0.06852166843812
12,0,0.0,11,0,regression,sparse_regression,shrinkage,complete,,,,,,,0.9167665598887876,0.0065529588170039,0.576840234790143,0.576840234790143,0.6197812379685375,2.001434822234666,0.0666666666666666,6.0,1.2444192909625762,True,12699.0,0.2716747494414449,0.2320600000000006,4.0,44.0,24.0,60.0,0.0123675419017672,4851.408669286686,median 5 warm calls on training rows; end-to-end preprocessing,,,,,,1.2660427717904454,1.6028643000028338,1.0786805986575596,0.0832286694682791
12,0,0.0,11,0,regression,sparse_regression,abs_correlation,complete,,,,,,,0.8762724200376717,-0.126596631136449,0.4982468940942721,0.4982468940942721,0.6601221401310402,2.255781798911416,0.1416666666666667,8.0,1.2860593274582592,True,13384.0,0.2772497911937535,0.2358719999999996,4.0,52.0,28.0,60.0,0.0103902919217944,5774.621199443445,median 5 warm calls on training rows; end-to-end preprocessing,,,,,,1.237766053500836,1.532064803199035,1.0152734989817636,0.1237230200416121
12,0,0.0,11,0,regression,sparse_regression,random_forest,complete,,,,,,,0.9507507528684151,,,,,,,,,,14099.0,0.0160592088941484,0.0144979999999996,8.0,116.0,62.0,60.0,0.0035520419478416,16891.69240708384,median 5 warm calls on training rows; end-to-end preprocessing,0.0160592088941484,0.0144979999999996,173981696.0,,,1.289295109435855,1.6622818792152123,1.077049501017759,0.0492442996427049
12,0,0.0,11,0,regression,sparse_regression,extra_trees,complete,,,,,,,0.9750758638882456,,,,,,,,,,13667.0,0.0112284170463681,0.010421,8.0,110.0,59.0,60.0,0.0024200419429689,24792.958723017247,median 5 warm calls on training rows; end-to-end preprocessing,0.0112284170463681,0.010421,173981696.0,,,1.305684352595165,1.7048116286118542,1.0542898921681,0.0249190620405753
12,0,0.0,11,1,regression,sparse_regression,certified_random,infeasible,,,,,,,,,,,,,,,,,,,,,,,,,,,,,,4.0,infeasible: 0 eligible < K=4,,,,
12,0,0.0,11,1,regression,sparse_regression,random_subspace,complete,,,,,,,0.8147240111642945,-0.1865153374378282,0.6975351615495301,0.6975351615495301,0.8823354609187615,1.5831518369175726,0.3955026455026455,9.0,1.5796136903410614,False,12909.0,0.0236664179246872,0.0230129999999997,4.0,42.0,23.0,60.0,0.0121578751131892,4935.0729006017045,median 5 warm calls on training rows; end-to-end preprocessing,,,,,,1.2245455572376502,1.4995118217504673,0.9730985093291822,0.1852719614134473
12,0,0.0,11,1,regression,sparse_regression,top_quality,complete,,,,,,,0.8025483073773132,0.0265525222658302,0.7674829670728994,0.7674829670728994,0.8823354609187615,1.4403235417395308,0.1777777777777777,7.0,1.4028841589201086,True,12667.0,0.2420471666846424,0.2109880000000004,4.0,42.0,23.0,60.0,0.0086647910065948,6924.575555755833,median 5 warm calls on training rows; end-to-end preprocessing,,,,,,1.2153609568449486,1.4771022554230688,0.9778469405933312,0.1974477253885411
12,0,0.0,11,1,regression,sparse_regression,coerror,complete,,,,,,,0.7453262135101608,-0.0049580542137039,0.7200115194326671,0.7200115194326671,0.8823354609187615,1.5641313339089906,0.2908730158730159,8.0,1.3795550716089613,True,12759.0,0.2995601678267121,0.2617150000000015,4.0,42.0,23.0,60.0,0.0086707919836044,6919.783119402908,median 5 warm calls on training rows; end-to-end preprocessing,,,,,,1.1712318853376094,1.3717841292314907,0.9197456627754832,0.2546701021214631
12,0,0.0,11,1,regression,sparse_regression,shrinkage,complete,,,,,,,0.7453262135101608,-0.0049580542137039,0.7200115194326671,0.7200115194326671,0.8823354609187615,1.5641313339089906,0.2908730158730159,8.0,1.3795550716089613,True,12759.0,0.2422631669323891,0.2100480000000004,4.0,42.0,23.0,60.0,0.0100890409667044,5947.046919326621,median 5 warm calls on training rows; end-to-end preprocessing,,,,,,1.1712318853376094,1.3717841292314907,0.9197456627754832,0.2546701021214631
12,0,0.0,11,1,regression,sparse_regression,abs_correlation,complete,,,,,,,0.8698628431168401,-0.2831442492011843,0.6601327765185491,0.6601327765185491,0.8044457902548323,1.7518552886806809,0.1685185185185185,10.0,1.644830629852862,True,13213.0,0.2477842909283936,0.2157560000000007,4.0,48.0,26.0,60.0,0.0105898748151957,5665.789355120969,median 5 warm calls on training rows; end-to-end preprocessing,,,,,,1.2653045771631826,1.6009956729901005,0.9899063894654422,0.1301328568933132
12,0,0.0,11,1,regression,sparse_regression,random_forest,complete,,,,,,,0.8415752210186522,,,,,,,,,,13811.0,0.0203821670729666,0.0148140000000003,8.0,112.0,60.0,60.0,0.0046846668701618,12807.741011886836,median 5 warm calls on training rows; end-to-end preprocessing,0.0203821670729666,0.0148140000000003,173981696.0,,,1.2445609178253898,1.5489318781783763,0.964477368663586,0.1584206188256011
12,0,0.0,11,1,regression,sparse_regression,extra_trees,complete,,,,,,,0.7288521262374862,,,,,,,,,,12659.0,0.0107942500617355,0.0099430000000007,8.0,96.0,52.0,60.0,0.0038374168798327,15635.517818073267,median 5 warm calls on training rows; end-to-end preprocessing,0.0107942500617355,0.0099430000000007,173981696.0,,,1.1582155772200242,1.341463323315114,0.8931444506201697,0.2711442708304339
