B,certified_count,certification_rate,seed,fold,task,dataset,method,status,reason,auroc,auprc,log_loss,brier,balanced_accuracy,ece_10,normalized_squared_loss,mean_selected_quality,mean_residual_correlation,mean_abs_residual_correlation,max_abs_residual_correlation,residual_effective_rank,mean_feature_jaccard,feature_coverage,oof_squared_loss,requested_K,aggregation,search_charged,model_bytes,train_wall_seconds,train_cpu_seconds,retained_count,nodes,leaves,inference_batch_rows,inference_batch_seconds,inference_rows_per_second,inference_timing_scope,wall_seconds,cpu_seconds,observed_peak_rss_bytes,rmse,mse,mae,r2,oof_calibrated_squared_loss,aggregation_scalar_parameters
30.0,14.0,0.4666666666666667,11,0,binary,additive_binary,coerror_no_cert_affine,not_applicable,task restriction defined in config,,,,,,,,,,,,,,,,,,,,,,,,,,,,,,,,,,,,,
30.0,14.0,0.4666666666666667,11,0,binary,additive_binary,affine_profiled,not_applicable,task restriction defined in config,,,,,,,,,,,,,,,,,,,,,,,,,,,,,,,,,,,,,
30.0,14.0,0.4666666666666667,11,0,binary,additive_binary,random_subspace,complete,,0.6329196276648984,0.6364028196311439,0.668652810804397,0.2379737509210372,0.6266639975978381,0.078277096136455,0.9527286412452382,0.544047842401501,0.869294925890288,0.869294925890288,0.89019708359598,1.2722415445787862,0.0357142857142857,25.0,0.2382607897836485,8.0,equal,False,49020.0,0.0680124582722783,0.0544279999999997,8.0,112.0,60.0,256.0,0.0238878750242292,10716.7338970227,median 5 warm calls on training rows; end-to-end preprocessing,,,,,,,,,
30.0,14.0,0.4666666666666667,11,0,binary,additive_binary,top_no_cert,complete,,0.6789610649584625,0.6711428147644962,0.6556659225644637,0.2316295848133052,0.6521369232309078,0.0879703809794179,0.9273297527869094,0.5904205753595997,0.8386667704882989,0.8386667704882989,0.8861910653914793,1.3502210806976342,0.0578231292517006,23.0,0.2225358450836252,8.0,equal,True,49020.0,1.091821332462132,0.9635689999999996,8.0,112.0,60.0,256.0,0.0244892090559005,10453.583838319915,median 5 warm calls on training rows; end-to-end preprocessing,,,,,,,,,
30.0,14.0,0.4666666666666667,11,0,binary,additive_binary,coerror_no_cert,complete,,0.6857671904714242,0.6868329828486963,0.6552416632903083,0.2313937448091066,0.6215093584225804,0.0666424042502185,0.9263855666072078,0.5857410881801126,0.8396797940234676,0.8396797940234676,0.8861910653914793,1.3477750669375876,0.0476190476190476,24.0,0.2224296219810125,8.0,equal,True,49021.0,1.0972835414577276,0.9670960000000006,8.0,112.0,60.0,256.0,0.0216646250337362,11816.498074688849,median 5 warm calls on training rows; end-to-end preprocessing,,,,,,,,,
30.0,14.0,0.4666666666666667,11,0,binary,additive_binary,shrinkage_no_cert,complete,,0.6857671904714242,0.6868329828486963,0.6552416632903083,0.2313937448091066,0.6215093584225804,0.0666424042502185,0.9263855666072078,0.5857410881801126,0.8396797940234676,0.8396797940234676,0.8861910653914793,1.3477750669375876,0.0476190476190476,24.0,0.2224296219810125,8.0,equal,True,49021.0,1.101376833859831,0.9665439999999998,8.0,112.0,60.0,256.0,0.0191482091322541,13369.3964919561,median 5 warm calls on training rows; end-to-end preprocessing,,,,,,,,,
30.0,14.0,0.4666666666666667,11,0,binary,additive_binary,top_quality,complete,,0.6789610649584625,0.6711428147644962,0.6556659225644637,0.2316295848133052,0.6521369232309078,0.0879703809794179,0.9273297527869094,0.5904205753595997,0.8386667704882989,0.8386667704882989,0.8861910653914793,1.3502210806976342,0.0578231292517006,23.0,0.2225358450836252,8.0,equal,True,49020.0,1.0889687072485683,0.9625230000000008,8.0,112.0,60.0,256.0,0.0216731249820441,11811.863781161814,median 5 warm calls on training rows; end-to-end preprocessing,,,,,,,,,
30.0,14.0,0.4666666666666667,11,0,binary,additive_binary,coerror,complete,,0.6781102992693424,0.6949010659235088,0.656017281971647,0.2318346504479663,0.6163547192473227,0.0589288529570138,0.9281507336838384,0.5886694809255785,0.8369584226108768,0.8369584226108768,0.8861910653914793,1.354910321371199,0.0578231292517006,23.0,0.2225224468303098,8.0,equal,True,49020.0,1.091017332859337,0.9634390000000002,8.0,112.0,60.0,256.0,0.0196331669576466,13039.159731705671,median 5 warm calls on training rows; end-to-end preprocessing,,,,,,,,,
,,,11,0,binary,additive_binary,random_forest,complete,,0.8671804624161746,0.8609170193862157,0.5770119208456832,0.1939404296875,0.7874086678010208,0.1984765625,0.7764411047166269,,,,,,,,,,,,2451659.0,0.7079557089600712,0.6387099999999997,256.0,29366.0,14811.0,256.0,0.0268807078246027,9523.558742217889,median 5 warm calls on training rows; end-to-end preprocessing,0.7079557089600712,0.6387099999999997,176488448.0,,,,,,
30.0,16.0,0.5333333333333333,11,1,binary,additive_binary,coerror_no_cert_affine,not_applicable,task restriction defined in config,,,,,,,,,,,,,,,,,,,,,,,,,,,,,,,,,,,,,
30.0,16.0,0.5333333333333333,11,1,binary,additive_binary,affine_profiled,not_applicable,task restriction defined in config,,,,,,,,,,,,,,,,,,,,,,,,,,,,,,,,,,,,,
30.0,16.0,0.5333333333333333,11,1,binary,additive_binary,random_subspace,complete,,0.6949254328896007,0.7108671521746677,0.6490001891566644,0.2284334719822556,0.6360724652186969,0.0737137396668404,0.9145341052711344,0.5707754846779237,0.8540362826959388,0.8540362826959388,0.9134118707942932,1.311687992068537,0.0595238095238095,22.0,0.2327250966992869,8.0,equal,False,49019.0,0.0640288749709725,0.0528729999999999,8.0,112.0,60.0,256.0,0.0210465830750763,12163.494619853936,median 5 warm calls on training rows; end-to-end preprocessing,,,,,,,,,
30.0,16.0,0.5333333333333333,11,1,binary,additive_binary,top_no_cert,complete,,0.6546391752577321,0.677236285175668,0.6608178195719525,0.2341880920194486,0.6060454408968071,0.0367775588581003,0.9375727442289944,0.6031550969355848,0.828869342417522,0.828869342417522,0.8947644320133366,1.374911115064869,0.0748299319727891,22.0,0.2208894847406195,8.0,equal,True,49341.0,1.1531168753281236,0.9933119999999996,8.0,116.0,62.0,256.0,0.0209463750943541,12221.68508139634,median 5 warm calls on training rows; end-to-end preprocessing,,,,,,,,,
30.0,16.0,0.5333333333333333,11,1,binary,additive_binary,coerror_no_cert,complete,,0.7089380442398159,0.7459308830407126,0.646945200406902,0.2273747101999412,0.6630467420678611,0.0978810577085351,0.9102953492303412,0.6003111319574734,0.8283296401453776,0.8283296401453776,0.875489526397734,1.3779052175468658,0.0374149659863945,25.0,0.2177893203199476,8.0,equal,True,49501.0,1.150128958048299,0.995005,8.0,118.0,63.0,256.0,0.0211102918256074,12126.78640896211,median 5 warm calls on training rows; end-to-end preprocessing,,,,,,,,,
30.0,16.0,0.5333333333333333,11,1,binary,additive_binary,shrinkage_no_cert,complete,,0.7089380442398159,0.7459308830407126,0.646945200406902,0.2273747101999412,0.6630467420678611,0.0978810577085351,0.9102953492303412,0.6003111319574734,0.8283296401453776,0.8283296401453776,0.875489526397734,1.3779052175468658,0.0374149659863945,25.0,0.2177893203199476,8.0,equal,True,49501.0,1.1530191253405064,0.9974420000000012,8.0,118.0,63.0,256.0,0.0234108748845756,10935.08898160261,median 5 warm calls on training rows; end-to-end preprocessing,,,,,,,,,
30.0,16.0,0.5333333333333333,11,1,binary,additive_binary,top_quality,complete,,0.6546391752577321,0.677236285175668,0.6608178195719525,0.2341880920194486,0.6060454408968071,0.0367775588581003,0.9375727442289944,0.6031550969355848,0.828869342417522,0.828869342417522,0.8947644320133366,1.374911115064869,0.0748299319727891,22.0,0.2208894847406195,8.0,equal,True,49341.0,1.1531265412922949,0.9962470000000012,8.0,116.0,62.0,256.0,0.0217648749239742,11762.07080877882,median 5 warm calls on training rows; end-to-end preprocessing,,,,,,,,,
30.0,16.0,0.5333333333333333,11,1,binary,additive_binary,coerror,complete,,0.7089380442398159,0.7459308830407126,0.646945200406902,0.2273747101999412,0.6630467420678611,0.0978810577085351,0.9102953492303412,0.6003111319574734,0.8283296401453776,0.8283296401453776,0.875489526397734,1.3779052175468658,0.0374149659863945,25.0,0.2177893203199476,8.0,equal,True,49501.0,1.1550707493443042,0.9961280000000016,8.0,118.0,63.0,256.0,0.0242604580707848,10552.150303719249,median 5 warm calls on training rows; end-to-end preprocessing,,,,,,,,,
,,,11,1,binary,additive_binary,random_forest,complete,,0.8020218196376739,0.823067303730831,0.593204073533855,0.2020358276367187,0.7191472325092583,0.122421875,0.8088510552201925,,,,,,,,,,,,2393099.0,0.7288974579423666,0.6380169999999996,256.0,28634.0,14445.0,256.0,0.0304839578457176,8397.859664274612,median 5 warm calls on training rows; end-to-end preprocessing,0.7288974579423666,0.6380169999999996,177897472.0,,,,,,
30.0,14.0,0.4666666666666667,11,2,binary,additive_binary,coerror_no_cert_affine,not_applicable,task restriction defined in config,,,,,,,,,,,,,,,,,,,,,,,,,,,,,,,,,,,,,
30.0,14.0,0.4666666666666667,11,2,binary,additive_binary,affine_profiled,not_applicable,task restriction defined in config,,,,,,,,,,,,,,,,,,,,,,,,,,,,,,,,,,,,,
30.0,14.0,0.4666666666666667,11,2,binary,additive_binary,random_subspace,complete,,0.6678671468587436,0.6988283972465872,0.6607375335660806,0.2340744986082262,0.5937374949979992,0.0413826154105497,0.936578968123342,0.5566462941647483,0.85552616592477,0.85552616592477,0.8941975522577897,1.30759565219643,0.0408163265306122,24.0,0.2373312394765963,8.0,equal,False,49181.0,0.0657935829367488,0.0533349999999988,8.0,114.0,61.0,256.0,0.0227598340716213,11247.885164470525,median 5 warm calls on training rows; end-to-end preprocessing,,,,,,,,,
30.0,14.0,0.4666666666666667,11,2,binary,additive_binary,top_no_cert,complete,,0.6585134053621449,0.6446678602163356,0.6599490989061354,0.2337495677793852,0.6196478591436574,0.051087389673771,0.935278854773973,0.5906644104694225,0.8353666686442944,0.8353666686442944,0.8888670208642688,1.3599981889796935,0.0527210884353741,24.0,0.2260114232269558,8.0,equal,True,49643.0,1.098017167299986,0.9478030000000004,8.0,120.0,64.0,256.0,0.0203813749831169,12560.487219927943,median 5 warm calls on training rows; end-to-end preprocessing,,,,,,,,,
30.0,14.0,0.4666666666666667,11,2,binary,additive_binary,coerror_no_cert,complete,,0.6887755102040817,0.6421547652935601,0.6548963030361893,0.2310508678005023,0.6541616646658663,0.0934943669024864,0.9244808154466434,0.5849749149234311,0.8284558339962914,0.8284558339962914,0.8612308219812401,1.3791842782555663,0.0510204081632653,23.0,0.2241364267482485,8.0,equal,True,49645.0,1.0851763752289116,0.9458129999999992,8.0,120.0,64.0,256.0,0.0229970829095691,11131.846634925934,median 5 warm calls on training rows; end-to-end preprocessing,,,,,,,,,
30.0,14.0,0.4666666666666667,11,2,binary,additive_binary,shrinkage_no_cert,complete,,0.6887755102040817,0.6421547652935601,0.6548963030361893,0.2310508678005024,0.6541616646658663,0.0934943669024864,0.9244808154466436,0.5849749149234311,0.8284558339962913,0.8284558339962913,0.8612308219812401,1.3791842782555674,0.0510204081632653,23.0,0.2241364267482485,8.0,equal,True,49644.0,1.102330666501075,0.9508010000000002,8.0,120.0,64.0,256.0,0.0205365838482975,12465.559115919925,median 5 warm calls on training rows; end-to-end preprocessing,,,,,,,,,
30.0,14.0,0.4666666666666667,11,2,binary,additive_binary,top_quality,complete,,0.6585134053621449,0.6446678602163356,0.6599490989061354,0.2337495677793852,0.6196478591436574,0.051087389673771,0.935278854773973,0.5906644104694225,0.8353666686442944,0.8353666686442944,0.8888670208642688,1.3599981889796935,0.0527210884353741,24.0,0.2260114232269558,8.0,equal,True,49643.0,1.0850272492971271,0.9454480000000008,8.0,120.0,64.0,256.0,0.0262627089396119,9747.661621222802,median 5 warm calls on training rows; end-to-end preprocessing,,,,,,,,,
30.0,14.0,0.4666666666666667,11,2,binary,additive_binary,coerror,complete,,0.6797218887555021,0.6111688789817646,0.6563707929636162,0.2317704881361089,0.6445578231292517,0.0958740477644769,0.9273601605926136,0.5889628790911821,0.8306142840050675,0.8306142840050675,0.8626881729841268,1.3730409835256343,0.0561224489795918,22.0,0.2248090508222643,8.0,equal,True,49484.0,1.090774541022256,0.9485120000000008,8.0,118.0,63.0,256.0,0.0233514588326215,10962.912503024116,median 5 warm calls on training rows; end-to-end preprocessing,,,,,,,,,
,,,11,2,binary,additive_binary,random_forest,complete,,0.8003701480592237,0.7948731817558863,0.5923715770102786,0.2017897033691406,0.7255902360944377,0.1285546875,0.8074010337866985,,,,,,,,,,,,2392299.0,0.7432284581009299,0.6333739999999999,256.0,28624.0,14440.0,256.0,0.0282615830656141,9058.232845826513,median 5 warm calls on training rows; end-to-end preprocessing,0.7432284581009299,0.6333739999999999,178028544.0,,,,,,
30.0,8.0,0.2666666666666666,29,0,binary,additive_binary,coerror_no_cert_affine,not_applicable,task restriction defined in config,,,,,,,,,,,,,,,,,,,,,,,,,,,,,,,,,,,,,
30.0,8.0,0.2666666666666666,29,0,binary,additive_binary,affine_profiled,not_applicable,task restriction defined in config,,,,,,,,,,,,,,,,,,,,,,,,,,,,,,,,,,,,,
30.0,8.0,0.2666666666666666,29,0,binary,additive_binary,random_subspace,complete,,0.6104110411041104,0.6163999396445551,0.6723288824805767,0.2398458300474782,0.5497549754975497,0.0484741211054379,0.9594792681167246,0.5522239723972397,0.8467057106754945,0.8467057106754945,0.8989478862899785,1.3280472556264165,0.0731292517006802,22.0,0.2381785396198738,8.0,equal,False,49181.0,0.0505137920845299,0.047746,8.0,114.0,61.0,256.0,0.0294159578625112,8702.759270887294,median 5 warm calls on training rows; end-to-end preprocessing,,,,,,,,,
30.0,8.0,0.2666666666666666,29,0,binary,additive_binary,top_no_cert,complete,,0.6587158715871587,0.6514466393341083,0.6543197911205949,0.2311932719000269,0.6098609860986098,0.0186368531789063,0.9248655741575238,0.5931671292129213,0.8386063310453421,0.8386063310453421,0.8898922532362498,1.3487561953811404,0.1105442176870748,21.0,0.2283834593183688,8.0,equal,True,49502.0,1.049567248672247,0.9390929999999962,8.0,118.0,63.0,256.0,0.0203531668521463,12577.89521697961,median 5 warm calls on training rows; end-to-end preprocessing,,,,,,,,,
30.0,8.0,0.2666666666666666,29,0,binary,additive_binary,coerror_no_cert,complete,,0.6825182518251824,0.6799342413062855,0.649282665359657,0.228641794712054,0.63986398639864,0.0598347865632875,0.9146586447126877,0.5913263201320131,0.8346677737883972,0.8346677737883972,0.8712110855350387,1.3602758320247774,0.0901360544217686,21.0,0.225438669077586,8.0,equal,True,49340.0,1.052512540016323,0.9415899999999962,8.0,116.0,62.0,256.0,0.0215980419889092,11852.926303757438,median 5 warm calls on training rows; end-to-end preprocessing,,,,,,,,,
30.0,8.0,0.2666666666666666,29,0,binary,additive_binary,shrinkage_no_cert,complete,,0.6825182518251824,0.6799342413062855,0.649282665359657,0.228641794712054,0.63986398639864,0.0598347865632875,0.9146586447126877,0.5913263201320131,0.8346677737883971,0.8346677737883971,0.8712110855350387,1.3602758320247774,0.0901360544217686,21.0,0.225438669077586,8.0,equal,True,49340.0,1.048366748727858,0.9414729999999984,8.0,116.0,62.0,256.0,0.0194930417928844,13132.891352720922,median 5 warm calls on training rows; end-to-end preprocessing,,,,,,,,,
30.0,8.0,0.2666666666666666,29,0,binary,additive_binary,top_quality,complete,,0.6587158715871587,0.6514466393341083,0.6543197911205949,0.2311932719000269,0.6098609860986098,0.0186368531789063,0.9248655741575238,0.5931671292129213,0.8386063310453421,0.8386063310453421,0.8898922532362498,1.3487561953811404,0.1105442176870748,21.0,0.2283834593183688,8.0,equal,True,49502.0,1.0508553739637136,0.938349999999998,8.0,118.0,63.0,256.0,0.0246973340399563,10365.49125447439,median 5 warm calls on training rows; end-to-end preprocessing,,,,,,,,,
30.0,8.0,0.2666666666666666,29,0,binary,additive_binary,coerror,complete,,0.6587158715871587,0.6514466393341083,0.6543197911205948,0.2311932719000269,0.6098609860986098,0.0186368531789063,0.9248655741575238,0.5931671292129213,0.8386063310453421,0.8386063310453421,0.8898922532362498,1.3487561953811404,0.1105442176870748,21.0,0.2283834593183688,8.0,equal,True,49502.0,1.0409820827189833,0.9379539999999996,8.0,118.0,63.0,256.0,0.0243264168966561,10523.539125697918,median 5 warm calls on training rows; end-to-end preprocessing,,,,,,,,,
,,,29,0,binary,additive_binary,random_forest,complete,,0.8006800680068007,0.7644235233615855,0.594478790718075,0.202410659790039,0.7294729472947294,0.12986328125,0.8097236115213085,,,,,,,,,,,,2409259.0,0.6975318330805749,0.620989999999999,256.0,28836.0,14546.0,256.0,0.0284311668947339,9004.203061655446,median 5 warm calls on training rows; end-to-end preprocessing,0.6975318330805749,0.620989999999999,178126848.0,,,,,,
30.0,8.0,0.2666666666666666,29,1,binary,additive_binary,coerror_no_cert_affine,not_applicable,task restriction defined in config,,,,,,,,,,,,,,,,,,,,,,,,,,,,,,,,,,,,,
30.0,8.0,0.2666666666666666,29,1,binary,additive_binary,affine_profiled,not_applicable,task restriction defined in config,,,,,,,,,,,,,,,,,,,,,,,,,,,,,,,,,,,,,
30.0,8.0,0.2666666666666666,29,1,binary,additive_binary,random_subspace,complete,,0.6241624162416242,0.6311006387724928,0.6741281968010003,0.2405952358564758,0.6048104810481048,0.052797588990859,0.9624771911450176,0.5399055530553055,0.8635567288048243,0.8635567288048243,0.9136914498399616,1.2863625975296475,0.032312925170068,26.0,0.2402909209916445,8.0,equal,False,49022.0,0.0528852078132331,0.0504809999999977,8.0,112.0,60.0,256.0,0.0262626660987734,9747.677522045477,median 5 warm calls on training rows; end-to-end preprocessing,,,,,,,,,
30.0,8.0,0.2666666666666666,29,1,binary,additive_binary,top_no_cert,complete,,0.7206220622062206,0.7225408468684741,0.6480759063673198,0.2278961873556524,0.6447144714471447,0.0878810278548594,0.911675917014311,0.5746418391839183,0.8471788384706634,0.8471788384706634,0.9311195189705244,1.328052163288987,0.0595238095238095,23.0,0.2284690430679985,8.0,equal,True,49020.0,1.0922650818247348,0.9608359999999988,8.0,112.0,60.0,256.0,0.0236476249992847,10825.61145179455,median 5 warm calls on training rows; end-to-end preprocessing,,,,,,,,,
30.0,8.0,0.2666666666666666,29,1,binary,additive_binary,coerror_no_cert,complete,,0.7031203120312032,0.6926231529071127,0.6558115587249251,0.231602640759647,0.6495649564956496,0.0966107124748546,0.926503213359924,0.5716837308730873,0.8499156206095554,0.8499156206095554,0.8826359075576778,1.321230996751957,0.0544217687074829,24.0,0.2280136884544856,8.0,equal,True,49021.0,1.0987049576360732,0.9651160000000036,8.0,112.0,60.0,256.0,0.0222351250704377,11513.31504495826,median 5 warm calls on training rows; end-to-end preprocessing,,,,,,,,,
30.0,8.0,0.2666666666666666,29,1,binary,additive_binary,shrinkage_no_cert,complete,,0.7031203120312032,0.6926231529071127,0.6558115587249251,0.231602640759647,0.6495649564956496,0.0966107124748546,0.926503213359924,0.5716837308730873,0.8499156206095554,0.8499156206095554,0.8826359075576778,1.321230996751957,0.0544217687074829,24.0,0.2280136884544856,8.0,equal,True,49021.0,1.091845040908083,0.9630950000000044,8.0,112.0,60.0,256.0,0.0185293748509138,13815.900539535682,median 5 warm calls on training rows; end-to-end preprocessing,,,,,,,,,
30.0,8.0,0.2666666666666666,29,1,binary,additive_binary,top_quality,complete,,0.6888688868886889,0.6597730491896641,0.6575250203390192,0.2323924977779926,0.6446144614461446,0.0916780374472591,0.9296629574077112,0.5742699269926992,0.8459675725796956,0.8459675725796956,0.8869820052748092,1.331388336933038,0.0595238095238095,23.0,0.2285890255272016,8.0,equal,True,49181.0,1.091299332911149,0.9635250000000024,8.0,114.0,61.0,256.0,0.0218434170819818,11719.77804750925,median 5 warm calls on training rows; end-to-end preprocessing,,,,,,,,,
30.0,8.0,0.2666666666666666,29,1,binary,additive_binary,coerror,complete,,0.6888688868886889,0.6597730491896641,0.6575250203390192,0.2323924977779926,0.6446144614461446,0.0916780374472591,0.9296629574077112,0.5742699269926993,0.8459675725796955,0.8459675725796955,0.8869820052748092,1.331388336933038,0.0595238095238095,23.0,0.2285890255272016,8.0,equal,True,49181.0,1.09218733292073,0.9631980000000038,8.0,114.0,61.0,256.0,0.0228752500843256,11191.134481865774,median 5 warm calls on training rows; end-to-end preprocessing,,,,,,,,,
,,,29,1,binary,additive_binary,random_forest,complete,,0.8001300130013,0.7908788117576648,0.6017268520848386,0.2058584594726562,0.7102710271027103,0.1203515624999999,0.8235161895095758,,,,,,,,,,,,2402699.0,0.6869017500430346,0.6279350000000008,256.0,28754.0,14505.0,256.0,0.0298274999950081,8582.683766418366,median 5 warm calls on training rows; end-to-end preprocessing,0.6869017500430346,0.6279350000000008,178290688.0,,,,,,
30.0,18.0,0.6,29,2,binary,additive_binary,coerror_no_cert_affine,not_applicable,task restriction defined in config,,,,,,,,,,,,,,,,,,,,,,,,,,,,,,,,,,,,,
30.0,18.0,0.6,29,2,binary,additive_binary,affine_profiled,not_applicable,task restriction defined in config,,,,,,,,,,,,,,,,,,,,,,,,,,,,,,,,,,,,,
30.0,18.0,0.6,29,2,binary,additive_binary,random_subspace,complete,,0.6879687968796879,0.6655790972482463,0.6558988069961904,0.2316764643249809,0.6405640564056405,0.0814970788072058,0.9267985371536392,0.5584308430843085,0.8616279134081904,0.8616279134081904,0.9303077998081564,1.2908723981598278,0.0476190476190476,23.0,0.2348813459874346,8.0,equal,False,49021.0,0.0587287922389805,0.0509629999999958,8.0,112.0,60.0,256.0,0.0206194159109145,12415.48262598897,median 5 warm calls on training rows; end-to-end preprocessing,,,,,,,,,
30.0,18.0,0.6,29,2,binary,additive_binary,top_no_cert,complete,,0.6603160316031602,0.684966169064896,0.6580631043768487,0.2329210542746606,0.6092609260926093,0.0525087097508858,0.9317773948381264,0.598009800980098,0.8444340273818346,0.8444340273818346,0.9107117795860316,1.3361947081670364,0.0374149659863945,25.0,0.2218318159384831,8.0,equal,True,49341.0,1.1567905838601291,0.9674819999999968,8.0,116.0,62.0,256.0,0.0193511249963194,13229.205022896149,median 5 warm calls on training rows; end-to-end preprocessing,,,,,,,,,
30.0,18.0,0.6,29,2,binary,additive_binary,coerror_no_cert,complete,,0.6771177117711771,0.706142320493255,0.6526556214041734,0.2303150452250584,0.6046104610461046,0.0467027310055647,0.921352316131847,0.596658103310331,0.8366768723686648,0.8366768723686648,0.9107117795860316,1.357699688836992,0.0306122448979591,26.0,0.21999903937581,8.0,equal,True,49501.0,1.1578569579869509,0.966359999999998,8.0,118.0,63.0,256.0,0.0190109589602798,13465.917239360131,median 5 warm calls on training rows; end-to-end preprocessing,,,,,,,,,
30.0,18.0,0.6,29,2,binary,additive_binary,shrinkage_no_cert,complete,,0.6771177117711771,0.706142320493255,0.6526556214041734,0.2303150452250584,0.6046104610461046,0.0467027310055647,0.921352316131847,0.596658103310331,0.8366768723686648,0.8366768723686648,0.9107117795860316,1.357699688836992,0.0306122448979591,26.0,0.21999903937581,8.0,equal,True,49501.0,1.1493382090702653,0.9638129999999984,8.0,118.0,63.0,256.0,0.0252731249202042,10129.337025329383,median 5 warm calls on training rows; end-to-end preprocessing,,,,,,,,,
30.0,18.0,0.6,29,2,binary,additive_binary,top_quality,complete,,0.6603160316031602,0.684966169064896,0.6580631043768487,0.2329210542746606,0.6092609260926093,0.0525087097508858,0.9317773948381264,0.598009800980098,0.8444340273818346,0.8444340273818346,0.9107117795860316,1.3361947081670364,0.0374149659863945,25.0,0.2218318159384831,8.0,equal,True,49341.0,1.156689582625404,0.968193000000003,8.0,116.0,62.0,256.0,0.0209132500458508,12241.043330842287,median 5 warm calls on training rows; end-to-end preprocessing,,,,,,,,,
30.0,18.0,0.6,29,2,binary,additive_binary,coerror,complete,,0.6771177117711771,0.706142320493255,0.6526556214041734,0.2303150452250584,0.6046104610461046,0.0467027310055647,0.921352316131847,0.596658103310331,0.8366768723686648,0.8366768723686648,0.9107117795860316,1.357699688836992,0.0306122448979591,26.0,0.21999903937581,8.0,equal,True,49501.0,1.1652014579158276,0.9682869999999966,8.0,118.0,63.0,256.0,0.0226794588379561,11287.7472883771,median 5 warm calls on training rows; end-to-end preprocessing,,,,,,,,,
,,,29,2,binary,additive_binary,random_forest,complete,,0.7857285728572857,0.7747574074757744,0.6057018807590624,0.2078616333007812,0.7098709870987099,0.121171875,0.8315296861717423,,,,,,,,,,,,2432139.0,0.6931182909756899,0.6236180000000004,256.0,29122.0,14689.0,256.0,0.0292182078119367,8761.65990904529,median 5 warm calls on training rows; end-to-end preprocessing,0.6931182909756899,0.6236180000000004,178388992.0,,,,,,
30.0,0.0,0.0,11,0,regression,additive_regression,top_quality,infeasible,infeasible: 0 eligible < K=8,,,,,,,,,,,,,,,,8.0,,,,,,,,,,,,,,,,,,,,,
30.0,0.0,0.0,11,0,regression,additive_regression,coerror,infeasible,infeasible: 0 eligible < K=8,,,,,,,,,,,,,,,,8.0,,,,,,,,,,,,,,,,,,,,,
30.0,0.0,0.0,11,0,regression,additive_regression,random_subspace,complete,,,,,,,,0.8695539487430274,-0.0807374685748341,0.8522416563600592,0.8522416563600592,0.9047992446204628,1.3152014822073117,0.0357142857142857,25.0,1.8417001356156255,8.0,equal,False,47596.0,0.0525923331733793,0.0452390000000022,8.0,114.0,61.0,256.0,0.0227214170154184,11266.902932430768,median 5 warm calls on training rows; end-to-end preprocessing,,,,1.3654666478152273,1.8644991662957535,1.0707503250892958,0.1192452884102907,,
30.0,0.0,0.0,11,0,regression,additive_regression,top_no_cert,complete,,,,,,,,0.935386570294004,-0.0374201935611941,0.8610715887699129,0.8610715887699129,0.9397944547759894,1.2925483554796693,0.064625850340136,22.0,1.7836157439783218,8.0,equal,True,47163.0,0.936054333113134,0.8165600000000026,8.0,108.0,58.0,256.0,0.0235138339921832,10887.207934065667,median 5 warm calls on training rows; end-to-end preprocessing,,,,1.416212411242224,2.0056575937565135,1.099486142971865,0.0525646739514169,,
30.0,0.0,0.0,11,0,regression,additive_regression,coerror_no_cert,complete,,,,,,,,0.9028694600190996,-0.0508129645205051,0.8349070942040029,0.8349070942040029,0.891119001690886,1.3615169871726909,0.0527210884353741,23.0,1.759514671145075,8.0,equal,True,47597.0,0.8932729579973966,0.7727730000000044,8.0,114.0,61.0,256.0,0.0202319158706814,12653.275232869875,median 5 warm calls on training rows; end-to-end preprocessing,,,,1.3913785776952146,1.9359343464691583,1.081652377462346,0.0855006385609776,,
30.0,0.0,0.0,11,0,regression,additive_regression,shrinkage_no_cert,complete,,,,,,,,0.9028694600190996,-0.0508129645205051,0.8349070942040031,0.8349070942040031,0.891119001690886,1.3615169871726904,0.0527210884353741,23.0,1.759514671145075,8.0,equal,True,47596.0,0.892378207994625,0.7724330000000066,8.0,114.0,61.0,256.0,0.0213397501502186,11996.391625858729,median 5 warm calls on training rows; end-to-end preprocessing,,,,1.3913785776952146,1.9359343464691583,1.081652377462346,0.0855006385609776,,
30.0,0.0,0.0,11,0,regression,additive_regression,coerror_no_cert_affine,complete,,,,,,,,0.8419107725970734,-0.0508129645205051,0.8349070942040029,0.8349070942040029,0.891119001690886,1.3615169871726909,0.0527210884353741,23.0,1.759514671145075,8.0,affine_of_equal,True,47848.0,0.8848921668250114,0.7723960000000005,8.0,114.0,61.0,256.0,0.0230897499714046,11087.170728008805,median 5 warm calls on training rows; end-to-end preprocessing,,,,1.3435872198991925,1.8052266174764404,1.0429765477357602,0.1472445375299657,1.6899303004552173,2.0
30.0,0.0,0.0,11,0,regression,additive_regression,affine_profiled,complete,,,,,,,,0.7943818648444922,-0.0520280100452429,0.8368169017027959,0.8368169017027959,0.8874199876115401,1.3562977375507284,0.0306122448979591,26.0,1.7650682669235755,8.0,affine_of_equal,True,47991.0,0.8967522089369595,0.7756570000000025,8.0,116.0,62.0,256.0,0.0194870841223746,13136.906393607973,median 5 warm calls on training rows; end-to-end preprocessing,,,,1.3051111242336282,1.703315046598365,1.0352680217803636,0.1953856672440111,1.6646829234414384,2.0
,,,11,0,regression,additive_regression,random_forest,complete,,,,,,,,0.7641730280601253,,,,,,,,,,,,9397155.0,2.174007209017873,1.9037819999999996,256.0,129352.0,64804.0,256.0,0.0381346670910716,6713.051916478819,median 5 warm calls on training rows; end-to-end preprocessing,2.174007209017873,1.9037819999999996,188252160.0,1.280055156447785,1.6385412035485627,1.0150860604010434,0.2259836253901809,,
30.0,0.0,0.0,11,1,regression,additive_regression,top_quality,infeasible,infeasible: 0 eligible < K=8,,,,,,,,,,,,,,,,8.0,,,,,,,,,,,,,,,,,,,,,
30.0,0.0,0.0,11,1,regression,additive_regression,coerror,infeasible,infeasible: 0 eligible < K=8,,,,,,,,,,,,,,,,8.0,,,,,,,,,,,,,,,,,,,,,
30.0,0.0,0.0,11,1,regression,additive_regression,random_subspace,complete,,,,,,,,0.93846244536361,-0.0679029818922435,0.8401115123198594,0.8401115123198594,0.9321955817526952,1.3454925758385123,0.0595238095238095,22.0,1.7968688765071583,8.0,equal,False,47595.0,0.0614660831633955,0.0487889999999993,8.0,114.0,61.0,256.0,0.0217358749359846,11777.763754804357,median 5 warm calls on training rows; end-to-end preprocessing,,,,1.4192217129380853,2.0141902704749133,1.097046860657872,0.061521843753441,,
30.0,0.0,0.0,11,1,regression,additive_regression,top_no_cert,complete,,,,,,,,0.9435169395657732,-0.0178471090921371,0.835910531431954,0.835910531431954,0.9032062922279634,1.3560915825261717,0.0748299319727891,20.0,1.705600034766133,8.0,equal,True,47741.0,0.9364654999226332,0.8015219999999985,8.0,116.0,62.0,256.0,0.0259705421049147,9857.32215237638,median 5 warm calls on training rows; end-to-end preprocessing,,,,1.423038495886956,2.0250385607762103,1.1014949458101717,0.0564672649335423,,
30.0,0.0,0.0,11,1,regression,additive_regression,coerror_no_cert,complete,,,,,,,,0.9196000573550795,-0.0273910607981915,0.8249399187341923,0.8249399187341923,0.9032062922279634,1.38793690728919,0.0680272108843537,22.0,1.7011867496348827,8.0,equal,True,47741.0,0.934924583416432,0.8012209999999982,8.0,116.0,62.0,256.0,0.0224034579005092,11426.807465921636,median 5 warm calls on training rows; end-to-end preprocessing,,,,1.4048866729228082,1.9737065637561173,1.0946886195453254,0.0803845475388803,,
30.0,0.0,0.0,11,1,regression,additive_regression,shrinkage_no_cert,complete,,,,,,,,0.9434330717962606,-0.0203635908398634,0.8318720061144891,0.8318720061144891,0.9032062922279634,1.367980885066291,0.0731292517006802,20.0,1.7021406614562853,8.0,equal,True,47740.0,0.9519213340245188,0.804584000000002,8.0,116.0,62.0,256.0,0.0191472920123487,13370.036861342924,median 5 warm calls on training rows; end-to-end preprocessing,,,,1.4229752486298914,2.0248585582133014,1.107438298744463,0.0565511341070928,,
30.0,0.0,0.0,11,1,regression,additive_regression,coerror_no_cert_affine,complete,,,,,,,,0.9059214304413012,-0.0273910607981915,0.8249399187341923,0.8249399187341923,0.9032062922279634,1.38793690728919,0.0680272108843537,22.0,1.7011867496348827,8.0,affine_of_equal,True,47992.0,0.9449297930113972,0.8050569999999979,8.0,116.0,62.0,256.0,0.024896833114326,10282.432260538946,median 5 warm calls on training rows; end-to-end preprocessing,,,,1.3943990062055494,1.944348588507024,1.0849144597802023,0.0940634034477637,1.6318382563222056,2.0
30.0,0.0,0.0,11,1,regression,additive_regression,affine_profiled,complete,,,,,,,,0.9263105352351494,-0.0239173143775833,0.832093523056087,0.832093523056087,0.8743467505658402,1.3674955408149194,0.0748299319727891,21.0,1.7086665816248838,8.0,affine_of_equal,True,47847.0,0.9405525426845998,0.8025860000000051,8.0,114.0,61.0,256.0,0.0260917500127106,9811.53045983074,median 5 warm calls on training rows; end-to-end preprocessing,,,,1.410003204227117,1.988109035930736,1.0797177435946548,0.0736739573181057,1.591368708946483,2.0
,,,11,1,regression,additive_regression,random_forest,complete,,,,,,,,0.8437841736682236,,,,,,,,,,,,9395139.0,2.06454374990426,1.874417000000001,256.0,129324.0,64790.0,256.0,0.0353734171949327,7237.072929348551,median 5 warm calls on training rows; end-to-end preprocessing,2.06454374990426,1.874417000000001,189104128.0,1.3457286099431396,1.810985491619495,1.0309657348028052,0.1562017004661626,,
30.0,0.0,0.0,11,2,regression,additive_regression,top_quality,infeasible,infeasible: 0 eligible < K=8,,,,,,,,,,,,,,,,8.0,,,,,,,,,,,,,,,,,,,,,
30.0,0.0,0.0,11,2,regression,additive_regression,coerror,infeasible,infeasible: 0 eligible < K=8,,,,,,,,,,,,,,,,8.0,,,,,,,,,,,,,,,,,,,,,
30.0,0.0,0.0,11,2,regression,additive_regression,random_subspace,complete,,,,,,,,0.933403239135384,-0.0802856071093257,0.8626587084506402,0.8626587084506402,0.894853240105234,1.2890466895409232,0.0408163265306122,24.0,2.03383898323549,8.0,equal,False,47165.0,0.0686395831871777,0.0534700000000007,8.0,108.0,58.0,256.0,0.0229448748286813,11157.175705312506,median 5 warm calls on training rows; end-to-end preprocessing,,,,1.2925338223569711,1.6706436819367223,1.0702104808529809,0.0510711752052277,,
30.0,0.0,0.0,11,2,regression,additive_regression,top_no_cert,complete,,,,,,,,0.8990606813962977,0.0081274028822398,0.8298282083222378,0.8298282083222378,0.9203893185639078,1.3721165926362051,0.1105442176870748,19.0,1.8075795841535225,8.0,equal,True,47885.0,0.9228875820990652,0.8010329999999968,8.0,118.0,63.0,256.0,0.0237212080974131,10792.03044586574,median 5 warm calls on training rows; end-to-end preprocessing,,,,1.2685329925534343,1.6091759531965717,1.0606428026080172,0.0859849633617644,,
30.0,0.0,0.0,11,2,regression,additive_regression,coerror_no_cert,complete,,,,,,,,0.9001764358630915,0.0037005055359364,0.8212473623786425,0.8212473623786425,0.9203893185639078,1.3963276128612865,0.0884353741496598,20.0,1.799556283090458,8.0,equal,True,47885.0,0.9205768320243806,0.8012319999999988,8.0,118.0,63.0,256.0,0.0208873751107603,12256.207333018076,median 5 warm calls on training rows; end-to-end preprocessing,,,,1.26931988743571,1.6111729766398033,1.0593551694458805,0.0848506502047681,,
30.0,0.0,0.0,11,2,regression,additive_regression,shrinkage_no_cert,complete,,,,,,,,0.9001764358630915,0.0037005055359364,0.8212473623786424,0.8212473623786424,0.9203893185639078,1.3963276128612865,0.0884353741496598,20.0,1.799556283090458,8.0,equal,True,47885.0,0.9158389151562004,0.7989730000000037,8.0,118.0,63.0,256.0,0.0242787089664489,10544.217995848549,median 5 warm calls on training rows; end-to-end preprocessing,,,,1.26931988743571,1.6111729766398033,1.0593551694458805,0.0848506502047681,,
30.0,0.0,0.0,11,2,regression,additive_regression,coerror_no_cert_affine,complete,,,,,,,,0.9119795388745384,0.0037005055359364,0.8212473623786425,0.8212473623786425,0.9203893185639078,1.3963276128612865,0.0884353741496598,20.0,1.799556283090458,8.0,affine_of_equal,True,48136.0,0.9241960395593196,0.8035189999999979,8.0,118.0,63.0,256.0,0.0273319580592215,9366.324924299684,median 5 warm calls on training rows; end-to-end preprocessing,,,,1.2776144403016316,1.6322986580672512,1.057617756745687,0.0728512225190888,1.6819867338943704,2.0
30.0,0.0,0.0,11,2,regression,additive_regression,affine_profiled,complete,,,,,,,,0.8714733850347653,-0.009606596402636,0.8207748693047495,0.8207748693047495,0.8990212602314867,1.3979035728140912,0.0527210884353741,23.0,1.822509055639402,8.0,affine_of_equal,True,47847.0,0.9195745410397648,0.8014549999999936,8.0,114.0,61.0,256.0,0.0267513750586658,9569.601541550332,median 5 warm calls on training rows; end-to-end preprocessing,,,,1.2489191608629695,1.5597990703706646,1.0378544884450676,0.1140311277824741,1.6130096635169056,2.0
,,,11,2,regression,additive_regression,random_forest,complete,,,,,,,,0.7790846098513178,,,,,,,,,,,,9420627.0,2.027244333876297,1.828400000000002,256.0,129678.0,64967.0,256.0,0.0352529578376561,7261.80200761902,median 5 warm calls on training rows; end-to-end preprocessing,2.027244333876297,1.828400000000002,189169664.0,1.1808631687915163,1.394437823408341,0.986067363624628,0.2079566341266205,,
30.0,0.0,0.0,29,0,regression,additive_regression,top_quality,infeasible,infeasible: 0 eligible < K=8,,,,,,,,,,,,,,,,8.0,,,,,,,,,,,,,,,,,,,,,
30.0,0.0,0.0,29,0,regression,additive_regression,coerror,infeasible,infeasible: 0 eligible < K=8,,,,,,,,,,,,,,,,8.0,,,,,,,,,,,,,,,,,,,,,
30.0,0.0,0.0,29,0,regression,additive_regression,random_subspace,complete,,,,,,,,0.9624728424050328,-0.0757906009657588,0.8576043937619383,0.8576043937619383,0.9230793659158696,1.3007459719312238,0.0731292517006802,22.0,1.7417373368910485,8.0,equal,False,47453.0,0.0527462910395115,0.0482610000000036,8.0,112.0,60.0,256.0,0.024315291782841,10528.354020438082,median 5 warm calls on training rows; end-to-end preprocessing,,,,1.3552729367691574,1.8367647331388968,1.0915369841416231,0.0335112867707414,,
30.0,0.0,0.0,29,0,regression,additive_regression,top_no_cert,complete,,,,,,,,0.9404360708683148,-0.0237802920481179,0.8607995156346439,0.8607995156346439,0.904436136624714,1.2926067258524014,0.0748299319727891,22.0,1.6636243300104911,8.0,equal,True,47165.0,0.9741230842191726,0.8276090000000025,8.0,108.0,58.0,256.0,0.0230512500274926,11105.688398445867,median 5 warm calls on training rows; end-to-end preprocessing,,,,1.3396679366635849,1.7947101805244663,1.0741337563904425,0.05564000565805,,
30.0,0.0,0.0,29,0,regression,additive_regression,coerror_no_cert,complete,,,,,,,,0.9288035057792166,-0.0312411181807866,0.8354142267532814,0.8354142267532814,0.904436136624714,1.3603632705836353,0.0595238095238095,24.0,1.632576989651681,8.0,equal,True,47165.0,0.9740301661659032,0.8281789999999987,8.0,108.0,58.0,256.0,0.0202238329220563,12658.332423266997,median 5 warm calls on training rows; end-to-end preprocessing,,,,1.3313567576604557,1.7725108161681609,1.0708677758042244,0.0673211070555966,,
30.0,0.0,0.0,29,0,regression,additive_regression,shrinkage_no_cert,complete,,,,,,,,0.9288035057792166,-0.0312411181807866,0.8354142267532814,0.8354142267532814,0.904436136624714,1.3603632705836353,0.0595238095238095,24.0,1.632576989651681,8.0,equal,True,47165.0,0.9830042072571814,0.8279369999999915,8.0,108.0,58.0,256.0,0.0252354999538511,10144.439399582125,median 5 warm calls on training rows; end-to-end preprocessing,,,,1.3313567576604557,1.7725108161681609,1.0708677758042244,0.0673211070555966,,
30.0,0.0,0.0,29,0,regression,additive_regression,coerror_no_cert_affine,complete,,,,,,,,0.9293197292688116,-0.0312411181807866,0.8354142267532814,0.8354142267532814,0.904436136624714,1.3603632705836353,0.0595238095238095,24.0,1.632576989651681,8.0,affine_of_equal,True,47416.0,0.989291125908494,0.8335689999999971,8.0,108.0,58.0,256.0,0.019093417096883,13407.762408426684,median 5 warm calls on training rows; end-to-end preprocessing,,,,1.3317266863684,1.7734959671857593,1.0699663043284493,0.0668027296487592,1.547536162434563,2.0
30.0,0.0,0.0,29,0,regression,additive_regression,affine_profiled,complete,,,,,,,,0.882554447988101,-0.0365383065728748,0.8319321833448553,0.8319321833448553,0.8718340619535998,1.368993571587808,0.0493197278911564,24.0,1.6355289614199118,8.0,affine_of_equal,True,47271.0,0.9824478339869528,0.8311410000000095,8.0,106.0,57.0,256.0,0.0179987498559057,14223.210059003124,median 5 warm calls on training rows; end-to-end preprocessing,,,,1.2977865773428086,1.6842500003311616,1.0550387393342668,0.1137631367765666,1.518962115133008,2.0
,,,29,0,regression,additive_regression,random_forest,complete,,,,,,,,0.7986155346109428,,,,,,,,,,,,9376995.0,2.0076258750632405,1.818944000000002,256.0,129072.0,64664.0,256.0,0.0340082079637795,7527.594522847329,median 5 warm calls on training rows; end-to-end preprocessing,2.0076258750632405,1.818944000000002,189497344.0,1.2345292974109146,1.524062586165886,1.016305497216518,0.1980522811611849,,
30.0,0.0,0.0,29,1,regression,additive_regression,top_quality,infeasible,infeasible: 0 eligible < K=8,,,,,,,,,,,,,,,,8.0,,,,,,,,,,,,,,,,,,,,,
30.0,0.0,0.0,29,1,regression,additive_regression,coerror,infeasible,infeasible: 0 eligible < K=8,,,,,,,,,,,,,,,,8.0,,,,,,,,,,,,,,,,,,,,,
30.0,0.0,0.0,29,1,regression,additive_regression,random_subspace,complete,,,,,,,,0.94001584136912,-0.0679662913115968,0.8719507627421227,0.8719507627421227,0.9111420408400168,1.267353647495095,0.032312925170068,26.0,1.8251363397683484,8.0,equal,False,47310.0,0.0542993748094886,0.0490939999999966,8.0,110.0,59.0,256.0,0.019604249857366,13058.393045516646,median 5 warm calls on training rows; end-to-end preprocessing,,,,1.3179037656486894,1.7368703355109956,1.0319311461122889,0.0513674777018641,,
30.0,0.0,0.0,29,1,regression,additive_regression,top_no_cert,complete,,,,,,,,0.9240589403883016,-0.0173374002250311,0.8581735256417621,0.8581735256417621,0.9111420408400168,1.2975186470513125,0.0476190476190476,24.0,1.716833686876101,8.0,equal,True,47452.0,0.9511868329718708,0.823882999999995,8.0,112.0,60.0,256.0,0.0248401251155883,10305.906222644118,median 5 warm calls on training rows; end-to-end preprocessing,,,,1.306670087486859,1.707386717532916,1.0149414879786502,0.0674706480521086,,
30.0,0.0,0.0,29,1,regression,additive_regression,coerror_no_cert,complete,,,,,,,,0.924444425717195,-0.0265170260972851,0.8353617920443063,0.8353617920443063,0.9045776123455066,1.3588317183394611,0.0391156462585033,25.0,1.6922145186651294,8.0,equal,True,47451.0,0.9572710420470684,0.8281090000000049,8.0,112.0,60.0,256.0,0.0224262080155313,11415.215618383048,median 5 warm calls on training rows; end-to-end preprocessing,,,,1.3069426077805364,1.708098980032189,1.0189725864116483,0.067081629161401,,
30.0,0.0,0.0,29,1,regression,additive_regression,shrinkage_no_cert,complete,,,,,,,,0.924444425717195,-0.0265170260972851,0.8353617920443062,0.8353617920443062,0.9045776123455066,1.3588317183394611,0.0391156462585034,25.0,1.6922145186651294,8.0,equal,True,47454.0,0.956653791712597,0.8269559999999956,8.0,112.0,60.0,256.0,0.0175761668942868,14565.178035673563,median 5 warm calls on training rows; end-to-end preprocessing,,,,1.3069426077805364,1.708098980032189,1.0189725864116483,0.067081629161401,,
30.0,0.0,0.0,29,1,regression,additive_regression,coerror_no_cert_affine,complete,,,,,,,,0.8852457353476283,-0.0265170260972851,0.8353617920443063,0.8353617920443063,0.9045776123455066,1.3588317183394611,0.0391156462585033,25.0,1.6922145186651294,8.0,affine_of_equal,True,47702.0,0.9556904570199548,0.825882,8.0,112.0,60.0,256.0,0.0212557499762624,12043.79992641475,median 5 warm calls on training rows; end-to-end preprocessing,,,,1.2789337089968775,1.6356714320085102,0.9909941808100592,0.1066396353987279,1.623188772683565,2.0
30.0,0.0,0.0,29,1,regression,additive_regression,affine_profiled,complete,,,,,,,,0.8986227078930891,-0.0341470702762756,0.8314886190388744,0.8314886190388744,0.8802199966456473,1.3706034397151168,0.0544217687074829,24.0,1.697343590271977,8.0,affine_of_equal,True,47703.0,0.9597370829433204,0.8278059999999954,8.0,112.0,60.0,256.0,0.0200858749449253,12745.27501052068,median 5 warm calls on training rows; end-to-end preprocessing,,,,1.2885604789079064,1.660388107803373,1.0225476890868812,0.0931400424684312,1.6223121556867484,2.0
,,,29,1,regression,additive_regression,random_forest,complete,,,,,,,,0.7746659128003599,,,,,,,,,,,,9398019.0,2.0466762077994645,1.863589999999995,256.0,129364.0,64810.0,256.0,0.0347143330145627,7374.475548546692,median 5 warm calls on training rows; end-to-end preprocessing,2.0466762077994645,1.863589999999995,189513728.0,1.196391546812572,1.4313527332845783,0.9397936312158034,0.2182330909148718,,
30.0,0.0,0.0,29,2,regression,additive_regression,top_quality,infeasible,infeasible: 0 eligible < K=8,,,,,,,,,,,,,,,,8.0,,,,,,,,,,,,,,,,,,,,,
30.0,0.0,0.0,29,2,regression,additive_regression,coerror,infeasible,infeasible: 0 eligible < K=8,,,,,,,,,,,,,,,,8.0,,,,,,,,,,,,,,,,,,,,,
30.0,0.0,0.0,29,2,regression,additive_regression,random_subspace,complete,,,,,,,,0.9108287019594548,-0.0829731606187139,0.8443260202872341,0.8443260202872341,0.9406870948574516,1.3341759086382337,0.0476190476190476,23.0,1.74512212347468,8.0,equal,False,47597.0,0.0595445842482149,0.0471330000000023,8.0,114.0,61.0,256.0,0.0190572501160204,13433.207752507487,median 5 warm calls on training rows; end-to-end preprocessing,,,,1.3124361321210487,1.7224886008968587,1.0106602669460214,0.0655597893274302,,
30.0,0.0,0.0,29,2,regression,additive_regression,top_no_cert,complete,,,,,,,,0.9114507172450405,-0.0603193482339637,0.8322862708101326,0.8322862708101326,0.8956299828694416,1.3679779893799084,0.0680272108843537,23.0,1.6876793044564504,8.0,equal,True,47308.0,0.8781542910728604,0.7800750000000107,8.0,110.0,59.0,256.0,0.0245207089465111,10440.154913890618,median 5 warm calls on training rows; end-to-end preprocessing,,,,1.312884194422314,1.7236649079639286,1.012146017285843,0.0649216494738509,,
30.0,0.0,0.0,29,2,regression,additive_regression,coerror_no_cert,complete,,,,,,,,0.874773623390025,-0.0660253976306716,0.8153969386279666,0.8153969386279666,0.8717370854801979,1.4156592907125678,0.0476190476190476,24.0,1.667206914540941,8.0,equal,True,47596.0,0.8814565413631499,0.7817470000000029,8.0,114.0,61.0,256.0,0.0256114169023931,9995.542260533022,median 5 warm calls on training rows; end-to-end preprocessing,,,,1.286197509169856,1.6543040325947411,0.987325946018814,0.1025495275095431,,
30.0,0.0,0.0,29,2,regression,additive_regression,shrinkage_no_cert,complete,,,,,,,,0.874773623390025,-0.0660253976306716,0.8153969386279666,0.8153969386279666,0.8717370854801979,1.4156592907125678,0.0476190476190476,24.0,1.667206914540941,8.0,equal,True,47596.0,0.884962541051209,0.7818150000000017,8.0,114.0,61.0,256.0,0.0193043749313801,13261.24264111034,median 5 warm calls on training rows; end-to-end preprocessing,,,,1.286197509169856,1.6543040325947411,0.987325946018814,0.1025495275095431,,
30.0,0.0,0.0,29,2,regression,additive_regression,coerror_no_cert_affine,complete,,,,,,,,0.8093609777421918,-0.0660253976306716,0.8153969386279666,0.8153969386279666,0.8717370854801979,1.4156592907125678,0.0476190476190476,24.0,1.667206914540941,8.0,affine_of_equal,True,47847.0,0.890608583111316,0.7849650000000068,8.0,114.0,61.0,256.0,0.0193040419835597,13261.471365324536,median 5 warm calls on training rows; end-to-end preprocessing,,,,1.237174486598395,1.5306007102900017,0.9581584619212872,0.1696578720844512,1.6151452427896786,2.0
30.0,0.0,0.0,29,2,regression,additive_regression,affine_profiled,complete,,,,,,,,0.8125864593117981,-0.0656118588080456,0.8189293046630172,0.8189293046630172,0.8713119888209506,1.4057296003232191,0.042517006802721,25.0,1.6726620861994617,8.0,affine_of_equal,True,47847.0,0.9037038353271782,0.7893199999999965,8.0,114.0,61.0,256.0,0.0196157910395413,13050.70998584544,median 5 warm calls on training rows; end-to-end preprocessing,,,,1.2396372416473007,1.5367004908789283,0.9574235140591256,0.1663487760151911,1.6030839237628192,2.0
,,,29,2,regression,additive_regression,random_forest,complete,,,,,,,,0.7426795762415465,,,,,,,,,,,,9384483.0,2.157239750027657,1.8511379999999988,256.0,129176.0,64716.0,256.0,0.0325838329736143,7856.657017831608,median 5 warm calls on training rows; end-to-end preprocessing,2.157239750027657,1.8511379999999988,189710336.0,1.1851151907372033,1.4044980153160775,0.9232343084166296,0.2380678626042482,,
30.0,0.0,0.0,11,0,binary,null_binary,top_quality,infeasible,infeasible: 0 eligible < K=8,,,,,,,,,,,,,,,,8.0,,,,,,,,,,,,,,,,,,,,,
30.0,0.0,0.0,11,0,binary,null_binary,coerror,infeasible,infeasible: 0 eligible < K=8,,,,,,,,,,,,,,,,8.0,,,,,,,,,,,,,,,,,,,,,
30.0,0.0,0.0,11,0,binary,null_binary,coerror_no_cert_affine,not_applicable,task restriction defined in config,,,,,,,,,,,,,,,,,,,,,,,,,,,,,,,,,,,,,
30.0,0.0,0.0,11,0,binary,null_binary,affine_profiled,not_applicable,task restriction defined in config,,,,,,,,,,,,,,,,,,,,,,,,,,,,,,,,,,,,,
30.0,0.0,0.0,11,0,binary,null_binary,random_subspace,complete,,0.5111600440396357,0.5112900986623676,0.6990929593800864,0.2528268307047902,0.5311280152136924,0.030557423270673,1.0122183193065366,0.4901958637773996,0.8936826870026093,0.8936826870026093,0.9212076721434574,1.2144384228588274,0.0357142857142857,25.0,0.2568166353232425,8.0,equal,False,48540.0,0.0576636672485619,0.0528459999999952,8.0,106.0,57.0,256.0,0.0241060000844299,10619.76267748169,median 5 warm calls on training rows; end-to-end preprocessing,,,,,,,,,
30.0,0.0,0.0,11,0,binary,null_binary,top_no_cert,complete,,0.5151636472825543,0.5066841914798217,0.7057122824896379,0.2557678036779023,0.5326293664297868,0.0507467768764869,1.0239928082390244,0.5261704283855471,0.8902018810049132,0.8902018810049132,0.934754698495118,1.223931927832896,0.0493197278911564,24.0,0.2486613026672743,8.0,equal,True,49180.0,1.0409964579157531,0.943864000000012,8.0,114.0,61.0,256.0,0.0210779169574379,12145.41268555774,median 5 warm calls on training rows; end-to-end preprocessing,,,,,,,,,
30.0,0.0,0.0,11,0,binary,null_binary,coerror_no_cert,complete,,0.5222199979981985,0.526612584125942,0.7023629176582581,0.2542175432999911,0.511710539485537,0.0392579336366558,1.017786180762651,0.5219947953157842,0.895854156507321,0.895854156507321,0.9367839904594728,1.210595361398166,0.0493197278911564,24.0,0.2472619224193755,8.0,equal,True,49164.0,1.04279191698879,0.9452340000000063,8.0,114.0,61.0,256.0,0.0207747081294655,12322.676131218672,median 5 warm calls on training rows; end-to-end preprocessing,,,,,,,,,
30.0,0.0,0.0,11,0,binary,null_binary,shrinkage_no_cert,complete,,0.5222199979981985,0.526612584125942,0.7023629176582582,0.2542175432999911,0.511710539485537,0.0392579336366558,1.017786180762651,0.5219947953157842,0.8958541565073211,0.8958541565073211,0.9367839904594728,1.2105953613981657,0.0493197278911564,24.0,0.2472619224193755,8.0,equal,True,49164.0,1.0458889168221503,0.9453390000000113,8.0,114.0,61.0,256.0,0.0194772079121321,13143.567658922011,median 5 warm calls on training rows; end-to-end preprocessing,,,,,,,,,
,,,11,0,binary,null_binary,random_forest,complete,,0.5686617956160545,0.5447030175715138,0.6870631019359089,0.2468521881103515,0.5347813031728555,0.02603515625,0.9882982208401624,,,,,,,,,,,,2646859.0,0.756949249887839,0.6639410000000012,256.0,31806.0,16031.0,256.0,0.026486791903153,9665.19467272762,median 5 warm calls on training rows; end-to-end preprocessing,0.756949249887839,0.6639410000000012,190906368.0,,,,,,
30.0,2.0,0.0666666666666666,11,1,binary,null_binary,top_quality,infeasible,infeasible: 2 eligible < K=8,,,,,,,,,,,,,,,,8.0,,,,,,,,,,,,,,,,,,,,,
30.0,2.0,0.0666666666666666,11,1,binary,null_binary,coerror,infeasible,infeasible: 2 eligible < K=8,,,,,,,,,,,,,,,,8.0,,,,,,,,,,,,,,,,,,,,,
30.0,2.0,0.0666666666666666,11,1,binary,null_binary,coerror_no_cert_affine,not_applicable,task restriction defined in config,,,,,,,,,,,,,,,,,,,,,,,,,,,,,,,,,,,,,
30.0,2.0,0.0666666666666666,11,1,binary,null_binary,affine_profiled,not_applicable,task restriction defined in config,,,,,,,,,,,,,,,,,,,,,,,,,,,,,,,,,,,,,
30.0,2.0,0.0666666666666666,11,1,binary,null_binary,random_subspace,complete,,0.5405364828345511,0.5476654935197635,0.6911032446508579,0.2489602653387131,0.5296266639975978,0.0117986459541361,0.9967381256679538,0.5018594860374337,0.9073177262790564,0.9073177262790564,0.941459801356131,1.1846084108984232,0.0595238095238095,22.0,0.2527721422557068,8.0,equal,False,48059.0,0.0485936673358082,0.047271000000002,8.0,100.0,54.0,256.0,0.0198642080649733,12887.50093447752,median 5 warm calls on training rows; end-to-end preprocessing,,,,,,,,,
30.0,2.0,0.0666666666666666,11,1,binary,null_binary,top_no_cert,complete,,0.5279251326193575,0.5362553610965753,0.6996211801609484,0.2527003474335666,0.5083575217695926,0.0550157627452954,1.011711930471691,0.5379826218596737,0.8931050996856931,0.8931050996856931,0.946502392271332,1.2163808899134203,0.0901360544217686,20.0,0.244872315069436,8.0,equal,True,48060.0,1.0921557506080717,0.9454729999999998,8.0,100.0,54.0,256.0,0.027159292018041,9425.87162544398,median 5 warm calls on training rows; end-to-end preprocessing,,,,,,,,,
30.0,2.0,0.0666666666666666,11,1,binary,null_binary,coerror_no_cert,complete,,0.5230707636873186,0.5569045419618458,0.6964346639979325,0.2515867708553181,0.5020018016214594,0.0499310313693372,1.007253611671777,0.5325840131118006,0.8957636893023594,0.8957636893023594,0.9481865299943028,1.2097400867745265,0.0510204081632653,24.0,0.242645934962112,8.0,equal,True,48539.0,1.0758535820059478,0.9429030000000012,8.0,106.0,57.0,256.0,0.0250287079252302,10228.25472112919,median 5 warm calls on training rows; end-to-end preprocessing,,,,,,,,,
30.0,2.0,0.0666666666666666,11,1,binary,null_binary,shrinkage_no_cert,complete,,0.5230707636873186,0.5569045419618458,0.6964346639979325,0.2515867708553181,0.5020018016214594,0.0499310313693372,1.007253611671777,0.5325840131118006,0.8957636893023592,0.8957636893023592,0.9481865299943028,1.209740086774526,0.0510204081632653,24.0,0.242645934962112,8.0,equal,True,48542.0,1.0742040427867323,0.9436180000000078,8.0,106.0,57.0,256.0,0.0246673331130296,10378.097981932937,median 5 warm calls on training rows; end-to-end preprocessing,,,,,,,,,
,,,11,1,binary,null_binary,random_forest,complete,,0.5233710339305375,0.5451580471862815,0.6992136534934863,0.252902603149414,0.5174657191472325,0.0369335937499999,1.0125216821115566,,,,,,,,,,,,2663659.0,0.7663571250159293,0.6667670000000001,256.0,32016.0,16136.0,256.0,0.0273895419668406,9346.633116754145,median 5 warm calls on training rows; end-to-end preprocessing,0.7663571250159293,0.6667670000000001,191135744.0,,,,,,
30.0,5.0,0.1666666666666666,11,2,binary,null_binary,top_quality,infeasible,infeasible: 5 eligible < K=8,,,,,,,,,,,,,,,,8.0,,,,,,,,,,,,,,,,,,,,,
30.0,5.0,0.1666666666666666,11,2,binary,null_binary,coerror,infeasible,infeasible: 5 eligible < K=8,,,,,,,,,,,,,,,,8.0,,,,,,,,,,,,,,,,,,,,,
30.0,5.0,0.1666666666666666,11,2,binary,null_binary,coerror_no_cert_affine,not_applicable,task restriction defined in config,,,,,,,,,,,,,,,,,,,,,,,,,,,,,,,,,,,,,
30.0,5.0,0.1666666666666666,11,2,binary,null_binary,affine_profiled,not_applicable,task restriction defined in config,,,,,,,,,,,,,,,,,,,,,,,,,,,,,,,,,,,,,
30.0,5.0,0.1666666666666666,11,2,binary,null_binary,random_subspace,complete,,0.466619957962166,0.4869547304690549,0.7074069029631963,0.2570101465927923,0.4474026623961565,0.1060343220284432,1.028966656361895,0.5124330647582824,0.8839208228056533,0.8839208228056533,0.9418540850565488,1.235384317999748,0.0408163265306122,24.0,0.2503014973405401,8.0,equal,False,49341.0,0.0556652082595974,0.0493689999999986,8.0,116.0,62.0,256.0,0.0244901671539992,10453.174875868315,median 5 warm calls on training rows; end-to-end preprocessing,,,,,,,,,
30.0,5.0,0.1666666666666666,11,2,binary,null_binary,top_no_cert,complete,,0.5523971574416976,0.5780924696511469,0.6956130292504329,0.2509129068512856,0.5878290461415274,0.0965525404236789,1.0045557275599464,0.5665583400060055,0.8845991514623073,0.8845991514623073,0.926154924563047,1.235283796040014,0.0799319727891156,22.0,0.2365215956898658,8.0,equal,True,49503.0,1.0718994159251451,0.9498999999999852,8.0,118.0,63.0,256.0,0.0226065828464925,11324.13517506557,median 5 warm calls on training rows; end-to-end preprocessing,,,,,,,,,
30.0,5.0,0.1666666666666666,11,2,binary,null_binary,coerror_no_cert,complete,,0.5239715744169752,0.5755788311763562,0.6971087142268183,0.2519077668351854,0.4865378840956861,0.0711945620782418,1.0085387522177378,0.5629222550295265,0.8813939543756305,0.8813939543756305,0.926154924563047,1.243372494008918,0.0663265306122448,22.0,0.2348642324839513,8.0,equal,True,49500.0,1.066266999579966,0.9485519999999924,8.0,118.0,63.0,256.0,0.0197247078176587,12978.645988906,median 5 warm calls on training rows; end-to-end preprocessing,,,,,,,,,
30.0,5.0,0.1666666666666666,11,2,binary,null_binary,shrinkage_no_cert,complete,,0.5239715744169752,0.5755788311763562,0.6971087142268183,0.2519077668351854,0.4865378840956861,0.0711945620782418,1.0085387522177378,0.5629222550295265,0.8813939543756305,0.8813939543756305,0.926154924563047,1.243372494008918,0.0663265306122448,22.0,0.2348642324839513,8.0,equal,True,49500.0,1.07642624899745,0.9502700000000032,8.0,118.0,63.0,256.0,0.023283583112061,10994.871312027168,median 5 warm calls on training rows; end-to-end preprocessing,,,,,,,,,
,,,11,2,binary,null_binary,random_forest,complete,,0.5283755379841858,0.5669584607398843,0.6977414390419184,0.2521316528320312,0.4886397757982184,0.0798046874999999,1.0094351029207538,,,,,,,,,,,,2657579.0,0.7274064579978585,0.6496209999999962,256.0,31940.0,16098.0,256.0,0.0271667919587343,9423.269423524756,median 5 warm calls on training rows; end-to-end preprocessing,0.7274064579978585,0.6496209999999962,191201280.0,,,,,,
30.0,1.0,0.0333333333333333,29,0,binary,null_binary,top_quality,infeasible,infeasible: 1 eligible < K=8,,,,,,,,,,,,,,,,8.0,,,,,,,,,,,,,,,,,,,,,
30.0,1.0,0.0333333333333333,29,0,binary,null_binary,coerror,infeasible,infeasible: 1 eligible < K=8,,,,,,,,,,,,,,,,8.0,,,,,,,,,,,,,,,,,,,,,
30.0,1.0,0.0333333333333333,29,0,binary,null_binary,coerror_no_cert_affine,not_applicable,task restriction defined in config,,,,,,,,,,,,,,,,,,,,,,,,,,,,,,,,,,,,,
30.0,1.0,0.0333333333333333,29,0,binary,null_binary,affine_profiled,not_applicable,task restriction defined in config,,,,,,,,,,,,,,,,,,,,,,,,,,,,,,,,,,,,,
30.0,1.0,0.0333333333333333,29,0,binary,null_binary,random_subspace,complete,,0.5622,0.5494158087941976,0.6872374960450728,0.2470497415939957,0.53,0.0130722520034076,0.988198966375983,0.510259375,0.8986041070077386,0.8986041070077386,0.924532803761924,1.2050286558442187,0.0731292517006802,22.0,0.249766543568922,8.0,equal,False,47101.0,0.0584627089556306,0.0533480000000068,8.0,88.0,48.0,256.0,0.0232513339724391,11010.120980733756,median 5 warm calls on training rows; end-to-end preprocessing,,,,,,,,,
30.0,1.0,0.0333333333333333,29,0,binary,null_binary,top_no_cert,complete,,0.56845,0.5713705917634797,0.6848698744017667,0.2459195588348293,0.52,0.0546611824667604,0.9836782353393176,0.54016875,0.9008135921741308,0.9008135921741308,0.9544900828258648,1.200266150391443,0.0765306122448979,21.0,0.2462883090701637,8.0,equal,True,48059.0,1.143854415975511,0.9838159999999904,8.0,100.0,54.0,256.0,0.0228477499913424,11204.604396363084,median 5 warm calls on training rows; end-to-end preprocessing,,,,,,,,,
30.0,1.0,0.0333333333333333,29,0,binary,null_binary,coerror_no_cert,complete,,0.5697,0.5541640109061547,0.6844015620122237,0.2456713688960515,0.525,0.0674924018942578,0.982685475584206,0.5267359375,0.89764590007173,0.89764590007173,0.9372257933181422,1.208363111323275,0.0476190476190476,24.0,0.2446053540764925,8.0,equal,True,47740.0,1.1492182512301952,0.9843690000000008,8.0,96.0,52.0,256.0,0.0181718750391155,14087.704182917378,median 5 warm calls on training rows; end-to-end preprocessing,,,,,,,,,
30.0,1.0,0.0333333333333333,29,0,binary,null_binary,shrinkage_no_cert,complete,,0.5697,0.5541640109061547,0.6844015620122237,0.2456713688960514,0.525,0.0674924018942577,0.982685475584206,0.5267359375,0.8976459000717301,0.8976459000717301,0.9372257933181422,1.2083631113232751,0.0476190476190476,24.0,0.2446053540764925,8.0,equal,True,47740.0,1.154107291949913,0.986145999999998,8.0,96.0,52.0,256.0,0.0206593750044703,12391.4687614996,median 5 warm calls on training rows; end-to-end preprocessing,,,,,,,,,
,,,29,0,binary,null_binary,random_forest,complete,,0.4609,0.4965629385741666,0.7129001455393497,0.2596599578857422,0.4649999999999999,0.0936132812499999,1.0386398315429688,,,,,,,,,,,,2622859.0,0.74800999998115,0.669556,256.0,31506.0,15881.0,256.0,0.0266693748999387,9599.025135028132,median 5 warm calls on training rows; end-to-end preprocessing,0.74800999998115,0.669556,191250432.0,,,,,,
30.0,1.0,0.0333333333333333,29,1,binary,null_binary,top_quality,infeasible,infeasible: 1 eligible < K=8,,,,,,,,,,,,,,,,8.0,,,,,,,,,,,,,,,,,,,,,
30.0,1.0,0.0333333333333333,29,1,binary,null_binary,coerror,infeasible,infeasible: 1 eligible < K=8,,,,,,,,,,,,,,,,8.0,,,,,,,,,,,,,,,,,,,,,
30.0,1.0,0.0333333333333333,29,1,binary,null_binary,coerror_no_cert_affine,not_applicable,task restriction defined in config,,,,,,,,,,,,,,,,,,,,,,,,,,,,,,,,,,,,,
30.0,1.0,0.0333333333333333,29,1,binary,null_binary,affine_profiled,not_applicable,task restriction defined in config,,,,,,,,,,,,,,,,,,,,,,,,,,,,,,,,,,,,,
30.0,1.0,0.0333333333333333,29,1,binary,null_binary,random_subspace,complete,,0.44225,0.4515900661991964,0.7155899418600129,0.2609670862262941,0.455,0.0940219735083094,1.0438683449051769,0.5048468749999999,0.898371112987245,0.898371112987245,0.9353705140068118,1.203306818865626,0.032312925170068,26.0,0.2511977194849671,8.0,equal,False,48862.0,0.0560204572975635,0.0530769999999947,8.0,110.0,59.0,256.0,0.0265705410856753,9634.730402160085,median 5 warm calls on training rows; end-to-end preprocessing,,,,,,,,,
30.0,1.0,0.0333333333333333,29,1,binary,null_binary,top_no_cert,complete,,0.4694500000000001,0.5086020028524677,0.7054027612296723,0.2561292425816649,0.4599999999999999,0.0972637943194244,1.0245169703266597,0.5443296875,0.8948779775282747,0.8948779775282747,0.9256540709769416,1.2115645247540998,0.0850340136054421,20.0,0.2414324679593978,8.0,equal,True,49020.0,1.1255791692528874,0.9710120000000018,8.0,112.0,60.0,256.0,0.0261632918845862,9784.701448475576,median 5 warm calls on training rows; end-to-end preprocessing,,,,,,,,,
30.0,1.0,0.0333333333333333,29,1,binary,null_binary,coerror_no_cert,complete,,0.4740499999999999,0.4828174775158979,0.7059507799442062,0.2562057884180093,0.485,0.0634706007850767,1.0248231536720371,0.54248125,0.8952808937320106,0.8952808937320106,0.9256540709769416,1.2104243283861598,0.0612244897959183,23.0,0.2401665657991485,8.0,equal,True,49022.0,1.131452834000811,0.9726550000000032,8.0,112.0,60.0,256.0,0.0193528749514371,13228.008791582142,median 5 warm calls on training rows; end-to-end preprocessing,,,,,,,,,
30.0,1.0,0.0333333333333333,29,1,binary,null_binary,shrinkage_no_cert,complete,,0.5121,0.5453993414454115,0.6962953790189286,0.2515196507985868,0.505,0.0579724915888997,1.0060786031943472,0.5425046875,0.8960317222197964,0.8960317222197964,0.9256540709769416,1.2087677328810222,0.0561224489795918,23.0,0.2401779956589037,8.0,equal,True,49180.0,1.124218667857349,0.9721329999999924,8.0,114.0,61.0,256.0,0.0180175001733005,14208.408355081208,median 5 warm calls on training rows; end-to-end preprocessing,,,,,,,,,
,,,29,1,binary,null_binary,random_forest,complete,,0.4465,0.4720970753223923,0.7203507572336372,0.2632477569580078,0.47,0.09236328125,1.0529910278320314,,,,,,,,,,,,2659819.0,0.756120374891907,0.6794560000000018,256.0,31968.0,16112.0,256.0,0.0328049999661743,7803.688470171154,median 5 warm calls on training rows; end-to-end preprocessing,0.756120374891907,0.6794560000000018,191250432.0,,,,,,
30.0,2.0,0.0666666666666666,29,2,binary,null_binary,top_quality,infeasible,infeasible: 2 eligible < K=8,,,,,,,,,,,,,,,,8.0,,,,,,,,,,,,,,,,,,,,,
30.0,2.0,0.0666666666666666,29,2,binary,null_binary,coerror,infeasible,infeasible: 2 eligible < K=8,,,,,,,,,,,,,,,,8.0,,,,,,,,,,,,,,,,,,,,,
30.0,2.0,0.0666666666666666,29,2,binary,null_binary,coerror_no_cert_affine,not_applicable,task restriction defined in config,,,,,,,,,,,,,,,,,,,,,,,,,,,,,,,,,,,,,
30.0,2.0,0.0666666666666666,29,2,binary,null_binary,affine_profiled,not_applicable,task restriction defined in config,,,,,,,,,,,,,,,,,,,,,,,,,,,,,,,,,,,,,
30.0,2.0,0.0666666666666666,29,2,binary,null_binary,random_subspace,complete,,0.4872499999999999,0.4894209375641507,0.7042187859865452,0.2554299473324298,0.5,0.0477932212638621,1.0217197893297194,0.5058328125,0.8966265735672749,0.8966265735672749,0.9409466324299408,1.206579438413372,0.0476190476190476,23.0,0.2508172068784107,8.0,equal,False,49021.0,0.0538647079374641,0.0506930000000025,8.0,112.0,60.0,256.0,0.0277983748819679,9209.171438509547,median 5 warm calls on training rows; end-to-end preprocessing,,,,,,,,,
30.0,2.0,0.0666666666666666,29,2,binary,null_binary,top_no_cert,complete,,0.51375,0.5185685921772994,0.7001773768034184,0.2534155528935081,0.5,0.0521995868602143,1.0136622115740324,0.540784375,0.8897405299388801,0.8897405299388801,0.9326968146698926,1.2240348012045312,0.0595238095238095,23.0,0.2413439573992713,8.0,equal,True,49020.0,1.149750251090154,0.9996660000000048,8.0,112.0,60.0,256.0,0.0261667498853057,9783.408375977167,median 5 warm calls on training rows; end-to-end preprocessing,,,,,,,,,
30.0,2.0,0.0666666666666666,29,2,binary,null_binary,coerror_no_cert,complete,,0.5213000000000001,0.5395849439929494,0.695915461193298,0.2514094571836928,0.53,0.0226001151301758,1.0056378287347714,0.5388578125000001,0.8983050616117433,0.8983050616117433,0.9326968146698926,1.2039788839558667,0.0629251700680272,21.0,0.2400529669304261,8.0,equal,True,49022.0,1.1717658762354404,1.008305,8.0,112.0,60.0,256.0,0.0286047079134732,8949.575740272465,median 5 warm calls on training rows; end-to-end preprocessing,,,,,,,,,
30.0,2.0,0.0666666666666666,29,2,binary,null_binary,shrinkage_no_cert,complete,,0.5213000000000001,0.5395849439929494,0.695915461193298,0.2514094571836928,0.53,0.0226001151301758,1.0056378287347714,0.5388578125000001,0.8983050616117433,0.8983050616117433,0.9326968146698926,1.2039788839558667,0.0629251700680272,21.0,0.2400529669304261,8.0,equal,True,49022.0,1.1542009182740005,1.0025559999999911,8.0,112.0,60.0,256.0,0.028944042045623,8844.65271286159,median 5 warm calls on training rows; end-to-end preprocessing,,,,,,,,,
,,,29,2,binary,null_binary,random_forest,complete,,0.4700499999999999,0.4775993193750822,0.7071953154062931,0.2569674682617187,0.5,0.0592578124999999,1.027869873046875,,,,,,,,,,,,2658219.0,0.8369743749499321,0.7218820000000008,256.0,31948.0,16102.0,256.0,0.0355768748559057,7195.685428718985,median 5 warm calls on training rows; end-to-end preprocessing,0.8369743749499321,0.7218820000000008,188874752.0,,,,,,
30.0,0.0,0.0,11,0,regression,null_regression,top_quality,infeasible,infeasible: 0 eligible < K=8,,,,,,,,,,,,,,,,8.0,,,,,,,,,,,,,,,,,,,,,
30.0,0.0,0.0,11,0,regression,null_regression,coerror,infeasible,infeasible: 0 eligible < K=8,,,,,,,,,,,,,,,,8.0,,,,,,,,,,,,,,,,,,,,,
30.0,0.0,0.0,11,0,regression,null_regression,random_subspace,complete,,,,,,,,0.9862523972599322,-0.1266297066408359,0.8813432820443104,0.8813432820443104,0.9210310297501588,1.2450825618103978,0.0357142857142857,25.0,1.0855383010047146,8.0,equal,False,47164.0,0.0780914179049432,0.0551680000000089,8.0,108.0,58.0,256.0,0.0216283749323338,11836.303041764226,median 5 warm calls on training rows; end-to-end preprocessing,,,,1.0315531181427933,1.0641018355501195,0.816452401774201,-0.0116788044150062,,
30.0,0.0,0.0,11,0,regression,null_regression,top_no_cert,complete,,,,,,,,0.9980195716886172,-0.0741185109526536,0.8919343807283945,0.8919343807283945,0.9374146996801755,1.217802451263518,0.0697278911564625,21.0,1.0473311830555925,8.0,equal,True,47164.0,1.0851329998113215,0.8804250000000025,8.0,108.0,58.0,256.0,0.0214598751626908,11929.239944744388,median 5 warm calls on training rows; end-to-end preprocessing,,,,1.0376887043729623,1.0767978471832371,0.8188650950866,-0.0237493463882669,,
30.0,0.0,0.0,11,0,regression,null_regression,coerror_no_cert,complete,,,,,,,,0.99717510310566,-0.0854219969213807,0.8753975060713662,0.8753975060713662,0.925732405404703,1.257798837427878,0.0697278911564625,22.0,1.041064046902595,8.0,equal,True,47596.0,1.0793985829222947,0.8780780000000163,8.0,114.0,61.0,256.0,0.0261260829865932,9798.636869191909,median 5 warm calls on training rows; end-to-end preprocessing,,,,1.0372495942687234,1.0758867208106313,0.8202554631758011,-0.0228831067028216,,
30.0,0.0,0.0,11,0,regression,null_regression,shrinkage_no_cert,complete,,,,,,,,0.9942853650086998,-0.0788585535130147,0.8821080658419947,0.8821080658419947,0.9210310297501588,1.2412178684380577,0.0748299319727891,22.0,1.041829210359588,8.0,equal,True,47452.0,1.0756634168792516,0.8779699999999906,8.0,112.0,60.0,256.0,0.0232892499770969,10992.195981053714,median 5 warm calls on training rows; end-to-end preprocessing,,,,1.035745568367748,1.0727688823934294,0.8127752351553095,-0.0199188687540698,,
30.0,0.0,0.0,11,0,regression,null_regression,coerror_no_cert_affine,complete,,,,,,,,0.9996275780817374,-0.0854219969213807,0.8753975060713662,0.8753975060713662,0.925732405404703,1.257798837427878,0.0697278911564625,22.0,1.041064046902595,8.0,affine_of_equal,True,47847.0,1.0884698750451207,0.8815989999999942,8.0,114.0,61.0,256.0,0.0216192500665783,11841.29880600046,median 5 warm calls on training rows; end-to-end preprocessing,,,,1.0385243285149806,1.0785327809174914,0.8211677299323421,-0.0253988085237235,1.0403952298986234,2.0
30.0,0.0,0.0,11,0,regression,null_regression,affine_profiled,complete,,,,,,,,0.9996275780817374,-0.0854219969213807,0.8753975060713662,0.8753975060713662,0.925732405404703,1.2577988374278777,0.0697278911564625,22.0,1.041064046902595,8.0,affine_of_equal,True,47847.0,1.0725399169605223,0.87811200000003,8.0,114.0,61.0,256.0,0.029798915842548,8590.916574034334,median 5 warm calls on training rows; end-to-end preprocessing,,,,1.0385243285149806,1.0785327809174914,0.8211677299323421,-0.0253988085237235,1.0403952298986234,2.0
,,,11,0,regression,null_regression,random_forest,complete,,,,,,,,1.026955502863634,,,,,,,,,,,,9397155.0,2.7340609999373555,2.2978630000000067,256.0,129352.0,64804.0,256.0,0.0420217500068247,6092.083265414295,median 5 warm calls on training rows; end-to-end preprocessing,2.7340609999373555,2.2978630000000067,173981696.0,1.0526242560884238,1.1080178245057075,0.8358183886861877,-0.0534312699375596,,
30.0,0.0,0.0,11,1,regression,null_regression,top_quality,infeasible,infeasible: 0 eligible < K=8,,,,,,,,,,,,,,,,8.0,,,,,,,,,,,,,,,,,,,,,
30.0,0.0,0.0,11,1,regression,null_regression,coerror,infeasible,infeasible: 0 eligible < K=8,,,,,,,,,,,,,,,,8.0,,,,,,,,,,,,,,,,,,,,,
30.0,0.0,0.0,11,1,regression,null_regression,random_subspace,complete,,,,,,,,1.0146141149283447,-0.1103033749641769,0.9112020464418488,0.9112020464418488,0.9358064518865008,1.1750539615939444,0.0595238095238095,22.0,1.0790239121143044,8.0,equal,False,46155.0,0.0484224171377718,0.0462489999999888,8.0,94.0,51.0,256.0,0.0286189999897032,8945.106401065903,median 5 warm calls on training rows; end-to-end preprocessing,,,,1.0696837995482436,1.144223431015967,0.8477572545020025,-0.0185535325653916,,
30.0,0.0,0.0,11,1,regression,null_regression,top_no_cert,complete,,,,,,,,1.0221147263130956,-0.0639009438016159,0.9027486938827952,0.9027486938827952,0.9364505149619836,1.1934839885864843,0.0561224489795918,25.0,1.0257763619599205,8.0,equal,True,46015.0,0.9852518748957664,0.8306819999999817,8.0,92.0,50.0,256.0,0.0310887917876243,8234.478899945767,median 5 warm calls on training rows; end-to-end preprocessing,,,,1.073630378224891,1.152682189047323,0.8511498003176656,-0.0260832663922048,,
30.0,0.0,0.0,11,1,regression,null_regression,coerror_no_cert,complete,,,,,,,,1.006355199293714,-0.0724481897477654,0.8910065701166766,0.8910065701166766,0.9261488104484764,1.2215523321447233,0.0459183673469387,26.0,1.0218909173134227,8.0,equal,True,46302.0,1.0133302081376314,0.8380939999999981,8.0,96.0,52.0,256.0,0.0191662500146776,13356.812094382232,median 5 warm calls on training rows; end-to-end preprocessing,,,,1.0653213135362662,1.1349095010746355,0.8456357161863499,-0.0102625502391635,,
30.0,0.0,0.0,11,1,regression,null_regression,shrinkage_no_cert,complete,,,,,,,,1.006355199293714,-0.0724481897477654,0.8910065701166766,0.8910065701166766,0.9261488104484764,1.221552332144723,0.0459183673469387,26.0,1.0218909173134227,8.0,equal,True,46302.0,0.9981485840398818,0.835211000000001,8.0,96.0,52.0,256.0,0.019516791915521,13116.909844000136,median 5 warm calls on training rows; end-to-end preprocessing,,,,1.0653213135362662,1.1349095010746355,0.8456357161863499,-0.0102625502391635,,
30.0,0.0,0.0,11,1,regression,null_regression,coerror_no_cert_affine,complete,,,,,,,,1.009231156076358,-0.0724481897477654,0.8910065701166766,0.8910065701166766,0.9261488104484764,1.2215523321447233,0.0459183673469387,26.0,1.0218909173134227,8.0,affine_of_equal,True,46553.0,0.9928539590910076,0.8332690000000014,8.0,96.0,52.0,256.0,0.0229848749004304,11137.759118071415,median 5 warm calls on training rows; end-to-end preprocessing,,,,1.066842462451073,1.138152839688669,0.844799578307478,-0.0131496734295146,1.0213470438182133,2.0
30.0,0.0,0.0,11,1,regression,null_regression,affine_profiled,complete,,,,,,,,1.009231156076358,-0.0724481897477654,0.8910065701166766,0.8910065701166766,0.9261488104484764,1.221552332144723,0.0459183673469387,26.0,1.0218909173134227,8.0,affine_of_equal,True,46553.0,1.0035950411111116,0.8356019999999944,8.0,96.0,52.0,256.0,0.0225530830211937,11350.997988143345,median 5 warm calls on training rows; end-to-end preprocessing,,,,1.066842462451073,1.138152839688669,0.844799578307478,-0.0131496734295146,1.0213470438182133,2.0
,,,11,1,regression,null_regression,random_forest,complete,,,,,,,,1.0424368949329816,,,,,,,,,,,,9395139.0,2.2247990830801427,1.9962009999999992,256.0,129324.0,64790.0,256.0,0.0369561249390244,6927.133199770966,median 5 warm calls on training rows; end-to-end preprocessing,2.2247990830801427,1.9962009999999992,174112768.0,1.084251060290721,1.1756003617415525,0.8701150987821634,-0.0464843394037273,,
30.0,0.0,0.0,11,2,regression,null_regression,top_quality,infeasible,infeasible: 0 eligible < K=8,,,,,,,,,,,,,,,,8.0,,,,,,,,,,,,,,,,,,,,,
30.0,0.0,0.0,11,2,regression,null_regression,coerror,infeasible,infeasible: 0 eligible < K=8,,,,,,,,,,,,,,,,8.0,,,,,,,,,,,,,,,,,,,,,
30.0,0.0,0.0,11,2,regression,null_regression,random_subspace,complete,,,,,,,,1.0056828642180342,-0.1304293605424651,0.8992081758007486,0.8992081758007486,0.9260714034228316,1.2017863467380807,0.0408163265306122,24.0,1.1331973647188107,8.0,equal,False,47165.0,0.0627536240499466,0.0471150000000051,8.0,108.0,58.0,256.0,0.0226956659462302,11279.686641780218,median 5 warm calls on training rows; end-to-end preprocessing,,,,1.0223079081171598,1.045113458998883,0.8120106301534359,-0.0151855383742962,,
30.0,0.0,0.0,11,2,regression,null_regression,top_no_cert,complete,,,,,,,,0.9917760019292026,-0.0917259500384678,0.8994332965958367,0.8994332965958367,0.9307673841936362,1.2008831174936163,0.0527210884353741,22.0,1.0948289655739736,8.0,equal,True,47452.0,0.9146820418536664,0.8075170000000185,8.0,112.0,60.0,256.0,0.0189341669902205,13520.531435696295,median 5 warm calls on training rows; end-to-end preprocessing,,,,1.0152149228026854,1.0306613394812627,0.8149965106753203,-0.0011472704648971,,
30.0,0.0,0.0,11,2,regression,null_regression,coerror_no_cert,complete,,,,,,,,0.9888471359048632,-0.0994730870277741,0.8881793974766412,0.8881793974766412,0.9307673841936362,1.227490434825039,0.0306122448979591,26.0,1.0904212812289698,8.0,equal,True,47598.0,0.9163228760007768,0.8113840000000039,8.0,114.0,61.0,256.0,0.0197085000108927,12989.319322044326,median 5 warm calls on training rows; end-to-end preprocessing,,,,1.0137147720712765,1.0276176391155198,0.8088831748040161,0.0018092703468596,,
30.0,0.0,0.0,11,2,regression,null_regression,shrinkage_no_cert,complete,,,,,,,,0.9888471359048632,-0.0994730870277741,0.8881793974766412,0.8881793974766412,0.9307673841936362,1.227490434825039,0.0306122448979591,26.0,1.0904212812289698,8.0,equal,True,47598.0,0.905841626226902,0.8070820000000083,8.0,114.0,61.0,256.0,0.018687792122364,13698.782516616278,median 5 warm calls on training rows; end-to-end preprocessing,,,,1.0137147720712765,1.0276176391155198,0.8088831748040161,0.0018092703468596,,
30.0,0.0,0.0,11,2,regression,null_regression,coerror_no_cert_affine,complete,,,,,,,,0.9902805101084592,-0.0994730870277741,0.8881793974766412,0.8881793974766412,0.9307673841936362,1.227490434825039,0.0306122448979591,26.0,1.0904212812289698,8.0,affine_of_equal,True,47849.0,0.9781730419490486,0.8644210000000214,8.0,114.0,61.0,256.0,0.0177977080456912,14383.874560858216,median 5 warm calls on training rows; end-to-end preprocessing,,,,1.014449216443491,1.0291072127428131,0.808000593650526,0.0003623522235198,1.0871114369889048,2.0
30.0,0.0,0.0,11,2,regression,null_regression,affine_profiled,complete,,,,,,,,0.9902805101084592,-0.0994730870277741,0.8881793974766412,0.8881793974766412,0.9307673841936362,1.2274904348250388,0.0306122448979591,26.0,1.0904212812289698,8.0,affine_of_equal,True,47847.0,0.9152897500898688,0.8107469999999921,8.0,114.0,61.0,256.0,0.0205178749747574,12476.925622899527,median 5 warm calls on training rows; end-to-end preprocessing,,,,1.014449216443491,1.0291072127428131,0.808000593650526,0.0003623522235198,1.0871114369889048,2.0
,,,11,2,regression,null_regression,random_forest,complete,,,,,,,,1.0117931843548338,,,,,,,,,,,,9420627.0,2.322826499817893,2.0689390000000003,256.0,129678.0,64967.0,256.0,0.0352455419488251,7263.329937491103,median 5 warm calls on training rows; end-to-end preprocessing,2.322826499817893,2.0689390000000003,174899200.0,1.0254088702743187,1.0514633512372544,0.8161182692677719,-0.0213535947849417,,
30.0,0.0,0.0,29,0,regression,null_regression,top_quality,infeasible,infeasible: 0 eligible < K=8,,,,,,,,,,,,,,,,8.0,,,,,,,,,,,,,,,,,,,,,
30.0,0.0,0.0,29,0,regression,null_regression,coerror,infeasible,infeasible: 0 eligible < K=8,,,,,,,,,,,,,,,,8.0,,,,,,,,,,,,,,,,,,,,,
30.0,0.0,0.0,29,0,regression,null_regression,random_subspace,complete,,,,,,,,1.0340327827610665,-0.1117769386119723,0.8952974472689558,0.8952974472689558,0.9162030220704154,1.211065607549346,0.0731292517006802,22.0,0.8736777266647731,8.0,equal,False,47165.0,0.0589449168182909,0.0489040000000073,8.0,108.0,58.0,256.0,0.0269664581865072,9493.274876123354,median 5 warm calls on training rows; end-to-end preprocessing,,,,1.0343410166878622,1.06986133880288,0.8604997301263211,-0.0421074499223237,,
30.0,0.0,0.0,29,0,regression,null_regression,top_no_cert,complete,,,,,,,,1.0429803527006374,-0.0655786517635482,0.9119228834272636,0.9119228834272636,0.9638610108422124,1.172995976283221,0.0799319727891156,19.0,0.8511248645595295,8.0,equal,True,46875.0,0.9144188764039428,0.8030510000000106,8.0,104.0,56.0,256.0,0.0270261671394109,9472.30136924179,median 5 warm calls on training rows; end-to-end preprocessing,,,,1.0388064960125118,1.0791189361577926,0.8579422052692313,-0.0511248906149004,,
30.0,0.0,0.0,29,0,regression,null_regression,coerror_no_cert,complete,,,,,,,,1.026756646616955,-0.0787217659905431,0.8876527607520932,0.8876527607520932,0.9450931873104154,1.229075777749877,0.0357142857142857,25.0,0.8415595000367104,8.0,equal,True,47021.0,0.9169877923559396,0.8039739999999966,8.0,106.0,57.0,256.0,0.0181942919734865,14070.346918311168,median 5 warm calls on training rows; end-to-end preprocessing,,,,1.030695439654928,1.0623330893254652,0.8557983192333487,-0.0347744950984152,,
30.0,0.0,0.0,29,0,regression,null_regression,shrinkage_no_cert,complete,,,,,,,,1.027628895155761,-0.0716938470842131,0.8947370720610389,0.8947370720610389,0.9450931873104154,1.212547187085378,0.0527210884353741,23.0,0.8418630107163003,8.0,equal,True,47022.0,0.9187215024139732,0.8055119999999931,8.0,106.0,57.0,256.0,0.0185423749499022,13806.214181929749,median 5 warm calls on training rows; end-to-end preprocessing,,,,1.0311331440229403,1.0632355607026336,0.85680519894592,-0.0356535549460597,,
30.0,0.0,0.0,29,0,regression,null_regression,coerror_no_cert_affine,complete,,,,,,,,1.0303090007042996,-0.0787217659905431,0.8876527607520932,0.8876527607520932,0.9450931873104154,1.229075777749877,0.0357142857142857,25.0,0.8415595000367104,8.0,affine_of_equal,True,47272.0,0.9236809592694044,0.8059670000000096,8.0,106.0,57.0,256.0,0.0189294579904526,13523.894880092044,median 5 warm calls on training rows; end-to-end preprocessing,,,,1.0324768908533732,1.0660085301462483,0.858314133695576,-0.038354589193013,0.8411976744786182,2.0
30.0,0.0,0.0,29,0,regression,null_regression,affine_profiled,complete,,,,,,,,1.0303090007042996,-0.0787217659905431,0.8876527607520932,0.8876527607520932,0.9450931873104154,1.2290757777498769,0.0357142857142857,25.0,0.8415595000367104,8.0,affine_of_equal,True,47272.0,0.9349158762488514,0.8088580000000007,8.0,106.0,57.0,256.0,0.0246867910027503,10369.91806555492,median 5 warm calls on training rows; end-to-end preprocessing,,,,1.0324768908533732,1.0660085301462483,0.858314133695576,-0.038354589193013,0.8411976744786182,2.0
,,,29,0,regression,null_regression,random_forest,complete,,,,,,,,1.0663594252348687,,,,,,,,,,,,9376995.0,2.306823499966413,2.0589980000000025,256.0,129072.0,64664.0,256.0,0.0378635001834481,6761.128758822695,median 5 warm calls on training rows; end-to-end preprocessing,2.306823499966413,2.0589980000000025,174997504.0,1.050384728651125,1.1033080781834976,0.8733641935013339,-0.0746865281822719,,
30.0,0.0,0.0,29,1,regression,null_regression,top_quality,infeasible,infeasible: 0 eligible < K=8,,,,,,,,,,,,,,,,8.0,,,,,,,,,,,,,,,,,,,,,
30.0,0.0,0.0,29,1,regression,null_regression,coerror,infeasible,infeasible: 0 eligible < K=8,,,,,,,,,,,,,,,,8.0,,,,,,,,,,,,,,,,,,,,,
30.0,0.0,0.0,29,1,regression,null_regression,random_subspace,complete,,,,,,,,1.0147500501001894,-0.1220462578207729,0.8968924526433614,0.8968924526433614,0.942733577504456,1.2080668780034576,0.032312925170068,26.0,0.9708023516918028,8.0,equal,False,46158.0,0.0551742513198405,0.0477329999999938,8.0,94.0,51.0,256.0,0.0227491250261664,11253.180054421626,median 5 warm calls on training rows; end-to-end preprocessing,,,,0.9416002648606184,0.8866110587855869,0.7532182652204819,-0.0165994193306335,,
30.0,0.0,0.0,29,1,regression,null_regression,top_no_cert,complete,,,,,,,,1.027198600684888,-0.0712502313292078,0.90773630374181,0.90773630374181,0.935337867538161,1.1820039378276734,0.0612244897959183,22.0,0.9373905451037235,8.0,equal,True,46157.0,0.9230672079138458,0.8041470000000004,8.0,94.0,51.0,256.0,0.0265913750045001,9627.18174433162,median 5 warm calls on training rows; end-to-end preprocessing,,,,0.9473582485617624,0.8974876511180099,0.7575824801509486,-0.0290706572425343,,
30.0,0.0,0.0,29,1,regression,null_regression,coerror_no_cert,complete,,,,,,,,1.0324362026875606,-0.0776736878630224,0.8921015062350615,0.8921015062350615,0.9311913074624548,1.217986358258317,0.0374149659863945,25.0,0.9288516907698362,8.0,equal,True,46733.0,0.906492582987994,0.8034769999999867,8.0,102.0,55.0,256.0,0.0242400001734495,10561.05603004084,median 5 warm calls on training rows; end-to-end preprocessing,,,,0.9497704288686848,0.9020638675534056,0.7534961210350637,-0.0343178047091208,,
30.0,0.0,0.0,29,1,regression,null_regression,shrinkage_no_cert,complete,,,,,,,,1.0324362026875606,-0.0776736878630224,0.8921015062350615,0.8921015062350615,0.9311913074624548,1.2179863582583168,0.0374149659863945,25.0,0.9288516907698364,8.0,equal,True,46733.0,0.9026695403736084,0.8008799999999923,8.0,102.0,55.0,256.0,0.0242170831188559,10571.050144378154,median 5 warm calls on training rows; end-to-end preprocessing,,,,0.9497704288686848,0.9020638675534056,0.7534961210350637,-0.0343178047091208,,
30.0,0.0,0.0,29,1,regression,null_regression,coerror_no_cert_affine,complete,,,,,,,,1.023492282774989,-0.0776736878630224,0.8921015062350615,0.8921015062350615,0.9311913074624548,1.217986358258317,0.0374149659863945,25.0,0.9288516907698362,8.0,affine_of_equal,True,46984.0,0.9067662071902304,0.803401000000008,8.0,102.0,55.0,256.0,0.0236223749816417,10837.182975841824,median 5 warm calls on training rows; end-to-end preprocessing,,,,0.9456475843148808,0.8942493537205699,0.7513356501716868,-0.0253575846147615,0.9280914760156784,2.0
30.0,0.0,0.0,29,1,regression,null_regression,affine_profiled,complete,,,,,,,,1.023492282774989,-0.0776736878630224,0.8921015062350615,0.8921015062350615,0.9311913074624548,1.217986358258317,0.0374149659863945,25.0,0.9288516907698362,8.0,affine_of_equal,True,46984.0,0.9090861671138556,0.8042800000000057,8.0,102.0,55.0,256.0,0.020730708958581,12348.829965799774,median 5 warm calls on training rows; end-to-end preprocessing,,,,0.9456475843148808,0.8942493537205699,0.7513356501716868,-0.0253575846147615,0.9280914760156784,2.0
,,,29,1,regression,null_regression,random_forest,complete,,,,,,,,1.0479696019296152,,,,,,,,,,,,9398019.0,2.274094209074974,2.0756219999999956,256.0,129364.0,64810.0,256.0,0.0382707919925451,6689.1743460617945,median 5 warm calls on training rows; end-to-end preprocessing,2.274094209074974,2.0756219999999956,175079424.0,0.9568885854348984,0.9156357649356008,0.7577717728627513,-0.0498795133763385,,
30.0,0.0,0.0,29,2,regression,null_regression,top_quality,infeasible,infeasible: 0 eligible < K=8,,,,,,,,,,,,,,,,8.0,,,,,,,,,,,,,,,,,,,,,
30.0,0.0,0.0,29,2,regression,null_regression,coerror,infeasible,infeasible: 0 eligible < K=8,,,,,,,,,,,,,,,,8.0,,,,,,,,,,,,,,,,,,,,,
30.0,0.0,0.0,29,2,regression,null_regression,random_subspace,complete,,,,,,,,1.0056475771235758,-0.1420387317575535,0.901849392409793,0.901849392409793,0.961297088192276,1.1957741720136768,0.0476190476190476,23.0,0.9945444310709952,8.0,equal,False,46589.0,0.0661583330947905,0.050729000000004,8.0,100.0,54.0,256.0,0.0219572088681161,11659.041071096028,median 5 warm calls on training rows; end-to-end preprocessing,,,,0.93088307969177,0.8665433080564342,0.7673187659396189,-0.0255784526315638,,
30.0,0.0,0.0,29,2,regression,null_regression,top_no_cert,complete,,,,,,,,1.0061145777832698,-0.0772479171755276,0.8997616614472788,0.8997616614472788,0.945634756226168,1.20029198050554,0.0544217687074829,23.0,0.9364896071446092,8.0,equal,True,47164.0,0.86141312494874,0.7807679999999948,8.0,108.0,58.0,256.0,0.0264775000978261,9668.586500015472,median 5 warm calls on training rows; end-to-end preprocessing,,,,0.9310991954389566,0.8669457117470724,0.7634260061735836,-0.0260547087523381,,
30.0,0.0,0.0,29,2,regression,null_regression,coerror_no_cert,complete,,,,,,,,1.010859567131792,-0.0789854291070487,0.8970637820667846,0.8970637820667846,0.9343601102127984,1.2068915160158826,0.0476190476190476,24.0,0.9354308545501556,8.0,equal,True,47308.0,0.860527666984126,0.781283999999971,8.0,110.0,59.0,256.0,0.0238433328922837,10736.754008196856,median 5 warm calls on training rows; end-to-end preprocessing,,,,0.9332922155252228,0.871034359559979,0.7661077857564456,-0.0308937387908034,,
30.0,0.0,0.0,29,2,regression,null_regression,shrinkage_no_cert,complete,,,,,,,,1.010859567131792,-0.0789854291070487,0.8970637820667846,0.8970637820667846,0.9343601102127984,1.206891516015882,0.0476190476190476,24.0,0.9354308545501556,8.0,equal,True,47308.0,0.8656774580013007,0.7818379999999792,8.0,110.0,59.0,256.0,0.0197982089594006,12930.462574921212,median 5 warm calls on training rows; end-to-end preprocessing,,,,0.9332922155252228,0.871034359559979,0.7661077857564456,-0.0308937387908034,,
30.0,0.0,0.0,29,2,regression,null_regression,coerror_no_cert_affine,complete,,,,,,,,1.004590850787404,-0.0789854291070487,0.8970637820667846,0.8970637820667846,0.9343601102127984,1.2068915160158826,0.0476190476190476,24.0,0.9354308545501556,8.0,affine_of_equal,True,47559.0,0.865553333889693,0.7827999999999804,8.0,110.0,59.0,256.0,0.022277999902144,11491.157245914255,median 5 warm calls on training rows; end-to-end preprocessing,,,,0.930393868939678,0.865632751360543,0.7648336847492112,-0.0245007830926924,0.934974203144623,2.0
30.0,0.0,0.0,29,2,regression,null_regression,affine_profiled,complete,,,,,,,,1.004590850787404,-0.0789854291070487,0.8970637820667846,0.8970637820667846,0.9343601102127984,1.2068915160158822,0.0476190476190476,24.0,0.9354308545501556,8.0,affine_of_equal,True,47559.0,0.8652144998777658,0.7832429999999988,8.0,110.0,59.0,256.0,0.0194570419844239,13157.190091121582,median 5 warm calls on training rows; end-to-end preprocessing,,,,0.930393868939678,0.865632751360543,0.7648336847492111,-0.0245007830926924,0.934974203144623,2.0
,,,29,2,regression,null_regression,random_forest,complete,,,,,,,,1.0300229979501208,,,,,,,,,,,,9384483.0,2.339919000165537,2.107699999999994,256.0,129176.0,64716.0,256.0,0.0355344999115914,7204.266294359539,median 5 warm calls on training rows; end-to-end preprocessing,2.339919000165537,2.107699999999994,175276032.0,0.942097152966149,0.8875470456269235,0.774910716738238,-0.050436968618879,,
