dataset,metric,left,right,count,mean,min,max
breast_cancer,auroc,coerror_no_cert,top_no_cert,6,0.006997869570363413,0.00224878683867924,0.016626650660264364
breast_cancer,auroc,coerror_no_cert_unique,caruana,6,0.0020054500673509223,-0.00035507160610714905,0.005582232893157291
breast_cancer,auroc,coerror_no_cert_unique,coerror_no_cert,6,0.0,0.0,0.0
breast_cancer,auroc,coerror_no_cert_unique,top_no_cert_unique,6,0.006997869570363413,0.00224878683867924,0.016626650660264364
breast_cancer,auroc,random_subspace_unique,random_subspace,6,0.0021970760135040144,0.0,0.007219789324180437
breast_cancer,auroc,top_no_cert_unique,top_no_cert,6,0.0,0.0,0.0
breast_cancer,brier,coerror_no_cert,top_no_cert,6,0.002505086858886317,-0.0066467184251772955,0.011287844285823898
breast_cancer,brier,coerror_no_cert_unique,caruana,6,0.00010022405975236685,-0.0021857324718567023,0.002017176275334001
breast_cancer,brier,coerror_no_cert_unique,coerror_no_cert,6,0.0,-0.0,-0.0
breast_cancer,brier,coerror_no_cert_unique,top_no_cert_unique,6,0.002505086858886317,-0.0066467184251772955,0.011287844285823898
breast_cancer,brier,random_subspace_unique,random_subspace,6,0.004739248253545332,-0.001464858333529398,0.013346616353090895
breast_cancer,brier,top_no_cert_unique,top_no_cert,6,0.0,-0.0,-0.0
diabetes,normalized_squared_loss,coerror_no_cert,top_no_cert,6,0.09796932135624291,-0.033302200271653426,0.24032613808935277
diabetes,normalized_squared_loss,coerror_no_cert_unique,caruana,6,-0.12320545178022163,-0.16571239577740482,-0.08169519558377802
diabetes,normalized_squared_loss,coerror_no_cert_unique,coerror_no_cert,6,-0.12319235637477131,-0.16571239577740482,-0.08161662315107632
diabetes,normalized_squared_loss,coerror_no_cert_unique,top_no_cert_unique,6,-0.000763227763442953,-0.006364534033234448,0.0017781301924353343
diabetes,normalized_squared_loss,random_subspace_unique,random_subspace,6,0.0009900965913916908,-0.07937559022409091,0.10522570551207755
diabetes,normalized_squared_loss,top_no_cert_unique,top_no_cert,6,-0.024459807255085453,-0.18289382480766092,0.13507018729379727
diabetes,rmse,coerror_no_cert,top_no_cert,6,4.375338833139055,-1.800796990945436,10.707057939467148
diabetes,rmse,coerror_no_cert_unique,caruana,6,-5.901067934599573,-8.000888621355067,-3.6062495839262425
diabetes,rmse,coerror_no_cert_unique,coerror_no_cert,6,-5.900472773244222,-8.000888621355067,-3.6026786157941473
diabetes,rmse,coerror_no_cert_unique,top_no_cert_unique,6,-0.033212200677484795,-0.288614385529236,0.08900556794600334
diabetes,rmse,random_subspace_unique,random_subspace,6,-0.03813553470713652,-3.842696467489006,4.580776319969061
diabetes,rmse,top_no_cert_unique,top_no_cert,6,-1.4919217394276825,-9.332010609077003,5.792424768884892
wine,brier,coerror_no_cert,top_no_cert,6,0.021994087198068512,-0.007367934205332313,0.07144272270395899
wine,brier,coerror_no_cert_unique,caruana,6,-0.0016608347229691196,-0.0159218318166421,0.013118139005589002
wine,brier,coerror_no_cert_unique,coerror_no_cert,6,-0.00238069833395455,-0.0159218318166421,0.0016376418129148002
wine,brier,coerror_no_cert_unique,top_no_cert_unique,6,0.007540489965515813,-0.012348752587555509,0.02461955083683709
wine,brier,random_subspace_unique,random_subspace,6,0.030918565352363564,-0.02456041734690631,0.1236754704305458
wine,brier,top_no_cert_unique,top_no_cert,6,0.012072898898598151,-0.003584767775011502,0.0468231718671219
wine,log_loss,coerror_no_cert,top_no_cert,6,0.016797331558101206,-0.02271132282512059,0.10692054909896032
wine,log_loss,coerror_no_cert_unique,caruana,6,-0.011412879297609896,-0.0359588294217319,0.009526564329239817
wine,log_loss,coerror_no_cert_unique,coerror_no_cert,6,-0.006092738705793729,-0.0359588294217319,-0.0
wine,log_loss,coerror_no_cert_unique,top_no_cert_unique,6,-4.997150850037194e-05,-0.03353066988974859,0.028890224905670392
wine,log_loss,random_subspace_unique,random_subspace,6,0.0455985165071863,-0.04922187052814597,0.172677064773479
wine,log_loss,top_no_cert_unique,top_no_cert,6,0.01075456436080785,-0.01626275433588248,0.08714378553556318
