dataset,task,method,B,auprc,auroc,auroc_macro_ovr,balanced_accuracy,brier,certification_rate,certified_count,coefficient_count,cpu_seconds,ece_10,feature_coverage,inference_batch_rows,inference_batch_seconds,inference_rows_per_second,leaves,log_loss,mae,max_abs_residual_correlation,mean_abs_residual_correlation,mean_feature_jaccard,mean_residual_correlation,mean_selected_quality,model_bytes,mse,nodes,normalized_squared_loss,observed_peak_rss_bytes,oof_squared_loss,r2,requested_K,residual_effective_rank,retained_count,rmse,train_cpu_seconds,train_wall_seconds,wall_seconds,completed_splits,expected_splits
breast_cancer,binary,caruana,100.0,0.9889364660970754,0.9855460494056777,,0.9366907326310806,0.04272559084624422,0.9983333333333334,99.83333333333333,,,0.04998629224555976,13.5,256.0,0.01631724295051145,16077.720594761717,45.166666666666664,0.1532634473904322,,0.7826476166172288,0.5162221142872964,0.07571428571428568,0.5162221142872964,0.9567734190869435,38292.833333333336,,84.0,0.18277385279375488,,0.033684145165305955,,8.0,2.5356721789771064,6.333333333333333,,2.7923509999999996,3.2645945553279794,,6,6
breast_cancer,binary,coerror_no_cert,100.0,0.9921178759091617,0.9875514994730287,,0.9364638813271787,0.04262536678649185,0.9983333333333334,99.83333333333333,,,0.051640170665445885,14.833333333333334,256.0,0.024635832989588335,10611.071071388074,57.666666666666664,0.15173410297592457,,0.8643566489932825,0.5295639090301372,0.0976190476190476,0.5295639090301372,0.9576578858493753,47886.333333333336,,107.33333333333333,0.18234301260923302,,0.033967760872214516,,8.0,2.6574122576869246,8.0,,2.7969521666666677,3.272533269948326,,6,6
breast_cancer,binary,coerror_no_cert_unique,100.0,0.9921178759091617,0.9875514994730287,,0.9364638813271787,0.04262536678649185,0.9983333333333334,99.83333333333333,,,0.051640170665445885,14.833333333333334,256.0,0.020640271133743185,12509.654260892707,57.666666666666664,0.15173410297592457,,0.8643566489932825,0.5295639090301372,0.0976190476190476,0.5295639090301372,0.9576578858493753,47886.333333333336,,107.33333333333333,0.18234301260923302,,0.033967760872214516,,8.0,2.6574122576869246,8.0,,2.796641166666666,3.2715083399865157,,6,6
breast_cancer,binary,linear,,0.9967543497563799,0.9951803256513873,,0.9776186530950408,0.0188157044958986,,,31.0,0.011241499999998449,0.02926789820334175,,256.0,0.002526388852857,102799.52483751644,,0.07372760282278427,,,,,,,5290.0,,,0.08049746849688165,178632021.33333334,,,,,1.0,,0.011241499999998449,0.012545270612463315,0.012545270612463315,6,6
breast_cancer,binary,random_forest,,0.9902375358485208,0.9893364388008724,,0.9534668797096305,0.03276278556781942,,,,0.46722050000000026,0.04608959827230109,,256.0,0.024211645824834666,10616.669025515615,4064.1666666666665,0.1405785995948584,,,,,,,732677.6666666666,,7872.333333333333,0.14012967973477455,178369877.33333334,,,,,256.0,,0.46722050000000026,0.5408671253826469,0.5408671253826469,6,6
breast_cancer,binary,random_subspace,100.0,0.9890259119236989,0.9837797090667252,,0.9296317118396655,0.05357821949291308,0.9983333333333334,99.83333333333333,,,0.09348732445208104,18.833333333333332,256.0,0.0224058403788755,11763.412427195122,59.333333333333336,0.20607998766518595,,0.7816639690610204,0.5159192260341399,0.04761904761904758,0.5159192260341399,0.9137834652015835,48212.166666666664,,110.66666666666667,0.22919663415048597,,0.051244728209676245,,8.0,2.6126147446310646,8.0,,0.050171833333334644,0.06263635439487791,,6,6
breast_cancer,binary,random_subspace_unique,100.0,0.9908576516756065,0.9859767850802292,,0.9268670848621138,0.04883897123936775,0.9983333333333334,99.83333333333333,,,0.08759434548134692,19.0,256.0,0.021546909779620618,12067.28629870915,59.166666666666664,0.1871838286883356,,0.7872902356749739,0.5241176462039017,0.044047619047619,0.5241176462039017,0.9235970924804843,48181.166666666664,,110.33333333333333,0.20891703494290162,,0.047756671822368285,,8.0,2.6424205143056576,8.0,,2.798565500000001,3.280507041141391,,6,6
breast_cancer,binary,top_no_cert,100.0,0.9833866655901299,0.9805536299026653,,0.9270465932852013,0.04513045364537816,0.9983333333333334,99.83333333333333,,,0.033713906731457154,14.833333333333334,256.0,0.023463541719441566,11046.664001372092,56.666666666666664,0.1558657725342347,,0.9148407226676171,0.7089451857412988,0.12142857142857139,0.7089451857412988,0.9655404549568304,47718.0,,105.33333333333333,0.19307961208499028,,0.041902056092918104,,8.0,1.7511099395435685,8.0,,2.795568,3.271843367799496,,6,6
breast_cancer,binary,top_no_cert_unique,100.0,0.9833866655901299,0.9805536299026653,,0.9270465932852013,0.04513045364537816,0.9983333333333334,99.83333333333333,,,0.033713906731457154,14.833333333333334,256.0,0.02480318750410025,10398.035112928039,56.666666666666664,0.1558657725342347,,0.9148407226676171,0.7089451857412988,0.12142857142857139,0.7089451857412988,0.9655404549568304,47718.0,,105.33333333333333,0.19307961208499028,,0.041902056092918104,,8.0,1.7511099395435685,8.0,,2.796756166666668,3.272182993319196,,6,6
diabetes,regression,caruana,100.0,,,,,,0.40166666666666667,40.166666666666664,,,,3.3333333333333335,256.0,0.0095287082949653,29928.566550487885,26.5,,50.5166951360734,0.7479589191689473,0.7000419400152005,0.0,0.7000419400152005,0.22431930834573963,17998.333333333332,3621.2784564863937,49.666666666666664,0.60560586020272,,3525.306070131055,0.38155773726508296,8.0,1.536685514732273,3.3333333333333335,60.07732439218833,2.296782000000004,2.713653673340256,,6,6
diabetes,regression,coerror_no_cert,100.0,,,,,,0.40166666666666667,40.166666666666664,,,,3.1666666666666665,256.0,0.021656249766238003,12205.405444402544,64.0,,50.378156272361146,1.0,0.7770469247141141,0.31547619047619047,0.7770469247141141,0.2594315188789453,40448.333333333336,3621.35096465274,120.0,0.6056189556081704,,3524.5494454515588,0.3815446190562944,8.0,1.4996957958066384,8.0,60.07791955354367,2.316647499999996,2.7442477008638284,,6,6
diabetes,regression,coerror_no_cert_unique,100.0,,,,,,0.40166666666666667,40.166666666666664,,,,8.0,256.0,0.0224703610874712,11658.882984000176,58.666666666666664,,56.51503156028489,0.9283398989380617,0.7853450295529208,0.0,0.7853450295529208,0.11305166881187075,39680.833333333336,4368.9834236617,109.33333333333333,0.7288113119829417,,4284.836521425325,0.25508698688580594,8.0,1.466261185718615,8.0,65.9783923267879,2.3149861666666625,2.7351677775150165,,6,6
diabetes,regression,linear,,,,,,,,,11.0,0.00643950000000135,,,256.0,0.0024514376418664665,107120.16744303085,,,44.460017740117394,,,,,,3090.0,3029.3605480222564,,0.5098088073586406,175737514.66666666,,0.47973016281153164,,,1.0,54.973879698721426,0.00643950000000135,0.007229520939290483,0.007229520939290483,6,6
diabetes,regression,random_forest,,,,,,,,,,0.5270063333333326,,,256.0,0.03516958987650768,7314.644032607211,46600.166666666664,,47.482477385309416,,,,,,6775083.0,3382.9645013440404,92944.33333333333,0.5697495451019399,175756629.33333334,,0.4183755363425297,,,256.0,58.10449230580269,0.5270063333333326,0.604542291451556,0.604542291451556,6,6
diabetes,regression,random_subspace,100.0,,,,,,0.40166666666666667,40.166666666666664,,,,6.666666666666667,256.0,0.026245958676251235,10384.164164820006,57.833333333333336,,57.84668251915296,0.9883696357538958,0.811469765793939,0.05357142857142855,0.811469765793939,0.08785163750221686,39560.833333333336,4573.980821324095,107.66666666666667,0.7631820135231228,,4532.786276524945,0.22033302454717762,8.0,1.3869256030386692,8.0,67.49795061954354,0.041172833333339015,0.04774560383521017,,6,6
diabetes,regression,random_subspace_unique,100.0,,,,,,0.40166666666666667,40.166666666666664,,,,8.0,256.0,0.022207049032052315,11758.95468562266,57.833333333333336,,57.853942838725686,0.930295352635785,0.8010698060136887,0.0,0.8010698060136887,0.08565612435565935,39560.333333333336,4596.568744848367,107.66666666666667,0.762191916931731,,4486.810035633923,0.2210383076372123,8.0,1.4180723145369025,8.0,67.5360861542507,2.3146341666666657,2.7382393191801384,,6,6
diabetes,regression,top_no_cert,100.0,,,,,,0.40166666666666667,40.166666666666664,,,,1.1666666666666667,256.0,0.022185951510133816,11618.01991269789,64.0,,52.804957131644024,1.0,0.9721315306570709,0.9107142857142857,0.9721315306570709,0.2919517764205411,40448.333333333336,4166.056122846162,120.0,0.7035882769644132,,4101.498105591337,0.28239254969787403,8.0,1.0572875515243811,8.0,64.45325838668273,2.3149855000000024,2.7400697705258303,,6,6
diabetes,regression,top_no_cert_unique,100.0,,,,,,0.40166666666666667,40.166666666666664,,,,8.0,256.0,0.01947658318871005,13168.58109630472,55.666666666666664,,56.53091461241308,0.9393683265118243,0.7913352976819236,0.0,0.7913352976819236,0.11726418862918297,39248.833333333336,4365.012559119271,103.33333333333333,0.7280480842194987,,4294.188876527996,0.2559127984047133,8.0,1.446543909812311,8.0,65.94518012611042,2.3165481666666743,2.7424526457519582,,6,6
wine,multiclass,caruana,100.0,,,0.9978618759630024,0.9564110305958132,0.10870773345539082,1.0,100.0,,,,7.333333333333333,118.66666666666667,0.018082326122869998,6729.835622331205,39.0,0.2254132981976444,,0.7008633370525471,0.3434090950536683,0.1354497354497354,0.3434090950536683,0.9329853948677845,24620.166666666668,,71.5,0.16509027313929822,,0.09664807169052504,,8.0,3.624397312532676,6.5,,2.685653666666665,3.2277829858940095,,6,6
wine,multiclass,coerror_no_cert,100.0,,,0.9973646446061394,0.9561795491143318,0.1079878698444054,1.0,100.0,,,,8.0,118.66666666666667,0.02083617367316032,5802.772371139096,47.5,0.2307334387894606,,0.8934716212729034,0.35458890307931085,0.1448412698412698,0.35458890307931085,0.9324837704852023,29724.333333333332,,87.0,0.16399949898170924,,0.09791681580329799,,8.0,3.8824263664933656,8.0,,2.6719070000000045,3.1966629582457244,,6,6
wine,multiclass,coerror_no_cert_unique,100.0,,,0.9970536189231402,0.9483091787439614,0.11036856817835995,1.0,100.0,,,,8.166666666666666,118.66666666666667,0.023227687304218567,5135.847160428285,47.166666666666664,0.23682617749525434,,0.8471737140387172,0.34861731952664954,0.13690476190476186,0.34861731952664954,0.9317300455220318,29665.833333333332,,86.33333333333333,0.16761994364325306,,0.09822003009730462,,8.0,3.9214332481509615,8.0,,2.6747626666666675,3.2043969026223444,,6,6
wine,multiclass,linear,,,,0.999038320248753,0.9755938003220611,0.03825588141964823,,,42.0,0.010083833333333984,,,118.66666666666667,0.0026021253628034998,46609.734736841456,,0.07922789460308981,,,,,,,4058.0,,,0.058120219312405665,170543786.66666666,,,,,1.0,,0.010083833333333984,0.011437298846431033,0.011437298846431033,6,6
wine,multiclass,random_forest,,,,0.9991788613609196,0.9728462157809984,0.06481141630988109,,,,0.34927416666666505,,,118.66666666666667,0.0237912361044436,5069.15656048154,2288.8333333333335,0.15195444479632111,,,,,,,488421.6666666667,,4321.666666666667,0.09841540204784105,171767125.33333334,,,,,256.0,,0.34927416666666505,0.410179222196651,0.410179222196651,6,6
wine,multiclass,random_subspace,100.0,,,0.9839042845282663,0.917914653784219,0.23496138964904678,1.0,100.0,,,,9.833333333333334,118.66666666666667,0.023292034825620502,5198.14379679441,55.833333333333336,0.45704818519957674,,0.8210917683149273,0.4869478021380123,0.09920634920634917,0.4869478021380123,0.8357169187464503,31238.166666666668,,103.66666666666667,0.3568411842778061,,0.2380558561017104,,8.0,2.6881399405063604,8.0,,0.04416000000000032,0.05013263912405813,,6,6
wine,multiclass,random_subspace_unique,100.0,,,0.99123818936663,0.9458937198067633,0.20404282429668322,1.0,100.0,,,,10.0,118.66666666666667,0.023688645800575548,5137.157419100941,54.5,0.41144966869239047,,0.8510132221850161,0.45077469929717046,0.08730158730158727,0.45077469929717046,0.8424560060110776,31034.0,,101.0,0.30991690529569,,0.2119419811980415,,8.0,2.936586493626335,8.0,,2.67422166666667,3.2023584509734064,,6,6
wine,multiclass,top_no_cert,100.0,,,0.9902381185221448,0.9073766844647851,0.12998195704247392,1.0,100.0,,,,5.833333333333333,118.66666666666667,0.0214612430427223,5572.598879303954,46.5,0.24753077034756177,,0.9999999999999999,0.49455626466507957,0.3055555555555555,0.49455626466507957,0.9410137586051329,29534.166666666668,,85.0,0.19741772749543163,,0.11788876007425986,,8.0,2.597621752547212,8.0,,2.6710496666666614,3.1970019859339422,,6,6
wine,multiclass,top_no_cert_unique,100.0,,,0.9941329222230911,0.9183018688024408,0.11790905814387576,1.0,100.0,,,,7.166666666666667,118.66666666666667,0.023508514200026767,5100.942812199945,46.5,0.23677620598675395,,0.9091055120457882,0.44190186163109607,0.23412698412698407,0.44190186163109607,0.9386586351780696,29579.0,,85.0,0.17907334608134085,,0.1122455234659958,,8.0,3.0994699466745055,8.0,,2.6749646666666664,3.206820305242824,,6,6
