dataset,task,method,B,aggregation_scalar_parameters,auprc,auroc,balanced_accuracy,brier,certification_rate,certified_count,cpu_seconds,ece_10,feature_coverage,inference_batch_rows,inference_batch_seconds,inference_rows_per_second,leaves,log_loss,mae,max_abs_residual_correlation,mean_abs_residual_correlation,mean_feature_jaccard,mean_residual_correlation,mean_selected_quality,model_bytes,mse,nodes,normalized_squared_loss,observed_peak_rss_bytes,oof_calibrated_squared_loss,oof_squared_loss,r2,requested_K,residual_effective_rank,retained_count,rmse,train_cpu_seconds,train_wall_seconds,wall_seconds,completed_splits,expected_splits
additive_binary,binary,coerror,300.0,,0.7130059156702293,0.710320874786544,0.6567483436075051,0.2241977679314374,0.44555555555555554,133.66666666666666,,0.10023565309798001,21.166666666666668,256.0,0.024606881818423618,10515.739681415414,62.5,0.6401375045485508,,0.9317890145409304,0.8224459677219054,0.07845804988662125,0.8224459677219054,0.6269513824820394,49428.166666666664,,117.0,0.8971476471590524,,,0.21004896399969256,,8.0,1.3949462111809972,8.0,,8.695238666666665,9.995119617631039,,6,6
additive_binary,binary,coerror_no_cert,300.0,,0.7130059156702293,0.710320874786544,0.6567483436075051,0.2241977679314374,0.44555555555555554,133.66666666666666,,0.10023565309798001,21.166666666666668,256.0,0.021684652854067534,12019.68890682604,62.5,0.6401375045485508,,0.9317890145409304,0.8224459677219054,0.07845804988662125,0.8224459677219054,0.6269513824820394,49428.166666666664,,117.0,0.8971476471590524,,,0.21004896399969256,,8.0,1.3949462111809972,8.0,,8.696154999999997,10.008932409303574,,6,6
additive_binary,binary,random_forest,,,0.8014862079113262,0.8093518473297431,0.730293516316811,0.2023161188761393,,,0.6280944999999992,0.13680664062499998,,256.0,0.02877818727089705,8937.628417198483,14572.666666666666,0.5940825158252988,,,,,,,2413525.6666666665,,28889.333333333332,0.8095771134876908,177116501.33333334,,,,,,256.0,,0.6280944999999992,0.7141120346107831,0.7141120346107831,6,6
additive_binary,binary,random_subspace,300.0,,0.6700763813344679,0.6744480289585378,0.6263759216411455,0.23371771715366563,0.44555555555555554,133.66666666666666,,0.07662035948142575,23.833333333333332,256.0,0.021738993236795,11811.746568196491,59.166666666666664,0.6601193781478605,,0.9057554686861334,0.8591227668083654,0.05430839002267568,0.8591227668083654,0.5512154612007519,48900.5,,110.33333333333333,0.9352370575419253,,,0.23744971930894043,,8.0,1.2962905694796654,8.0,,0.05336866666666806,0.07497960414427017,,6,6
additive_binary,binary,shrinkage_no_cert,300.0,,0.7085962140123403,0.7062171814625525,0.6589253028708421,0.2249508748983251,0.44555555555555554,133.66666666666666,,0.09610643678349712,20.666666666666668,256.0,0.023458999814465614,10963.72679208284,62.5,0.6417646186993111,,0.9317890145409304,0.8248260029132024,0.08582766439909291,0.8248260029132024,0.6286368108747848,49430.833333333336,,117.0,0.9001627132093972,,,0.21009060702432572,,8.0,1.3885789574388558,8.0,,8.697054,10.00246113864705,,6,6
additive_binary,binary,top_no_cert,300.0,,0.6780218431753421,0.6756243111695475,0.6112096078683114,0.22969380792064695,0.44555555555555554,133.66666666666666,,0.07474597139527558,18.166666666666668,256.0,0.022301791817881115,11585.536348146927,62.166666666666664,0.6515238188881116,,0.9647227181390284,0.8550753024953894,0.15878684807256233,0.8550753024953894,0.6366563115347307,49369.666666666664,,116.33333333333333,0.9191412694374465,,,0.21578323059852225,,8.0,1.3063253040664746,8.0,,8.697328,10.009520229185,,6,6
additive_binary,binary,top_quality,300.0,,0.6780218431753421,0.6756243111695475,0.6112096078683114,0.22969380792064695,0.44555555555555554,133.66666666666666,,0.07474597139527558,18.166666666666668,256.0,0.025530979076089918,10100.247274222083,62.166666666666664,0.6515238188881116,,0.9647227181390284,0.8550753024953894,0.15878684807256233,0.8550753024953894,0.6366563115347307,49369.666666666664,,116.33333333333333,0.9191412694374465,,,0.21578323059852225,,8.0,1.3063253040664746,8.0,,8.693998333333331,9.992419485623637,,6,6
additive_regression,regression,affine_profiled,300.0,2.0,,,,,0.0,0.0,,,24.666666666666668,256.0,0.02127369431157902,12055.615631055998,61.666666666666664,,1.044748795997805,0.8712960674868028,0.8148830512658534,0.038548752834467064,0.8148830512658534,-0.0004611362109811501,47943.333333333336,1.7568975770238018,115.33333333333333,0.8964446030945129,,1.3961681790419336,1.6341739925013872,0.09348572679180762,8.0,1.4161262885833494,8.0,1.3232919058048322,7.420518333333341,8.286635048260601,,6,6
additive_regression,regression,coerror_no_cert,300.0,,,,,,0.0,0.0,,,20.833333333333332,256.0,0.02248977062602832,11527.20875288039,63.333333333333336,,1.0525053189069495,0.8843836584232246,0.8065011164479784,0.08049886621315189,0.8065011164479784,0.008704591124085732,47945.666666666664,1.7658719372305025,118.66666666666667,0.9027015698685101,,,1.6048507608380553,0.0869594836522552,8.0,1.4409729399654785,8.0,1.3276515676172913,7.419327833333334,8.28270140918903,,6,6
additive_regression,regression,coerror_no_cert_affine,300.0,2.0,,,,,0.0,0.0,,,20.833333333333332,256.0,0.02318037479805443,11296.900042008832,63.333333333333336,,1.0494986146580498,0.8843836584232246,0.8065011164479784,0.08049886621315189,0.8065011164479784,0.008704591124085732,48183.333333333336,1.7475692032648018,118.66666666666667,0.8939048265993724,,1.4661773978179482,1.6048507608380553,0.09594265094695,8.0,1.4409729399654785,8.0,1.3207609020660047,7.421142500000005,8.29009275654486,,6,6
additive_regression,regression,random_forest,,,,,,,,,1.8556538333333303,,,256.0,0.036301770868400696,7076.970526844533,64791.833333333336,,0.9852420992795713,,,,,,9395403.0,1.5339796422238237,129327.66666666667,0.783833805872086,167449941.33333334,,,0.2074158657772115,,,256.0,1.2371138283571883,1.8556538333333303,2.0648446874693036,2.0648446874693036,6,6
additive_regression,regression,random_subspace,300.0,,,,,,0.0,0.0,,,23.833333333333332,256.0,0.021530985871019398,12010.254477136024,57.666666666666664,,1.0712393480599032,0.9142278788082585,0.859345569080639,0.05430839002267568,0.859345569080639,-0.0879319274708521,47129.833333333336,1.8407622689757357,107.33333333333333,0.9413405172789618,,,1.858751002208556,0.047959267182656466,8.0,1.296009056151759,8.0,1.355656787585661,0.048540500000003754,0.059867305875134925,,6,6
additive_regression,regression,shrinkage_no_cert,300.0,,,,,,0.0,0.0,,,20.0,256.0,0.021864819650848664,11897.804473522634,62.666666666666664,,1.0526544475288693,0.8945802548511814,0.8111804195333453,0.0863378684807256,0.8111804195333453,0.013328091193078267,47849.5,1.7651771015028224,117.33333333333333,0.9023856005536608,,,1.60520723339303,0.08725369500985651,8.0,1.4270428537466922,8.0,1.3274328566222422,7.419798166666681,8.281271381963355,,6,6
additive_regression,regression,top_no_cert,300.0,,,,,,0.0,0.0,,,20.166666666666668,256.0,0.02223185430436082,11559.720035232154,61.833333333333336,,1.069721720821233,0.9300058740119695,0.8419831702463879,0.103344671201814,0.8419831702463879,0.025668618147030964,47729.5,1.8190252860583238,115.66666666666667,0.93006269808139,,,1.6371822339933402,0.05921024596309208,8.0,1.3409191011315003,8.0,1.3475949309619857,7.4184743333333385,8.286984882356288,,6,6
null_binary,binary,coerror,300.0,,0.5212157406335501,0.5132701431288159,0.5069298368531678,0.25493077868836433,0.05933333333333333,17.8,,0.061660112784729514,21.4,256.0,0.023399758385494303,11118.382017069585,58.8,0.7044664449085221,,0.9443932245848495,0.8921197216136145,0.07979591836734688,0.8921197216136145,0.5663153914773296,48837.6,,109.6,1.020090576394476,,,0.23459851296159698,,8.0,1.2185875083623783,8.0,,8.637462999999991,9.552491258410736,,5,6
null_binary,binary,coerror_no_cert,300.0,,0.5440287301525978,0.532164082674407,0.5182536783104794,0.2514189320745264,0.053333333333333316,16.0,,0.0583479687276054,21.833333333333332,256.0,0.022375430329702736,11517.434949099168,59.333333333333336,0.6962577202834191,,0.941227101723697,0.882669316546934,0.06632653061224483,0.882669316546934,0.5611429090869282,48927.166666666664,,110.66666666666667,1.0061293701883993,,,0.23311014226947022,,8.0,1.2406782043474405,8.0,,8.631545666666659,9.547832687268965,,6,6
null_binary,binary,random_forest,,,0.5171798097948868,0.49964306125512964,0.49598113301971775,0.2552936045328776,,,0.6684248333333235,0.06466796874999993,,256.0,0.028583173872902965,8981.223912613736,16060.0,0.7040774021084323,,,,,,,2651499.0,,31864.0,1.0216259563823913,178074965.33333334,,,,,,256.0,,0.6684248333333235,0.7612282986907909,0.7612282986907909,6,6
null_binary,binary,random_subspace,300.0,,0.5345045332108046,0.5432448170019685,0.5413380375671438,0.24974215956916312,0.053333333333333316,16.0,,0.060756209423390446,23.833333333333332,256.0,0.02328899335892245,11042.09158198818,57.0,0.6928117504161563,,0.932671720240144,0.9004772454069639,0.05430839002267568,0.9004772454069639,0.50640731731475,48553.833333333336,,106.0,0.9994170408975301,,,0.25328456749531364,,8.0,1.1988824060146233,8.0,,0.05173583333331535,0.06157597942122565,,6,6
null_binary,binary,shrinkage_no_cert,300.0,,0.5360026729640541,0.526735913989257,0.512477896773763,0.2518793791327079,0.053333333333333316,16.0,,0.053569128247411106,20.666666666666668,256.0,0.025210263828436483,10480.320528082537,59.0,0.6973112503299458,,0.9418220346772621,0.8880250631859316,0.07993197278911558,0.8880250631859316,0.5614512759400127,48870.666666666664,,110.0,1.0079682560741143,,,0.23320707812298933,,8.0,1.228199819505216,8.0,,8.630846666666665,9.533335728726039,,6,6
null_binary,binary,top_no_cert,300.0,,0.5331142744391245,0.5182316276315351,0.5166877689920929,0.2572296996369174,0.053333333333333316,16.0,,0.0725477519315426,18.833333333333332,256.0,0.022275104303844235,11567.492548001808,60.333333333333336,0.7106654487736059,,0.9583756320285478,0.9021524555216726,0.13407029478458046,0.9021524555216726,0.5722488496156958,49081.166666666664,,112.66666666666667,1.0293797768190691,,,0.2378858315124137,,8.0,1.1946228308553508,8.0,,8.630358666666675,9.536766992959505,,6,6
null_binary,binary,top_quality,300.0,,0.5270945584800381,0.5183611430287258,0.518621359223301,0.2567009167959623,0.05933333333333333,17.8,,0.06727390681890058,19.0,256.0,0.02292635836638506,11396.622767827204,59.4,0.7097125597236418,,0.9569227859776482,0.9016118741389594,0.12789115646258503,0.9016118741389594,0.5720925541112001,48933.6,,110.8,1.0271736981967712,,,0.23824961762973298,,8.0,1.1959362323194882,8.0,,8.636037600000003,9.550300842057913,,5,6
null_regression,regression,affine_profiled,300.0,2.0,,,,,0.0,0.0,,,22.833333333333332,256.0,0.023222381714731382,11200.263382239047,58.333333333333336,,0.8192287517665231,0.9172469813419829,0.8808886427587738,0.05782312925170063,0.8808886427587738,-0.0496694970672981,47463.166666666664,1.0448218183234645,108.66666666666667,1.0409678561069147,,0.922755071305403,0.9403815383908857,-0.05281350410667318,8.0,1.2445830633171464,8.0,1.0205162229798017,7.438553666666659,8.264942215328725,,6,6
null_regression,regression,coerror_no_cert,300.0,,,,,,0.0,0.0,,,21.833333333333332,256.0,0.024037173405910484,10699.778108346103,57.666666666666664,,0.8085348170548534,0.9431267893487675,0.8805171076145518,0.06893424036281173,0.8805171076145518,-0.047793537033796206,47124.166666666664,1.0117485488083098,107.33333333333333,1.008803509933166,,,0.9383432795881849,-0.02032112496198295,8.0,1.2454228602493709,8.0,1.0044712757362744,7.438421166666676,8.267648834036663,,6,6
null_regression,regression,coerror_no_cert_affine,300.0,2.0,,,,,0.0,0.0,,,21.833333333333332,256.0,0.022517125005833766,11463.167939730089,57.666666666666664,,0.8168984069198003,0.9431267893487675,0.8805171076145518,0.06893424036281173,0.8805171076145518,-0.047793537033796206,47367.166666666664,1.0356349537666987,107.33333333333333,1.0321821480582585,,0.9264345093720485,0.9383432795881849,-0.043982894277643785,8.0,1.2454228602493709,8.0,1.0161065343854048,7.439809666666676,8.2753592991891,,6,6
null_regression,regression,random_forest,,,,,,,,,2.0791211666666576,,,256.0,0.0348427151329815,7354.32298748047,64791.833333333336,,0.8213497399730744,,,,,,9395403.0,1.0402620710384227,129327.66666666667,1.0375896012110088,178443605.33333334,,,-0.049378702383953,,,256.0,1.0186091089509393,2.0791211666666576,2.3113906316381567,2.3113906316381567,6,6
null_regression,regression,random_subspace,300.0,,,,,,0.0,0.0,,,23.833333333333332,256.0,0.02197352063376452,11761.110610906491,55.666666666666664,,0.807443575239389,0.9283912500596304,0.8957481225284308,0.05430839002267568,0.8957481225284308,-0.12457109979379179,46841.833333333336,1.004317478280828,103.33333333333333,1.0023817349027955,,,1.0219746929536657,-0.013789077212581416,8.0,1.2097898030622927,8.0,1.001033270797225,0.048456999999989564,0.05603781307581809,,6,6
null_regression,regression,shrinkage_no_cert,300.0,,,,,,0.0,0.0,,,21.333333333333332,256.0,0.022659416814955535,11403.713779258227,57.666666666666664,,0.8099343843142535,0.9373647728052604,0.8829134156117261,0.07018140589569155,0.8829134156117261,-0.04547758464310452,47124.166666666664,1.0132767781833087,107.33333333333333,1.0102203198847504,,,0.9385583914405907,-0.021774290473155284,8.0,1.2395166731945062,8.0,1.0051961387548223,7.43773116666667,8.26681403509186,,6,6
null_regression,regression,top_no_cert,300.0,,,,,,0.0,0.0,,,19.666666666666668,256.0,0.02153339574579145,11951.62204331576,57.333333333333336,,0.8102190618693587,0.9653937459021441,0.9084507658366395,0.10187074829931968,0.9084507658366395,-0.03573879693280938,47076.166666666664,1.0177355066023097,106.66666666666667,1.0144776869466277,,,0.9531211938934545,-0.02603712899393593,8.0,1.1806403079788994,8.0,1.0073805380082175,7.43665766666668,8.267285459054014,,6,6
