dataset,method,status,count
breast_cancer,abs_correlation,complete,6
breast_cancer,affine_profiled,not_applicable,6
breast_cancer,caruana,complete,6
breast_cancer,catboost,complete,6
breast_cancer,certified_random,complete,6
breast_cancer,coerror,complete,6
breast_cancer,coerror_greedy,complete,6
breast_cancer,coerror_no_cert,complete,6
breast_cancer,coerror_no_cert_affine,not_applicable,6
breast_cancer,covariance_only,complete,6
breast_cancer,direct_auroc,complete,6
breast_cancer,direct_squared,complete,6
breast_cancer,et_shallow,complete,6
breast_cancer,extra_trees,complete,6
breast_cancer,lightgbm,complete,6
breast_cancer,linear,complete,6
breast_cancer,minimax,complete,6
breast_cancer,prediction_correlation,complete,6
breast_cancer,quality_diversity,complete,6
breast_cancer,random_forest,complete,6
breast_cancer,random_patches,complete,6
breast_cancer,random_subspace,complete,6
breast_cancer,rf_shallow,complete,6
breast_cancer,shrinkage,complete,6
breast_cancer,signed_correlation,complete,6
breast_cancer,top_no_cert,complete,6
breast_cancer,top_quality,complete,6
breast_cancer,xgboost,complete,6
diabetes,abs_correlation,complete,6
diabetes,affine_profiled,complete,6
diabetes,caruana,complete,6
diabetes,catboost,complete,6
diabetes,certified_random,complete,6
diabetes,coerror,complete,6
diabetes,coerror_greedy,complete,6
diabetes,coerror_no_cert,complete,6
diabetes,coerror_no_cert_affine,complete,6
diabetes,covariance_only,complete,6
diabetes,direct_auroc,not_applicable,6
diabetes,direct_squared,complete,6
diabetes,et_shallow,complete,6
diabetes,extra_trees,complete,6
diabetes,lightgbm,complete,6
diabetes,linear,complete,6
diabetes,minimax,complete,6
diabetes,prediction_correlation,complete,6
diabetes,quality_diversity,complete,6
diabetes,random_forest,complete,6
diabetes,random_patches,complete,6
diabetes,random_subspace,complete,6
diabetes,rf_shallow,complete,6
diabetes,shrinkage,complete,6
diabetes,signed_correlation,complete,6
diabetes,top_no_cert,complete,6
diabetes,top_quality,complete,6
diabetes,xgboost,complete,6
wine,abs_correlation,complete,6
wine,affine_profiled,not_applicable,6
wine,caruana,complete,6
wine,catboost,complete,6
wine,certified_random,complete,6
wine,coerror,complete,6
wine,coerror_greedy,complete,6
wine,coerror_no_cert,complete,6
wine,coerror_no_cert_affine,not_applicable,6
wine,covariance_only,complete,6
wine,direct_auroc,not_applicable,6
wine,direct_squared,complete,6
wine,et_shallow,complete,6
wine,extra_trees,complete,6
wine,lightgbm,complete,6
wine,linear,complete,6
wine,minimax,complete,6
wine,prediction_correlation,complete,6
wine,quality_diversity,complete,6
wine,random_forest,complete,6
wine,random_patches,complete,6
wine,random_subspace,complete,6
wine,rf_shallow,complete,6
wine,shrinkage,complete,6
wine,signed_correlation,complete,6
wine,top_no_cert,complete,6
wine,top_quality,complete,6
wine,xgboost,complete,6
