dataset,seed,fold,method,fit_scope,intercept,oof_covariance,oof_variance,slope
additive_regression,11,0,affine_profiled,outer-training OOF aggregate only,-0.15039223690978734,0.1507904876036445,0.057003548577660317,2.645282466901355
additive_regression,11,0,coerror_no_cert_affine,outer-training OOF aggregate only,-0.06585973247573351,0.1808099860230707,0.09017340321556368,2.0051365433201638
additive_regression,11,0,random_subspace_affine,outer-training OOF aggregate only,0.0011671379878877425,0.0671619404426245,0.0646093556275449,1.0395079751266139
additive_regression,11,0,top_no_cert_affine,outer-training OOF aggregate only,-0.0920863234576868,0.15860082970916486,0.07868636425099115,2.015607548002411
additive_regression,11,1,affine_profiled,outer-training OOF aggregate only,-0.052348901211685187,0.1751969598876105,0.06361446206243163,2.7540429362692893
additive_regression,11,1,coerror_no_cert_affine,outer-training OOF aggregate only,-0.02686638655664308,0.19923355889688008,0.09184643653893602,2.1692029261518484
additive_regression,11,1,random_subspace_affine,outer-training OOF aggregate only,-0.031101344941299156,0.1002556865577102,0.052493606225456874,1.909864720040724
additive_regression,11,1,top_no_cert_affine,outer-training OOF aggregate only,-0.013301415348069019,0.1841364622314044,0.08590112270901126,2.143586211965632
additive_regression,11,2,affine_profiled,outer-training OOF aggregate only,0.027301395059690717,0.1999593640017847,0.06760439167223593,2.957786603143193
additive_regression,11,2,coerror_no_cert_affine,outer-training OOF aggregate only,0.015216645122228561,0.2407487332862053,0.12235581837385905,1.9676116468004479
additive_regression,11,2,random_subspace_affine,outer-training OOF aggregate only,0.05485556383086465,0.10647697780362642,0.05693970312173273,1.8699953102317162
additive_regression,11,2,top_no_cert_affine,outer-training OOF aggregate only,0.02282651546488871,0.21540086817257134,0.0948360180587161,2.2712981057387878
additive_regression,29,0,affine_profiled,outer-training OOF aggregate only,-0.098846557092585,0.13723636102692768,0.049434585496685474,2.7761203952267226
additive_regression,29,0,coerror_no_cert_affine,outer-training OOF aggregate only,-0.03286386888025479,0.1785876953028449,0.09556367459526754,1.868782213107666
additive_regression,29,0,random_subspace_affine,outer-training OOF aggregate only,-0.024302097638060766,0.07106163710946038,0.051062816563398866,1.3916513402904689
additive_regression,29,0,top_no_cert_affine,outer-training OOF aggregate only,-0.003590501841534123,0.1708795171758177,0.16582372791623395,1.0304889373982575
additive_regression,29,1,affine_profiled,outer-training OOF aggregate only,-0.10254737394017005,0.16114045440741873,0.06913656010531918,2.3307560307013455
additive_regression,29,1,coerror_no_cert_affine,outer-training OOF aggregate only,-0.05395417135697517,0.1765213430796522,0.08901471701123223,1.9830579594762745
additive_regression,29,1,random_subspace_affine,outer-training OOF aggregate only,-0.02113151770981965,0.05208160152534434,0.052077473509841106,1.0000792668158616
additive_regression,29,1,top_no_cert_affine,outer-training OOF aggregate only,-0.09850272476165531,0.1574242227582933,0.068904843521248,2.2846612039652743
additive_regression,29,2,affine_profiled,outer-training OOF aggregate only,0.07155610388579628,0.14173135598996495,0.04800956444018563,2.9521483404946496
additive_regression,29,2,coerror_no_cert_affine,outer-training OOF aggregate only,0.039170392129534944,0.16168987464928825,0.06721995589129066,2.405385015586384
additive_regression,29,2,random_subspace_affine,outer-training OOF aggregate only,0.027297954141431678,0.05584612239594538,0.04976996369083629,1.1220848530823389
additive_regression,29,2,top_no_cert_affine,outer-training OOF aggregate only,0.03919507747659134,0.14353641912700824,0.06523520404388183,2.20029079744206
dominant_regression,11,0,affine_profiled,outer-training OOF aggregate only,-0.03985056727055377,0.6113395967369109,0.32929696133012426,1.85649935628782
dominant_regression,11,0,coerror_no_cert_affine,outer-training OOF aggregate only,-0.01790740343014883,1.0348533814045673,0.9652521004871346,1.0721068422252662
dominant_regression,11,0,random_subspace_affine,outer-training OOF aggregate only,-0.0017655666775806753,0.26481247896990245,0.11580344227182537,2.2867409964231307
dominant_regression,11,0,top_no_cert_affine,outer-training OOF aggregate only,-0.018540384662642594,1.1726796315508234,1.2592827147702272,0.9312282442984174
dominant_regression,11,1,affine_profiled,outer-training OOF aggregate only,-0.0371694591654472,0.5627006720235489,0.30903537984102164,1.8208292924681353
dominant_regression,11,1,coerror_no_cert_affine,outer-training OOF aggregate only,-0.018304673198248914,0.923737876943884,0.8728389406401393,1.058314236377235
dominant_regression,11,1,random_subspace_affine,outer-training OOF aggregate only,-0.019284462326084193,0.27044141692719387,0.09580101874307873,2.822949280450447
dominant_regression,11,1,top_no_cert_affine,outer-training OOF aggregate only,-0.007896423496397829,1.0205508016391942,1.0946783790976857,0.932283692750383
dominant_regression,11,2,affine_profiled,outer-training OOF aggregate only,0.054816374069778975,0.5989471078262986,0.3391448743079603,1.7660508921105644
dominant_regression,11,2,coerror_no_cert_affine,outer-training OOF aggregate only,0.012264068963443092,0.9981328053503319,0.9808466560462147,1.0176237021328058
dominant_regression,11,2,random_subspace_affine,outer-training OOF aggregate only,-0.07340532284941391,-0.00019833044530103593,0.0351022747007105,0.0
dominant_regression,11,2,top_no_cert_affine,outer-training OOF aggregate only,0.004693107784684944,1.1215377496146317,1.2564995617944783,0.8925890495440365
dominant_regression,29,0,affine_profiled,outer-training OOF aggregate only,-0.07111233858415691,0.5533565156458152,0.30654594125585866,1.8051340473758093
dominant_regression,29,0,coerror_no_cert_affine,outer-training OOF aggregate only,-0.024143433895459608,0.9437752289196973,0.9267345266848277,1.0183879004657663
dominant_regression,29,0,random_subspace_affine,outer-training OOF aggregate only,-0.10744820655888415,0.13641719644261432,0.04766972246855035,2.861715767961819
dominant_regression,29,0,top_no_cert_affine,outer-training OOF aggregate only,-0.018049577135328572,1.0673396198798293,1.2056287133726569,0.8852971134819989
dominant_regression,29,1,affine_profiled,outer-training OOF aggregate only,-0.12211845149936126,0.5151317411954563,0.2905044882411495,1.7732316093093972
dominant_regression,29,1,coerror_no_cert_affine,outer-training OOF aggregate only,-0.03581879617510006,0.7425937789174035,0.6155905058876131,1.2063112926776962
dominant_regression,29,1,random_subspace_affine,outer-training OOF aggregate only,-0.15114880127143457,0.10868867789085394,0.05525102012419783,1.967179567843897
dominant_regression,29,1,top_no_cert_affine,outer-training OOF aggregate only,-0.03370618051198215,0.7393195689217729,0.6159253753568111,1.2003395192047062
dominant_regression,29,2,affine_profiled,outer-training OOF aggregate only,-0.014023784890758213,0.7022721565240683,0.4633921069828655,1.5155030608884232
dominant_regression,29,2,coerror_no_cert_affine,outer-training OOF aggregate only,-0.026582414051685203,0.9620828756478619,0.8791838829113425,1.094290846713439
dominant_regression,29,2,random_subspace_affine,outer-training OOF aggregate only,-0.01945993164207463,0.09292339644867403,0.04979390079520161,1.8661602116865807
dominant_regression,29,2,top_no_cert_affine,outer-training OOF aggregate only,-0.023324802467599513,1.088875137488967,1.145035718053517,0.950952988034278
mixed_regression,11,0,affine_profiled,outer-training OOF aggregate only,-0.0476609051910661,0.16347645302988276,0.08921202464950301,1.8324486376377007
mixed_regression,11,0,coerror_no_cert_affine,outer-training OOF aggregate only,-0.03187937850220417,0.17895136143373386,0.11792816653367261,1.5174607279477799
mixed_regression,11,0,random_subspace_affine,outer-training OOF aggregate only,0.04402284854641712,0.05153635463896762,0.0657428259244164,0.7839084176000929
mixed_regression,11,0,top_no_cert_affine,outer-training OOF aggregate only,-0.04987103522039944,0.14933259284790024,0.10412602659572043,1.434152418277697
mixed_regression,11,1,affine_profiled,outer-training OOF aggregate only,-0.04555270097155109,0.1602555444449482,0.06573723042154843,2.437820142669366
mixed_regression,11,1,coerror_no_cert_affine,outer-training OOF aggregate only,-0.03680268868776597,0.1828522549983303,0.09441435318606718,1.9366997583299017
mixed_regression,11,1,random_subspace_affine,outer-training OOF aggregate only,-0.014686060171616604,0.09920232187436705,0.06883664070787328,1.4411267147006588
mixed_regression,11,1,top_no_cert_affine,outer-training OOF aggregate only,-0.03366997578877114,0.20464185652584369,0.20478870893012696,0.9992829077098514
mixed_regression,11,2,affine_profiled,outer-training OOF aggregate only,0.03832637328015526,0.14705222853097394,0.05780054727688126,2.544132113949569
mixed_regression,11,2,coerror_no_cert_affine,outer-training OOF aggregate only,0.0403577372872638,0.1958960140728707,0.12257488674643263,1.5981741388683923
mixed_regression,11,2,random_subspace_affine,outer-training OOF aggregate only,-0.0028984428131387597,0.011478894342611774,0.040283308045009035,0.2849541137432473
mixed_regression,11,2,top_no_cert_affine,outer-training OOF aggregate only,0.024028789125997353,0.16983713290158378,0.1150933821104404,1.4756463819840901
mixed_regression,29,0,affine_profiled,outer-training OOF aggregate only,-0.028398595699829866,0.17800571199537818,0.08721764664429213,2.0409368842678766
mixed_regression,29,0,coerror_no_cert_affine,outer-training OOF aggregate only,-0.01399563163107534,0.21029345285692344,0.13364880628873255,1.5734779733281652
mixed_regression,29,0,random_subspace_affine,outer-training OOF aggregate only,-0.004961113740110726,0.047855439736826766,0.0486479623414696,0.9837090277475558
mixed_regression,29,0,top_no_cert_affine,outer-training OOF aggregate only,-0.06245749941063978,0.19126028118309524,0.1292056814371317,1.4802776399283786
mixed_regression,29,1,affine_profiled,outer-training OOF aggregate only,-0.05103394034522521,0.13422229784307446,0.09263383444512506,1.4489554345565367
mixed_regression,29,1,coerror_no_cert_affine,outer-training OOF aggregate only,-0.036852305880648334,0.13583218915203882,0.0958411320815021,1.4172640306098305
mixed_regression,29,1,random_subspace_affine,outer-training OOF aggregate only,0.035227862254308295,0.023692083489535536,0.03879332558108514,0.6107257662149833
mixed_regression,29,1,top_no_cert_affine,outer-training OOF aggregate only,-0.02560283323026462,0.11359881765322324,0.08231489260998974,1.3800518235680341
mixed_regression,29,2,affine_profiled,outer-training OOF aggregate only,0.02424772025728687,0.18774506348842748,0.11555347764021238,1.624746111692034
mixed_regression,29,2,coerror_no_cert_affine,outer-training OOF aggregate only,0.011161836158517138,0.20873188318756888,0.14698991048470228,1.420042249833823
mixed_regression,29,2,random_subspace_affine,outer-training OOF aggregate only,-0.014436030107444214,0.003976946726623166,0.04470206984078618,0.08896560586093037
mixed_regression,29,2,top_no_cert_affine,outer-training OOF aggregate only,-0.005945043904227726,0.21700976884243467,0.2531223542925262,0.8573315045562618
null_regression,11,0,affine_profiled,outer-training OOF aggregate only,-0.026697523335264175,0.04228816707941657,0.023639393423327815,1.7888854558207818
null_regression,11,0,coerror_no_cert_affine,outer-training OOF aggregate only,-0.016097033297841335,0.047157819320355114,0.03226949794156293,1.4613744349463864
null_regression,11,0,random_subspace_affine,outer-training OOF aggregate only,0.029158035703764452,-0.006628074407857842,0.020693154248990046,0.0
null_regression,11,0,top_no_cert_affine,outer-training OOF aggregate only,-0.00973396255485479,0.03897386443324413,0.03190507796267843,1.22155678412178
null_regression,11,1,affine_profiled,outer-training OOF aggregate only,0.04420167549931446,0.03728742879832811,0.021024710280860278,1.7735049996038472
null_regression,11,1,coerror_no_cert_affine,outer-training OOF aggregate only,0.039639580890817996,0.039969506772707775,0.02483513630933325,1.6093934929476068
null_regression,11,1,random_subspace_affine,outer-training OOF aggregate only,-0.014515313177302681,0.010346127573421857,0.019084555068242307,0.5421204495691048
null_regression,11,1,top_no_cert_affine,outer-training OOF aggregate only,0.05176408000740404,0.03241091000893129,0.018867717000842946,1.7177971244471855
null_regression,11,2,affine_profiled,outer-training OOF aggregate only,-0.00969453455966919,0.020992201201221725,0.023467733162858176,0.8945133752605293
null_regression,11,2,coerror_no_cert_affine,outer-training OOF aggregate only,-0.009694534559669198,0.020992201201221722,0.023467733162858176,0.8945133752605292
null_regression,11,2,random_subspace_affine,outer-training OOF aggregate only,-0.058608590204310085,-0.0028967015655981545,0.01774433783111783,0.0
null_regression,11,2,top_no_cert_affine,outer-training OOF aggregate only,-0.014572758467489559,0.012206305045188543,0.01792768776652799,0.680863321815455
null_regression,29,0,affine_profiled,outer-training OOF aggregate only,-0.021971999042988334,0.025035874147216138,0.015476751636174393,1.6176439821324553
null_regression,29,0,coerror_no_cert_affine,outer-training OOF aggregate only,-0.014724869406877217,0.02651123332586498,0.017867339443628234,1.4837818137114582
null_regression,29,0,random_subspace_affine,outer-training OOF aggregate only,0.013508151564145102,-0.010875672390698992,0.01758165124076619,0.0
null_regression,29,0,top_no_cert_affine,outer-training OOF aggregate only,-0.01314163029094817,0.02258795817824282,0.016764977878018863,1.347330031843267
null_regression,29,1,affine_profiled,outer-training OOF aggregate only,0.004172551214034526,0.027109951669222317,0.02184322385104085,1.241114949610815
null_regression,29,1,coerror_no_cert_affine,outer-training OOF aggregate only,-0.00020609344729980057,0.027674878053712763,0.022852407230580213,1.2110268198213843
null_regression,29,1,random_subspace_affine,outer-training OOF aggregate only,-0.0030482062361573002,-0.006273989750331518,0.019683338092308822,0.0
null_regression,29,1,top_no_cert_affine,outer-training OOF aggregate only,-0.0012981909496448442,0.024517417108803584,0.021120152257015277,1.1608541837410224
null_regression,29,2,affine_profiled,outer-training OOF aggregate only,0.0467532432537868,0.028111125828220125,0.018608213341831457,1.5106837669915372
null_regression,29,2,coerror_no_cert_affine,outer-training OOF aggregate only,0.0467532432537868,0.028111125828220125,0.018608213341831457,1.5106837669915372
null_regression,29,2,random_subspace_affine,outer-training OOF aggregate only,-0.059472515093697415,-0.01828678356230747,0.025164731205670435,0.0
null_regression,29,2,top_no_cert_affine,outer-training OOF aggregate only,0.03840873665547957,0.02589617026210159,0.017726740396884367,1.4608534723424433
redundant_regression,11,0,affine_profiled,outer-training OOF aggregate only,0.09455141705373986,0.4485669121535725,0.22141289800911948,2.0259294566258603
redundant_regression,11,0,coerror_no_cert_affine,outer-training OOF aggregate only,0.09085271981010844,0.5010604582199565,0.28987364791392173,1.7285478063488782
redundant_regression,11,0,random_subspace_affine,outer-training OOF aggregate only,0.039906759852417525,0.42381296325931667,0.28880677995025344,1.4674619596268406
redundant_regression,11,0,top_no_cert_affine,outer-training OOF aggregate only,0.06305706152997419,0.5109342783153328,0.34661673743216476,1.474061183832261
redundant_regression,11,1,affine_profiled,outer-training OOF aggregate only,0.036892122081434504,0.38391623406316083,0.20261195300937287,1.8948350695055034
redundant_regression,11,1,coerror_no_cert_affine,outer-training OOF aggregate only,0.022511805257199376,0.4179681933675917,0.24628490961911811,1.697092176755707
redundant_regression,11,1,random_subspace_affine,outer-training OOF aggregate only,0.0569551456459933,0.321682517633506,0.21137900927372655,1.5218281074302002
redundant_regression,11,1,top_no_cert_affine,outer-training OOF aggregate only,0.03337056266894425,0.41969735315758067,0.2777233471609029,1.511206592632715
redundant_regression,11,2,affine_profiled,outer-training OOF aggregate only,0.03942114439765103,0.4400465719958082,0.2548353037952937,1.7267881076214333
redundant_regression,11,2,coerror_no_cert_affine,outer-training OOF aggregate only,0.04403804365499671,0.44208521299061543,0.25837522446203104,1.7110201410026489
redundant_regression,11,2,random_subspace_affine,outer-training OOF aggregate only,0.02721210707951245,0.37144780671315425,0.27125247651978734,1.3693803333296308
redundant_regression,11,2,top_no_cert_affine,outer-training OOF aggregate only,0.02798371669619694,0.4606526903587643,0.30988222693492423,1.4865411769985186
redundant_regression,29,0,affine_profiled,outer-training OOF aggregate only,-0.026132054806294863,0.5839928707295617,0.3282979083495924,1.778850415664815
redundant_regression,29,0,coerror_no_cert_affine,outer-training OOF aggregate only,0.021876244497532334,0.6580877918491257,0.4382186590888795,1.5017338449654019
redundant_regression,29,0,random_subspace_affine,outer-training OOF aggregate only,0.0031507956304740346,0.5635219146852036,0.3699007344401533,1.5234409186510456
redundant_regression,29,0,top_no_cert_affine,outer-training OOF aggregate only,0.010081965532871181,0.668805478506239,0.5204673972558647,1.2850093628005876
redundant_regression,29,1,affine_profiled,outer-training OOF aggregate only,-0.0005602070632945502,0.5276621039138217,0.3118824868326716,1.6918619229713858
redundant_regression,29,1,coerror_no_cert_affine,outer-training OOF aggregate only,0.002350449122806613,0.5841161715492416,0.38991886347132143,1.4980454301416566
redundant_regression,29,1,random_subspace_affine,outer-training OOF aggregate only,-0.007868412585462593,0.47154435961472574,0.32328446318113485,1.4586050779388107
redundant_regression,29,1,top_no_cert_affine,outer-training OOF aggregate only,0.0070049478662304425,0.5924439677841956,0.4257899953575815,1.3913994557027036
redundant_regression,29,2,affine_profiled,outer-training OOF aggregate only,-0.00999819106135792,0.44501461682610843,0.25751740274363955,1.7280953135005162
redundant_regression,29,2,coerror_no_cert_affine,outer-training OOF aggregate only,-0.017976458179666567,0.5075409684607475,0.3472241437732404,1.4617098999665306
redundant_regression,29,2,random_subspace_affine,outer-training OOF aggregate only,-0.012815751348701785,0.4002127052922057,0.26087685176420267,1.5341058533393517
redundant_regression,29,2,top_no_cert_affine,outer-training OOF aggregate only,-0.02782066088761949,0.5268014692847802,0.40406446654060235,1.3037559916985293
sparse_regression,11,0,affine_profiled,outer-training OOF aggregate only,-0.08624059692074812,0.33190778352414524,0.14324547812238983,2.3170559229839083
sparse_regression,11,0,coerror_no_cert_affine,outer-training OOF aggregate only,-0.058095958397198576,0.3796690734064083,0.20410297914997563,1.8601838884841855
sparse_regression,11,0,random_subspace_affine,outer-training OOF aggregate only,-0.0033132649321498953,0.18953130685574074,0.09159471728739423,2.069238406632705
sparse_regression,11,0,top_no_cert_affine,outer-training OOF aggregate only,-0.06954140555684221,0.35531097054279265,0.19794647515614672,1.7949850850464077
sparse_regression,11,1,affine_profiled,outer-training OOF aggregate only,0.11511515306369446,0.22786914965513647,0.07744722273769669,2.94225075606518
sparse_regression,11,1,coerror_no_cert_affine,outer-training OOF aggregate only,0.05051454493973229,0.30835023029549463,0.1541633638625143,2.0001524523718035
sparse_regression,11,1,random_subspace_affine,outer-training OOF aggregate only,0.08552459194734248,0.11220229032723188,0.04876678345528907,2.300793334670155
sparse_regression,11,1,top_no_cert_affine,outer-training OOF aggregate only,0.026064967256521313,0.3081855650938772,0.22881521224690649,1.3468753325776475
sparse_regression,11,2,affine_profiled,outer-training OOF aggregate only,-0.013283879984952103,0.3275607153572567,0.1413302300055169,2.3176974617848582
sparse_regression,11,2,coerror_no_cert_affine,outer-training OOF aggregate only,-0.0016696823999632227,0.409583842999543,0.23204191443519565,1.7651287009784218
sparse_regression,11,2,random_subspace_affine,outer-training OOF aggregate only,0.010361913549888127,0.04072673652523634,0.038221740074281634,1.0655385245696924
sparse_regression,11,2,top_no_cert_affine,outer-training OOF aggregate only,-0.0020025501466323942,0.4369019918779125,0.34064141470724396,1.2825862417621692
sparse_regression,29,0,affine_profiled,outer-training OOF aggregate only,-0.02574964905497008,0.31360019499535824,0.13670127794941617,2.2940545962664687
sparse_regression,29,0,coerror_no_cert_affine,outer-training OOF aggregate only,-0.027258533481331934,0.3602315848071621,0.19001467125034874,1.8958093206000322
sparse_regression,29,0,random_subspace_affine,outer-training OOF aggregate only,0.005785028125711234,0.026268421140547272,0.04014808074023042,0.6542883409673175
sparse_regression,29,0,top_no_cert_affine,outer-training OOF aggregate only,-0.007234723912861848,0.3629560686003926,0.24258911819037507,1.4961762147779356
sparse_regression,29,1,affine_profiled,outer-training OOF aggregate only,-0.1266555572276114,0.19708435421127724,0.07925241461698534,2.486793054366298
sparse_regression,29,1,coerror_no_cert_affine,outer-training OOF aggregate only,-0.020040799235694212,0.3065758325403983,0.2122573103617177,1.4443593580732175
sparse_regression,29,1,random_subspace_affine,outer-training OOF aggregate only,-0.07710144570467206,0.09220882632037807,0.05041010017117514,1.8291736379667767
sparse_regression,29,1,top_no_cert_affine,outer-training OOF aggregate only,0.01669583980179202,0.3114246117809207,0.34063503129522277,0.9142471653510413
sparse_regression,29,2,affine_profiled,outer-training OOF aggregate only,0.03466732120730305,0.36224209633365106,0.17668363630865136,2.050230026400661
sparse_regression,29,2,coerror_no_cert_affine,outer-training OOF aggregate only,0.020140339469020274,0.403603005267988,0.21969340185974276,1.8371193756909334
sparse_regression,29,2,random_subspace_affine,outer-training OOF aggregate only,-0.015111067754657457,0.03757593577559262,0.04136751428209731,0.908344057594353
sparse_regression,29,2,top_no_cert_affine,outer-training OOF aggregate only,0.015477353840938908,0.4103109964848733,0.24833731247103727,1.6522325719085265
