dataset,seed,fold,advantage,control
additive_regression,11,0,0.0005652728785493499,random_subspace
additive_regression,11,1,0.015347086156589085,random_subspace
additive_regression,11,2,0.010152148041364217,random_subspace
additive_regression,29,0,0.025338068504782707,random_subspace
additive_regression,29,1,0.0023127405414007374,random_subspace
additive_regression,29,2,0.013752229962442963,random_subspace
redundant_regression,11,0,0.03351364846179983,random_subspace
redundant_regression,11,1,0.04554347611317544,random_subspace
redundant_regression,11,2,0.04101931414756599,random_subspace
redundant_regression,29,0,0.009816533498652302,random_subspace
redundant_regression,29,1,0.049232601676398535,random_subspace
redundant_regression,29,2,0.07848104946166101,random_subspace
sparse_regression,11,0,0.10418552261739267,random_subspace
sparse_regression,11,1,0.05762130309022728,random_subspace
sparse_regression,11,2,0.00043945321673777293,random_subspace
sparse_regression,29,0,0.007572570255244049,random_subspace
sparse_regression,29,1,0.052262815508460014,random_subspace
sparse_regression,29,2,-0.005165532780867954,random_subspace
dominant_regression,11,0,0.11463746630519467,random_subspace
dominant_regression,11,1,0.12765298357328259,random_subspace
dominant_regression,11,2,0.014868909305908895,random_subspace
dominant_regression,29,0,0.05342183225186281,random_subspace
dominant_regression,29,1,0.07571705822383445,random_subspace
dominant_regression,29,2,0.04533404961400089,random_subspace
mixed_regression,11,0,-0.010435140816143829,random_subspace
mixed_regression,11,1,-0.010583273540041072,random_subspace
mixed_regression,11,2,0.008650554667268384,random_subspace
mixed_regression,29,0,0.00013153168930668535,random_subspace
mixed_regression,29,1,-0.015529372441550171,random_subspace
mixed_regression,29,2,-0.030836719235823984,random_subspace
null_regression,11,0,0.000511665506317982,random_subspace
null_regression,11,1,0.008984323066054234,random_subspace
null_regression,11,2,-0.005089908451967218,random_subspace
null_regression,29,0,0.0236197681543171,random_subspace
null_regression,29,1,0.024813381242296817,random_subspace
null_regression,29,2,-0.014744941733497607,random_subspace
additive_regression,11,0,0.012857990766472649,top_no_cert
additive_regression,11,1,0.0034009829638220745,top_no_cert
additive_regression,11,2,-0.010714476513368099,top_no_cert
additive_regression,29,0,-0.0012359628965004088,top_no_cert
additive_regression,29,1,0.02636904218334346,top_no_cert
additive_regression,29,2,0.013679016605451011,top_no_cert
redundant_regression,11,0,0.00825334938835065,top_no_cert
redundant_regression,11,1,0.03769143608715009,top_no_cert
redundant_regression,11,2,0.014420009425582303,top_no_cert
redundant_regression,29,0,-0.012629491192755138,top_no_cert
redundant_regression,29,1,0.02905550187181194,top_no_cert
redundant_regression,29,2,0.010845245864657405,top_no_cert
sparse_regression,11,0,0.0866997284459039,top_no_cert
sparse_regression,11,1,0.0342093649269134,top_no_cert
sparse_regression,11,2,0.023945560125909204,top_no_cert
sparse_regression,29,0,-0.00400746898882276,top_no_cert
sparse_regression,29,1,-0.00222788292183973,top_no_cert
sparse_regression,29,2,0.020905331069354216,top_no_cert
dominant_regression,11,0,0.011415008857138198,top_no_cert
dominant_regression,11,1,-0.004994239108785048,top_no_cert
dominant_regression,11,2,-0.0014739128812356617,top_no_cert
dominant_regression,29,0,-0.007522823361265418,top_no_cert
dominant_regression,29,1,0.0298110981347946,top_no_cert
dominant_regression,29,2,0.0015885946975160437,top_no_cert
mixed_regression,11,0,0.00827764579174839,top_no_cert
mixed_regression,11,1,-0.0030220925555920486,top_no_cert
mixed_regression,11,2,0.026003324014037932,top_no_cert
mixed_regression,29,0,0.016027818389906523,top_no_cert
mixed_regression,29,1,-0.007325110531755441,top_no_cert
mixed_regression,29,2,0.007525893259649252,top_no_cert
null_regression,11,0,-0.009414785003330595,top_no_cert
null_regression,11,1,-0.0260682971950994,top_no_cert
null_regression,11,2,0.0022590552019807753,top_no_cert
null_regression,29,0,-0.009433132430515245,top_no_cert
null_regression,29,1,-0.007265027546561331,top_no_cert
null_regression,29,2,-0.007651135914866325,top_no_cert
additive_regression,11,0,0.04084034123296121,coerror_no_cert
additive_regression,11,1,0.0038781345915709364,coerror_no_cert
additive_regression,11,2,0.0006451555105704276,coerror_no_cert
additive_regression,29,0,0.008040306612031256,coerror_no_cert
additive_regression,29,1,0.0331361059677624,coerror_no_cert
additive_regression,29,2,0.04058467985120373,coerror_no_cert
redundant_regression,11,0,0.029615570753147025,coerror_no_cert
redundant_regression,11,1,0.04559858221572599,coerror_no_cert
redundant_regression,11,2,0.04784547824490781,coerror_no_cert
redundant_regression,29,0,-0.008034922121657795,coerror_no_cert
redundant_regression,29,1,0.04003852168628064,coerror_no_cert
redundant_regression,29,2,0.03512886549870564,coerror_no_cert
sparse_regression,11,0,0.1010313332929047,coerror_no_cert
sparse_regression,11,1,0.12368709548293122,coerror_no_cert
sparse_regression,11,2,0.09892662925813944,coerror_no_cert
sparse_regression,29,0,0.03770630719377066,coerror_no_cert
sparse_regression,29,1,0.029934281675213947,coerror_no_cert
sparse_regression,29,2,0.03653822205730395,coerror_no_cert
dominant_regression,11,0,-0.0013973735533183707,coerror_no_cert
dominant_regression,11,1,0.005467821095554326,coerror_no_cert
dominant_regression,11,2,0.0022149062989981205,coerror_no_cert
dominant_regression,29,0,0.0033497929873621546,coerror_no_cert
dominant_regression,29,1,0.03065726906231253,coerror_no_cert
dominant_regression,29,2,-0.007569593616290837,coerror_no_cert
mixed_regression,11,0,0.013586914973698794,coerror_no_cert
mixed_regression,11,1,-0.008663263254626186,coerror_no_cert
mixed_regression,11,2,0.02987945654220403,coerror_no_cert
mixed_regression,29,0,0.013623751958130703,coerror_no_cert
mixed_regression,29,1,0.013643285584581277,coerror_no_cert
mixed_regression,29,2,0.013323704009673532,coerror_no_cert
null_regression,11,0,-0.024892538544159626,coerror_no_cert
null_regression,11,1,-0.010653133971789353,coerror_no_cert
null_regression,11,2,0.0022740670707770416,coerror_no_cert
null_regression,29,0,-0.023355852544043154,coerror_no_cert
null_regression,29,1,-0.01114875606281518,coerror_no_cert
null_regression,29,2,-0.013227823734039967,coerror_no_cert
