dataset,task,method,B,aggregation_scalar_parameters,certification_rate,certified_count,cpu_seconds,feature_coverage,inference_batch_rows,inference_batch_seconds,inference_rows_per_second,leaves,mae,max_abs_residual_correlation,mean_abs_residual_correlation,mean_feature_jaccard,mean_residual_correlation,mean_selected_quality,model_bytes,mse,nodes,normalized_squared_loss,observed_peak_rss_bytes,oof_calibrated_squared_loss,oof_squared_loss,r2,requested_K,residual_effective_rank,retained_count,rmse,train_cpu_seconds,train_wall_seconds,wall_seconds,completed_splits,expected_splits
additive_regression,regression,affine_profiled,100.0,2.0,0.0,0.0,,24.5,256.0,0.027331048855557982,9836.021688578012,60.333333333333336,1.0442419544234187,0.8775182980797789,0.8219713783571744,0.04109977324263033,0.8219713783571744,-0.020024099571784835,47751.0,1.7677336380446567,112.66666666666667,0.9034323033913662,,1.4989437385594517,1.6774224858846412,0.08649284162382943,8.0,1.3962599582601491,8.0,1.3279786787054404,2.553891999999999,3.0388616390603906,,6,6
additive_regression,regression,catboost,,,,,0.46887033333333417,,256.0,0.0048946596992512,53433.60880206829,1600.0,0.9685756457300418,,,,,,44929.333333333336,1.4946630100688758,3100.0,0.7636693811742182,250191872.0,,,0.22781010821941172,,,100.0,1.2211532951072102,0.46887033333333417,0.5752193820274746,0.5752193820274746,6,6
additive_regression,regression,coerror_no_cert,100.0,,0.0,0.0,,21.666666666666668,256.0,0.02438565968380617,10563.97966890442,62.833333333333336,1.0458737407978955,0.8855965289320203,0.8139554740509993,0.06887755102040811,0.8139554740509993,-0.014174237715694015,47859.666666666664,1.7587758113515715,117.66666666666667,0.899300642871219,,,1.653804344305925,0.09042241402152627,8.0,1.4195027686788169,8.0,1.3251418460031839,2.551735666666666,3.033514451739999,,6,6
additive_regression,regression,coerror_no_cert_affine,100.0,2.0,0.0,0.0,,21.666666666666668,256.0,0.024050666484981748,10765.084475700587,62.833333333333336,1.0290472158471797,0.8855965289320203,0.8139554740509993,0.06887755102040811,0.8139554740509993,-0.014174237715694015,48110.666666666664,1.7170477402204443,117.66666666666667,0.8781131889102022,,1.5500519951542258,1.653804344305925,0.11193090698082432,8.0,1.4195027686788169,8.0,1.309311887547986,2.5539195000000023,3.0398594721530876,,6,6
additive_regression,regression,extra_trees,,,,,1.0667029999999995,,256.0,0.03835079857769109,6710.492362795451,102400.0,0.9770520451988379,,,,,,14810979.0,1.5217826985152483,204544.0,0.7781223755341135,240151210.66666666,,,0.21309520246747649,,,256.0,1.2325251458178164,1.0667029999999995,1.1963112778030336,1.1963112778030336,6,6
additive_regression,regression,lightgbm,,,,,0.10691199999999852,,256.0,0.0078131946502253,33487.41793890999,1484.6666666666667,0.9574518449471853,,,,,,151701.0,1.4447578282697473,2869.3333333333335,0.7383988525980216,246218752.0,,,0.253542952814509,,,100.0,1.2000661240802097,0.10691199999999852,0.13167609712885067,0.13167609712885067,6,6
additive_regression,regression,random_forest,,,,,1.8452104999999996,,256.0,0.035643312692021284,7215.838771795979,64791.833333333336,0.9852420992795713,,,,,,9395403.0,1.5339796422238237,129327.66666666667,0.783833805872086,237016405.33333334,,,0.2074158657772115,,,256.0,1.2371138283571883,1.8452104999999996,2.122885805554688,2.122885805554688,6,6
additive_regression,regression,random_subspace,100.0,,0.0,0.0,,23.166666666666668,256.0,0.027783819629500283,9823.635541766855,58.5,1.0652865804765133,0.9034967583870789,0.8536542134680863,0.05357142857142851,0.8536542134680863,-0.08589697042138687,47236.166666666664,1.8245290627603856,109.0,0.9329642498580822,,,1.8439466452752413,0.05640049031789731,8.0,1.3114026758877675,8.0,1.3496206758631502,0.05029050000000072,0.06312807664896045,,6,6
additive_regression,regression,random_subspace_affine,100.0,2.0,0.0,0.0,,23.166666666666668,256.0,0.022349618336496197,11554.609373355459,58.5,1.054642487198045,0.9034967583870789,0.8536542134680863,0.05357142857142851,0.8536542134680863,-0.08589697042138687,47487.166666666664,1.8027029261545653,109.0,0.9217196588438941,,1.8279023692172183,1.8439466452752413,0.06775505203555532,8.0,1.3114026758877675,8.0,1.3414240329435014,2.553970833333333,3.0399881318832436,,6,6
additive_regression,regression,rf_shallow,,,,,0.03625133333333367,,256.0,0.0047754582871372,58295.984992670594,61.666666666666664,1.04984643927146,,,,,,14739.0,1.7554433716426525,115.33333333333333,0.897057981500302,235380736.0,,,0.09269220508068736,,,8.0,1.3236015234675789,0.03625133333333367,0.07811019453220067,0.07811019453220067,6,6
additive_regression,regression,top_no_cert,100.0,,0.0,0.0,,20.5,256.0,0.022937249780322067,11263.76405943626,60.333333333333336,1.0572546961927662,0.9267683507197709,0.8506638907725891,0.09257369614512467,0.8506638907725891,0.0020033638974193335,47500.5,1.799357683142123,112.66666666666667,0.9198135527220052,,,1.6902028641559481,0.06969558717104583,8.0,1.319036190480871,8.0,1.3401791440045396,2.5520095000000023,3.0353400063080094,,6,6
additive_regression,regression,top_no_cert_affine,100.0,2.0,0.0,0.0,,20.5,256.0,0.023961159517057216,10739.374884519382,60.333333333333336,1.0493904068788986,0.9267683507197709,0.8506638907725891,0.09257369614512467,0.8506638907725891,0.0020033638974193335,47751.5,1.7847035994528806,112.66666666666667,0.9124207872038017,,1.5977095588268515,1.6902028641559481,0.07718478972538635,8.0,1.319036190480871,8.0,1.3347102608648989,2.5532158333333324,3.0384974240635834,,6,6
additive_regression,regression,xgboost,,,,,0.4156151666666676,,256.0,0.0033988264234115165,75657.23318402372,1487.1666666666667,0.9623985305184409,,,,,,177375.16666666666,1.4621859362388305,2874.3333333333335,0.7477671724580786,244301824.0,,,0.24394060469696952,,,100.0,1.2079621612201414,0.4156151666666676,0.49158815989115584,0.49158815989115584,6,6
dominant_regression,regression,affine_profiled,100.0,2.0,0.10333333333333333,10.333333333333334,,21.666666666666668,256.0,0.02231680551388608,11635.61888778772,60.166666666666664,0.8392182369915742,0.9713010206203795,0.735102362948945,0.08390022675736956,0.735102362948945,0.20329341781126034,47727.666666666664,1.0933825616393174,112.33333333333333,0.5197256953402579,,1.0552360713076823,1.2460348674310378,0.4729416407674232,8.0,1.5937011517971393,8.0,1.044842850305731,2.5617259999999837,2.9423289862849438,,6,6
dominant_regression,regression,catboost,,,,,0.44922933333332554,,256.0,0.004502034940135934,57750.45702692797,1600.0,0.8335629746667141,,,,,,44897.333333333336,1.083056762040785,3100.0,0.514249498630016,238592000.0,,,0.4784437563878667,,,100.0,1.0398433063513561,0.44922933333332554,0.52527684737773,0.52527684737773,6,6
dominant_regression,regression,coerror_no_cert,100.0,,0.10333333333333333,10.333333333333334,,21.0,256.0,0.022604367850969198,11473.192651793282,62.833333333333336,0.8335725081833815,0.9768750546527714,0.8509361033278484,0.1414399092970521,0.8509361033278484,0.3757056360442197,47860.666666666664,1.085255114885589,117.66666666666667,0.5152465705601351,,,1.0928545245593189,0.47746523651370326,8.0,1.3996110609989107,8.0,1.040870901660759,2.560970499999987,2.9411910622147843,,6,6
dominant_regression,regression,coerror_no_cert_affine,100.0,2.0,0.10333333333333333,10.333333333333334,,21.0,256.0,0.023167631976927252,11068.949051155629,62.833333333333336,0.8305519307032916,0.9768750546527714,0.8509361033278484,0.1414399092970521,0.8509361033278484,0.3757056360442197,48111.666666666664,1.0733320134649798,117.66666666666667,0.5097927668476988,,1.085469692502352,1.0928545245593189,0.4830710714529182,8.0,1.3996110609989107,8.0,1.0349252713189685,2.5607526666666587,2.939703298577418,,6,6
dominant_regression,regression,extra_trees,,,,,1.1221068333333335,,256.0,0.03942029135456925,6511.9305628817965,102400.0,0.8314947959165275,,,,,,14810979.0,1.057678029731551,204544.0,0.5024570528858809,235309738.66666666,,,0.4905482223862394,,,256.0,1.0269424550894877,1.1221068333333335,1.2396304375336815,1.2396304375336815,6,6
dominant_regression,regression,lightgbm,,,,,0.10008933333333891,,256.0,0.0068505831683674835,37388.86989812303,1486.3333333333333,0.8588427038823997,,,,,,152008.33333333334,1.1426479937328708,2872.6666666666665,0.5427270055847034,238081365.33333334,,,0.449607522619979,,,100.0,1.0680190414284285,0.10008933333333891,0.1160016459956144,0.1160016459956144,6,6
dominant_regression,regression,random_forest,,,,,1.8390440000000012,,256.0,0.0342220415671666,7491.7082041066815,64791.833333333336,0.8321265636549943,,,,,,9395403.0,1.0766562063186897,129327.66666666667,0.5105790549201158,235457194.66666666,,,0.4823610592976287,,,256.0,1.0359202967438417,1.8390440000000012,2.107141492810721,2.107141492810721,6,6
dominant_regression,regression,random_subspace,100.0,,0.10333333333333333,10.333333333333334,,23.166666666666668,256.0,0.022431430794919497,11624.323001390663,58.0,1.0788414522627827,0.942489321034501,0.822221466147656,0.05357142857142851,0.822221466147656,-0.043661057739184696,47164.166666666664,1.8728229232387539,108.0,0.8900889640497504,,,1.8631728161952885,0.09670765595257232,8.0,1.3013298846547783,8.0,1.3669029526406558,0.04845583333332585,0.05747742333915082,,6,6
dominant_regression,regression,random_subspace_affine,100.0,2.0,0.10333333333333333,10.333333333333334,,23.166666666666668,256.0,0.0222871457226574,11676.625825409777,58.0,1.038517984046334,0.942489321034501,0.822221466147656,0.05357142857142851,0.822221466147656,-0.043661057739184696,47415.166666666664,1.7176366220336003,108.0,0.8181502475040698,,1.7297899705378736,1.8631728161952885,0.16949176444282044,8.0,1.3013298846547783,8.0,1.307914770867344,2.5622603333333225,2.9434927705054483,,6,6
dominant_regression,regression,rf_shallow,,,,,0.03488933333333927,,256.0,0.004323291631104983,59993.841487623315,62.333333333333336,0.8395030031603458,,,,,,14835.0,1.0916923071469893,116.66666666666667,0.5179557889371706,235457194.66666666,,,0.47491275310091213,,,8.0,1.0431787656203861,0.03488933333333927,0.04113809729460622,0.04113809729460622,6,6
dominant_regression,regression,top_no_cert,100.0,,0.10333333333333333,10.333333333333334,,20.0,256.0,0.02641163199829555,10348.93553554962,63.0,0.8373707438308897,0.979410067729597,0.933910741458943,0.1731859410430839,0.933910741458943,0.43026454272999387,47884.166666666664,1.0888044636944374,118.0,0.5172915729215778,,,1.1139916859238996,0.47535859811318054,8.0,1.1444855692972133,8.0,1.0426874653905205,2.5612938333333233,2.9439098186170063,,6,6
dominant_regression,regression,top_no_cert_affine,100.0,2.0,0.10333333333333333,10.333333333333334,,20.0,256.0,0.0217317641557504,11875.744385878448,63.0,0.8341291510719686,0.979410067729597,0.933910741458943,0.1731859410430839,0.933910741458943,0.43026454272999387,48135.166666666664,1.0792218650849577,118.0,0.512487618531884,,1.1021638813010555,1.1139916859238996,0.4803358652981653,8.0,1.1444855692972133,8.0,1.0377511452234436,2.5632540000000055,2.945766757397602,,6,6
dominant_regression,regression,xgboost,,,,,0.38705233333332956,,256.0,0.0033422498963772665,78530.6198570881,1411.6666666666667,0.8653312011908723,,,,,,172241.16666666666,1.1519440945211592,2723.3333333333335,0.5454537657005979,237679957.33333334,,,0.44699943059541297,,,100.0,1.0712886258265006,0.38705233333332956,0.44856884714681655,0.44856884714681655,6,6
mixed_regression,regression,affine_profiled,100.0,2.0,0.0016666666666666668,0.16666666666666666,,21.666666666666668,256.0,0.020665541756898116,12434.89053613804,59.666666666666664,1.1149295667488068,0.9086601653299903,0.8413981165410226,0.0680272108843537,0.8413981165410226,-0.02494959825570008,47655.833333333336,1.8775785591956378,111.33333333333333,0.9016562313527232,,1.7537788464360589,1.8362004836119128,0.0923900810734078,8.0,1.3434068203696599,8.0,1.3695097408155672,2.5551643333333325,2.8851657569563636,,6,6
mixed_regression,regression,catboost,,,,,0.45233566666667474,,256.0,0.004200229149622167,61379.85677260731,1600.0,1.0595916247454131,,,,,,44914.666666666664,1.6941477314575069,3100.0,0.8136643304980441,238048597.33333334,,,0.18090042013285335,,,100.0,1.3010352879375837,0.45233566666667474,0.49274221528321505,0.49274221528321505,6,6
mixed_regression,regression,coerror_no_cert,100.0,,0.0016666666666666668,0.16666666666666666,,20.333333333333332,256.0,0.02109860384371125,12264.340697161175,60.833333333333336,1.1149842840953637,0.9338551775568869,0.8399146893450443,0.09240362811791379,0.8399146893450443,-0.019373794216965164,47572.666666666664,1.8848177847988665,113.66666666666667,0.9043007838344693,,,1.8228234601922404,0.0896331671137821,8.0,1.3479783847383988,8.0,1.372032393060805,2.5539750000000176,2.885277347988449,,6,6
mixed_regression,regression,coerror_no_cert_affine,100.0,2.0,0.0016666666666666668,0.16666666666666666,,20.333333333333332,256.0,0.02310767366240417,11113.291389645223,60.833333333333336,1.1087634720461608,0.9338551775568869,0.8399146893450443,0.09240362811791379,0.8399146893450443,-0.019373794216965164,47823.666666666664,1.8581580421155917,113.66666666666667,0.891735142198859,,1.7818800961281809,1.8228234601922404,0.10230462731279129,8.0,1.3479783847383988,8.0,1.3622754959340542,2.5533533333333245,2.8845774865088365,,6,6
mixed_regression,regression,extra_trees,,,,,1.0883341666666553,,256.0,0.03930416004732246,6537.772282590122,102400.0,1.0767391171684493,,,,,,14810979.0,1.7527587890169884,204544.0,0.8416718989922592,235413504.0,,,0.15275467659963096,,,256.0,1.3233147319616974,1.0883341666666553,1.2016667012746136,1.2016667012746136,6,6
mixed_regression,regression,lightgbm,,,,,0.09983033333332492,,256.0,0.006971555451552016,36865.06079046738,1488.3333333333333,1.0759582239310777,,,,,,151917.5,1.7876925521116753,2876.6666666666665,0.8614707735544108,237933909.33333334,,,0.13301735480688162,,,100.0,1.3364980298099784,0.09983033333332492,0.1104551457877581,0.1104551457877581,6,6
mixed_regression,regression,random_forest,,,,,1.88862633333333,,256.0,0.03435370135897145,7468.901618288678,64791.833333333336,1.0798117899854744,,,,,,9395403.0,1.7610560004592184,129327.66666666667,0.8460483741908971,235629226.66666666,,,0.14836973248849264,,,256.0,1.3265451248366116,1.88862633333333,2.0787148541227602,2.0787148541227602,6,6
mixed_regression,regression,random_subspace,100.0,,0.0016666666666666668,0.16666666666666666,,23.166666666666668,256.0,0.02230254863388832,11559.443596110415,57.666666666666664,1.157155857697939,0.9285099771750537,0.871572862729418,0.05357142857142851,0.871572862729418,-0.10954064755038796,47116.166666666664,2.0302295809269943,107.33333333333333,0.9741252661609637,,,2.047083695780278,0.019366503364316865,8.0,1.2656353187212768,8.0,1.423997593092241,0.04800066666667623,0.054932389253129536,,6,6
mixed_regression,regression,random_subspace_affine,100.0,2.0,0.0016666666666666668,0.16666666666666666,,23.166666666666668,256.0,0.025457083713263218,10308.027970792282,57.666666666666664,1.1629731300981525,0.9285099771750537,0.871572862729418,0.05357142857142851,0.871572862729418,-0.10954064755038796,47367.166666666664,2.0510902105628213,107.33333333333333,0.9838923361071276,,2.0335525874200147,2.047083695780278,0.009505766107014217,8.0,1.2656353187212768,8.0,1.4312416930005394,2.5536583333333405,2.884546916737842,,6,6
mixed_regression,regression,rf_shallow,,,,,0.0343703333333375,,256.0,0.0038602015314002334,67132.0551837473,59.833333333333336,1.1114925439205712,,,,,,14475.0,1.8562455788648429,111.66666666666667,0.8915188298812019,235626496.0,,,0.10260147205215392,,,8.0,1.3618246063103727,0.0343703333333375,0.03692927064063643,0.03692927064063643,6,6
mixed_regression,regression,top_no_cert,100.0,,0.0016666666666666668,0.16666666666666666,,19.833333333333332,256.0,0.0212282987777143,12104.18770457569,58.333333333333336,1.1341357287344922,0.9631677441801477,0.8835171629283788,0.12108843537414961,0.8835171629283788,-0.0037138787832262164,47212.333333333336,1.954359778281671,108.66666666666667,0.9369241816188048,,,1.8748791838940413,0.05672630400393788,8.0,1.2374665547085992,8.0,1.3967131965780293,2.5538481666666684,2.8841461463986584,,6,6
mixed_regression,regression,top_no_cert_affine,100.0,2.0,0.0016666666666666668,0.16666666666666666,,19.833333333333332,256.0,0.021514312519381403,12006.801204658723,58.333333333333336,1.130424240587167,0.9631677441801477,0.8835171629283788,0.12108843537414961,0.8835171629283788,-0.0037138787832262164,47463.333333333336,1.9378563724347961,108.66666666666667,0.9290096018908057,,1.8591046904198443,1.8748791838940413,0.06469461872625973,8.0,1.2374665547085992,8.0,1.390646961289878,2.552743333333325,2.8840536532225087,,6,6
mixed_regression,regression,xgboost,,,,,0.36687199999999126,,256.0,0.0034059929506232,75720.63008734642,1341.3333333333333,1.1032202723533555,,,,,,167458.16666666666,1.8295276890878795,2582.6666666666665,0.8802298056390709,237568000.0,,,0.11409710929567117,,,100.0,1.351901948404339,0.36687199999999126,0.4048289376466225,0.4048289376466225,6,6
null_regression,regression,affine_profiled,100.0,2.0,0.0,0.0,,22.0,256.0,0.021929472141588666,11723.454954630377,58.333333333333336,0.8180120691895971,0.9232745073702123,0.8845539356016681,0.06366213151927431,0.8845539356016681,-0.06309798494578946,47463.833333333336,1.0402422395487916,108.66666666666667,1.0375255858925225,,0.9489545678143497,0.9555898852680981,-0.04941823358458203,8.0,1.2363651009443417,8.0,1.0185725197271176,2.5264653333333533,2.8047852020633095,,6,6
null_regression,regression,catboost,,,,,0.44664916666667404,,256.0,0.00456089615666615,57495.077758253195,1598.0,0.8105281483595285,,,,,,44906.666666666664,1.0196081700862154,3096.0,1.01794075993469,237010944.0,,,-0.029629046019808748,,,100.0,1.0086594712542802,0.44664916666667404,0.48999278449142974,0.48999278449142974,6,6
null_regression,regression,coerror_no_cert,100.0,,0.0,0.0,,21.666666666666668,256.0,0.023332576500251834,11176.401253418553,58.333333333333336,0.8093663981596023,0.9255939146663555,0.8834148828934879,0.06780045351473918,0.8834148828934879,-0.0636516853363622,47212.0,1.0198185807215687,108.66666666666667,1.0175790915099039,,,0.9550288345395589,-0.029210980432458965,8.0,1.2391174701998293,8.0,1.0086616413519514,2.526622333333364,2.803097479394637,,6,6
null_regression,regression,coerror_no_cert_affine,100.0,2.0,0.0,0.0,,21.666666666666668,256.0,0.02232909024072185,11538.314440194998,58.333333333333336,0.8131213550694963,0.9255939146663555,0.8834148828934879,0.06780045351473918,0.8834148828934879,-0.0636516853363622,47463.0,1.033453971332529,108.66666666666667,1.031079764474249,,0.9505929052783899,0.9550288345395589,-0.04289940158278383,8.0,1.2391174701998293,8.0,1.015334192836497,2.527676833333345,2.8061447431876636,,6,6
null_regression,regression,extra_trees,,,,,1.1630948333333417,,256.0,0.0393735001174112,6510.466223237986,102400.0,0.825870999246625,,,,,,14810979.0,1.0428504562425374,204544.0,1.040405921782159,234542421.33333334,,,-0.05238245079828722,,,256.0,1.0199296904067399,1.1630948333333417,1.2852658545598388,1.2852658545598388,6,6
null_regression,regression,lightgbm,,,,,0.10003183333334197,,256.0,0.007320375220539633,35315.03841377171,1486.3333333333333,0.8497735613096178,,,,,,152677.33333333334,1.122914489337852,2872.6666666666665,1.1229143273422764,236956330.66666666,,,-0.1356446822107398,,,100.0,1.0587528122597945,0.10003183333334197,0.11473142363441481,0.11473142363441481,6,6
null_regression,regression,random_forest,,,,,2.0743635000000133,,256.0,0.0358353190046424,7164.323581587989,64791.833333333336,0.8213497399730744,,,,,,9395403.0,1.0402620710384227,129327.66666666667,1.0375896012110088,234566997.33333334,,,-0.049378702383953,,,256.0,1.0186091089509393,2.0743635000000133,2.2835675278135263,2.2835675278135263,6,6
null_regression,regression,random_subspace,100.0,,0.0,0.0,,23.166666666666668,256.0,0.02335968749442445,11165.9460451255,55.666666666666664,0.808438701685012,0.9332452529959062,0.8961750255363025,0.05357142857142851,0.8961750255363025,-0.13091948440913112,46828.166666666664,1.0094987905348163,103.33333333333333,1.006681660907218,,,1.0267532217580493,-0.018099659683178802,8.0,1.209064168975597,8.0,1.0033902672449078,0.0484493333332996,0.05628609719375766,,6,6
null_regression,regression,random_subspace_affine,100.0,2.0,0.0,0.0,,23.166666666666668,256.0,0.02166996550901477,12066.811649875568,55.666666666666664,0.8054667016158198,0.9332452529959062,0.8961750255363025,0.05357142857142851,0.8961750255363025,-0.13091948440913112,47079.166666666664,1.0030308868614826,103.33333333333333,1.000332612943298,,0.9942145352758933,1.0267532217580493,-0.011761042149859716,8.0,1.209064168975597,8.0,1.0002198374555806,2.52441083333332,2.7993174790559956,,6,6
null_regression,regression,rf_shallow,,,,,0.035131333333339336,,256.0,0.003789666690863617,67778.55271937101,53.666666666666664,0.823288472670625,,,,,,13587.0,1.0491242379340684,99.33333333333333,1.0478358735889557,234566997.33333334,,,-0.059881830579482716,,,8.0,1.0232639137416637,0.035131333333339336,0.041297305530557986,0.041297305530557986,6,6
null_regression,regression,top_no_cert,100.0,,0.0,0.0,,22.0,256.0,0.022326208107794284,11577.288340480502,56.5,0.8074722005510591,0.9354507310958393,0.9029702863657832,0.06961451247165527,0.9029702863657832,-0.05270428486432327,46948.166666666664,1.0167633660361328,105.0,1.0139568872715106,,,0.9637115429887042,-0.025542693558396834,8.0,1.1931028253097646,8.0,1.0070081497492744,2.5258630000000153,2.80282250031208,,6,6
null_regression,regression,top_no_cert_affine,100.0,2.0,0.0,0.0,,22.0,256.0,0.022224257195678818,11625.163520968965,56.5,0.8100801143910168,0.9354507310958393,0.9029702863657832,0.06961451247165527,0.9029702863657832,-0.05270428486432327,47199.166666666664,1.0267482081955435,105.0,1.0235524410862427,,0.9604293310310107,0.9637115429887042,-0.03523176909222362,8.0,1.1931028253097646,8.0,1.0118326414989791,2.5262540000000038,2.8028495348601914,,6,6
null_regression,regression,xgboost,,,,,0.35742583333333755,,256.0,0.0035026596548656166,75222.0221657541,1293.8333333333333,0.8440310033293134,,,,,,164229.16666666666,1.1085006166926932,2487.6666666666665,1.1059348526194104,236939946.66666666,,,-0.11849908941744207,,,100.0,1.0514916888313255,0.35742583333333755,0.40320208311701816,0.40320208311701816,6,6
redundant_regression,regression,affine_profiled,100.0,2.0,0.64,64.0,,22.833333333333332,256.0,0.02304544470583395,11151.563266639956,63.333333333333336,0.8800738788152765,0.8593074434939881,0.7322817845744068,0.0527210884353741,0.7322817845744068,0.16466756204440453,48183.0,1.2136122291125344,118.66666666666667,0.6410851518023349,,1.0483698304993438,1.2175976881236181,0.3578345747997845,8.0,1.6766690300841398,8.0,1.100968930865039,2.5599556666666623,2.890177915998114,,6,6
redundant_regression,regression,catboost,,,,,0.4490671666666657,,256.0,0.00438024320950105,58902.198565529514,1600.0,0.8376582663835371,,,,,,44941.333333333336,1.0983237376742812,3100.0,0.5802827199749242,245538816.0,,,0.41874978495544696,,,100.0,1.047473949859709,0.4490671666666657,0.49231289587138843,0.49231289587138843,6,6
redundant_regression,regression,coerror_no_cert,100.0,,0.64,64.0,,21.833333333333332,256.0,0.024092708326255236,10821.113006032692,64.0,0.909559254582515,0.8419377254700408,0.7342847057031339,0.06575963718820856,0.7342847057031339,0.18576044632530245,48028.333333333336,1.3042838956800442,120.0,0.6869589838987847,,,1.1893520391071783,0.3118670183614765,8.0,1.6736586015751576,8.0,1.140631406409727,2.5553698333333337,2.8709234373721606,,6,6
redundant_regression,regression,coerror_no_cert_affine,100.0,2.0,0.64,64.0,,21.833333333333332,256.0,0.026520562823861782,9714.709307660343,64.0,0.8884021006962702,0.8419377254700408,0.7342847057031339,0.06575963718820856,0.7342847057031339,0.18576044632530245,48279.333333333336,1.2416931780541178,120.0,0.6552603011859331,,1.0749778252090003,1.1893520391071783,0.34363078035508204,8.0,1.6736586015751576,8.0,1.113399399114776,2.5550425000000003,2.870408521266654,,6,6
redundant_regression,regression,extra_trees,,,,,1.0458101666666644,,256.0,0.0376013333831603,6820.437289116994,102400.0,0.8438702448374452,,,,,,14810979.0,1.1214698471581988,204544.0,0.5928718488400375,241816917.33333334,,,0.4061428856580171,,,256.0,1.0586154812928148,1.0458101666666644,1.1521348057237144,1.1521348057237144,6,6
redundant_regression,regression,lightgbm,,,,,0.09967816666666822,,256.0,0.0071199094721426165,36108.466503980744,1488.8333333333333,0.8766649550499089,,,,,,152691.5,1.2019792121027812,2877.6666666666665,0.63630559930361,245151061.33333334,,,0.3626137905124865,,,100.0,1.0960327825888587,0.09967816666666822,0.11276029166765507,0.11276029166765507,6,6
redundant_regression,regression,random_forest,,,,,1.7808503333333359,,256.0,0.03489799296949055,7347.692892782624,64791.833333333336,0.84366999939395,,,,,,9395403.0,1.1189555665999604,129327.66666666667,0.5910499341849071,241131520.0,,,0.40796351251246693,,,256.0,1.0572634657631992,1.7808503333333359,2.0054682846724368,2.0054682846724368,6,6
redundant_regression,regression,random_subspace,100.0,,0.64,64.0,,23.166666666666668,256.0,0.025050381780601982,10426.367255715137,63.5,0.9103017745131021,0.8643177782237396,0.762233098074534,0.05357142857142851,0.762233098074534,0.1143365131983894,47956.166666666664,1.3129206755904577,119.0,0.6912477693948923,,,1.3348356983383802,0.30755236244332135,8.0,1.574789790213484,8.0,1.144339819071752,0.048855499999997144,0.05619046499487007,,6,6
redundant_regression,regression,random_subspace_affine,100.0,2.0,0.64,64.0,,23.166666666666668,256.0,0.0227433055406436,11305.249468870506,63.5,0.8835603807114731,0.8643177782237396,0.762233098074534,0.05357142857142851,0.762233098074534,0.1143365131983894,48207.166666666664,1.2282827774581433,119.0,0.6483133321683501,,1.2677529794798268,1.3348356983383802,0.35055732794954925,8.0,1.574789790213484,8.0,1.1071316873619097,2.556129666666662,2.87113009680373,,6,6
redundant_regression,regression,rf_shallow,,,,,0.03523283333333415,,256.0,0.005209222164315433,50786.6597953435,63.166666666666664,0.8967625882330443,,,,,,14955.0,1.2724682731746795,118.33333333333333,0.6699575263335483,242701653.33333334,,,0.3289221412835161,,,8.0,1.1266429210765072,0.03523283333333415,0.04396051401272413,0.04396051401272413,6,6
redundant_regression,regression,top_no_cert,100.0,,0.64,64.0,,20.333333333333332,256.0,0.028111486191240386,9216.992778899656,64.0,0.9190069331173935,0.8902440867126339,0.7685455764704979,0.08905895691609973,0.7685455764704979,0.19735831729257777,48028.5,1.3299767863152312,120.0,0.7011385568754854,,,1.21900966034712,0.2976844607024817,8.0,1.5556176620636162,8.0,1.1521666418053484,2.555318833333333,2.8693827639799565,,6,6
redundant_regression,regression,top_no_cert_affine,100.0,2.0,0.64,64.0,,20.333333333333332,256.0,0.023872458375990335,10926.230750840841,64.0,0.9108046972723541,0.8902440867126339,0.7685455764704979,0.08905895691609973,0.7685455764704979,0.19735831729257777,48279.5,1.3002676951954382,120.0,0.6865325483013525,,1.1573598361052229,1.21900966034712,0.312332814104302,8.0,1.5556176620636162,8.0,1.1394449341750128,2.5586978333333334,2.884993771246324,,6,6
redundant_regression,regression,xgboost,,,,,0.3501243333333311,,256.0,0.0031765206561733834,80942.74186063079,1415.1666666666667,0.8689127124946333,,,,,,172478.83333333334,1.1834077591713905,2730.3333333333335,0.6274382281313305,244555776.0,,,0.3715073056253946,,,100.0,1.0876824138798569,0.3501243333333311,0.39974411119086045,0.39974411119086045,6,6
sparse_regression,regression,affine_profiled,100.0,2.0,0.05666666666666667,5.666666666666667,,20.666666666666668,256.0,0.02402388898190105,10762.145679897343,60.166666666666664,0.9125138821952236,0.9318984780318095,0.7815455854669703,0.08191609977324259,0.7815455854669703,0.06391518126752722,47727.666666666664,1.321766208068184,112.33333333333333,0.6848409727469571,,1.2327279343752175,1.4636507242446903,0.3087832614997397,8.0,1.5020821095291634,8.0,1.1483608477027742,2.549326833333332,2.9179433471678444,,6,6
sparse_regression,regression,catboost,,,,,0.4514170000000088,,256.0,0.004031791856201933,64140.432923063374,1600.0,0.8717055942777384,,,,,,44898.666666666664,1.1922610681275796,3100.0,0.6170591611055929,240399701.33333334,,,0.37734680305672313,,,100.0,1.0910107644774165,0.4514170000000088,0.506115521149089,0.506115521149089,6,6
sparse_regression,regression,coerror_no_cert,100.0,,0.05666666666666667,5.666666666666667,,19.333333333333332,256.0,0.0224903821557139,11459.281775779831,62.333333333333336,0.9525688056922971,0.9544359446670688,0.7747921699949142,0.10770975056689336,0.7747921699949142,0.09505692669403736,47788.333333333336,1.439399997377614,116.66666666666667,0.744080125291441,,,1.403999161235,0.2490451566049213,8.0,1.5256344344938915,8.0,1.1984938543953725,2.548014666666667,2.9159843961242586,,6,6
sparse_regression,regression,coerror_no_cert_affine,100.0,2.0,0.05666666666666667,5.666666666666667,,19.333333333333332,256.0,0.025296089976715484,10239.898770493319,62.333333333333336,0.9075157800329784,0.9544359446670688,0.7747921699949142,0.10770975056689336,0.7747921699949142,0.09505692669403736,48039.333333333336,1.2969497319458403,116.66666666666667,0.672776147131397,,1.272346997305706,1.403999161235,0.32089731366342766,8.0,1.5256344344938915,8.0,1.137624612746731,2.546995999999998,2.912555722442145,,6,6
sparse_regression,regression,extra_trees,,,,,1.081550333333335,,256.0,0.04216457631749409,6218.762668433447,102400.0,0.8757444619573369,,,,,,14810979.0,1.1821037451337257,204544.0,0.6131723087067041,238299818.66666666,,,0.38122778715922195,,,256.0,1.0868685732518357,1.081550333333335,1.204348500080717,1.204348500080717,6,6
sparse_regression,regression,lightgbm,,,,,0.09994416666666217,,256.0,0.007590173549639634,34419.76845899122,1485.1666666666667,0.8873972378279279,,,,,,151788.33333333334,1.2324343846558747,2870.3333333333335,0.6389579003255459,240208554.66666666,,,0.3552338370264545,,,100.0,1.1095110821219822,0.09994416666666217,0.11736623589725538,0.11736623589725538,6,6
sparse_regression,regression,random_forest,,,,,1.7982131666666656,,256.0,0.03493159031495447,7347.399773844558,64791.833333333336,0.8873236467604797,,,,,,9395403.0,1.2313319564164942,129327.66666666667,0.6386656283842701,238329856.0,,,0.3555341774787136,,,256.0,1.1090561909076322,1.7982131666666656,2.021330923695738,2.021330923695738,6,6
sparse_regression,regression,random_subspace,100.0,,0.05666666666666667,5.666666666666667,,23.166666666666668,256.0,0.0234936600318178,10912.47066557993,54.166666666666664,1.0649859728559308,0.931909820504595,0.8573069465290288,0.05357142857142851,0.8573069465290288,-0.06975988335386235,46612.166666666664,1.7875932486235466,100.33333333333333,0.9248953202632898,,,1.810385260021003,0.06688424872505362,8.0,1.2924011630833718,8.0,1.3352504741960285,0.04614833333334187,0.04978738888166842,,6,6
sparse_regression,regression,random_subspace_affine,100.0,2.0,0.05666666666666667,5.666666666666667,,23.166666666666668,256.0,0.023217034836610098,11368.725255118088,54.166666666666664,1.0405617239083507,0.931909820504595,0.8573069465290288,0.05357142857142851,0.8573069465290288,-0.06975988335386235,46863.166666666664,1.7145492813617194,100.33333333333333,0.8887426316120908,,1.7722557185288281,1.810385260021003,0.10344728938129054,8.0,1.2924011630833718,8.0,1.3067746595784844,2.5484089999999973,2.91610253501373,,6,6
sparse_regression,regression,rf_shallow,,,,,0.03363150000000557,,256.0,0.004187930414142667,61296.30160527539,63.5,0.8949259704249636,,,,,,15003.0,1.274959371652885,119.0,0.6607912133187247,238318933.33333334,,,0.3331147767338647,,,8.0,1.128415820934391,0.03363150000000557,0.03757628468641385,0.03757628468641385,6,6
sparse_regression,regression,top_no_cert,100.0,,0.05666666666666667,5.666666666666667,,19.666666666666668,256.0,0.022606687426256582,11395.869395988111,61.666666666666664,0.9734652215771531,0.9625999738503674,0.8274122962760582,0.1377551020408163,0.8274122962760582,0.10941410130205703,47692.5,1.5015653878900734,115.33333333333333,0.7753252490181461,,,1.4627557160506275,0.21750911550534646,8.0,1.3679282759687446,8.0,1.2235978959486622,2.548386999999998,2.9191267712740228,,6,6
sparse_regression,regression,top_no_cert_affine,100.0,2.0,0.05666666666666667,5.666666666666667,,19.666666666666668,256.0,0.021760416605199336,11802.173493312308,61.666666666666664,0.9563264247983025,0.9625999738503674,0.8274122962760582,0.1377551020408163,0.8274122962760582,0.10941410130205703,47943.5,1.449376771073722,115.33333333333333,0.7487378102419098,,1.4047217504435752,1.4627557160506275,0.24433863352617216,8.0,1.3679282759687446,8.0,1.2014403756634564,2.548833666666662,2.9182865485393754,,6,6
sparse_regression,regression,xgboost,,,,,0.3879753333333416,,256.0,0.003662604256533033,71050.48317948208,1414.0,0.8933679961531075,,,,,,172399.5,1.2354194860345085,2728.0,0.6397097067077034,239932757.33333334,,,0.3545819950344591,,,100.0,1.1106367380909823,0.3879753333333416,0.44153393735177815,0.44153393735177815,6,6
