dataset,method,metric,advantage_B300_vs_B30,paired_splits
additive_binary,random_subspace,auroc,0.021405618685426953,6
null_binary,random_subspace,auroc,0.04157540286257633,6
additive_binary,top_no_cert,auroc,0.0036630426737342403,6
null_binary,top_no_cert,auroc,-0.006291028592399865,6
additive_binary,coerror_no_cert,auroc,0.019281371362729987,6
null_binary,coerror_no_cert,auroc,0.009778693323991589,6
additive_binary,shrinkage_no_cert,auroc,0.015177678038738374,6
null_binary,shrinkage_no_cert,auroc,-0.0019911420278250955,6
additive_binary,random_forest,auroc,0.0,6
null_binary,random_forest,auroc,0.0,6
additive_regression,random_subspace,normalized_squared_loss,-0.015551014116357065,6
null_regression,random_subspace,normalized_squared_loss,0.007781562829061746,6
additive_regression,top_no_cert,normalized_squared_loss,-0.004411044788434626,6
null_regression,top_no_cert,normalized_squared_loss,0.00022295156999082208,6
additive_regression,coerror_no_cert,normalized_squared_loss,0.005743014818774354,6
null_regression,coerror_no_cert,normalized_squared_loss,0.0016014658569246665,6
additive_regression,shrinkage_no_cert,normalized_squared_loss,0.010031153207153976,6
null_regression,shrinkage_no_cert,normalized_squared_loss,-0.00015159235435197038,6
additive_regression,coerror_no_cert_affine,normalized_squared_loss,-0.013281795887448341,6
null_regression,coerror_no_cert_affine,normalized_squared_loss,-0.022593584969383924,6
additive_regression,affine_profiled,normalized_squared_loss,-0.03212303637661379,6
null_regression,affine_profiled,normalized_squared_loss,-0.03137929301804019,6
additive_regression,random_forest,normalized_squared_loss,0.0,6
null_regression,random_forest,normalized_squared_loss,0.0,6
