dataset,task,method,B,aggregation_scalar_parameters,auprc,auroc,balanced_accuracy,brier,certification_rate,certified_count,cpu_seconds,ece_10,feature_coverage,inference_batch_rows,inference_batch_seconds,inference_rows_per_second,leaves,log_loss,mae,max_abs_residual_correlation,mean_abs_residual_correlation,mean_feature_jaccard,mean_residual_correlation,mean_selected_quality,model_bytes,mse,nodes,normalized_squared_loss,observed_peak_rss_bytes,oof_calibrated_squared_loss,oof_squared_loss,r2,requested_K,residual_effective_rank,retained_count,rmse,train_cpu_seconds,train_wall_seconds,wall_seconds,completed_splits,expected_splits,pool_B
additive_binary,binary,coerror,30.0,,0.6782271394938356,0.6819121170852808,0.6305075321725491,0.230813443947849,0.4333333333333333,13.0,,0.0682835966769593,23.333333333333332,256.0,0.0228543682799984,11259.440572398304,62.166666666666664,0.6539722847009921,,0.8853258004784051,0.8361921871258374,0.058673469387755,0.8361921871258374,0.5903397752483642,49364.833333333336,,116.33333333333331,0.923614515200646,,,0.223682057032317,,8.0,1.3572834572658117,8.0,,0.9629196666666672,1.105872249463573,,6,6,30
additive_binary,binary,coerror_no_cert,30.0,,0.692269724314937,0.691039503423814,0.638792861516117,0.2300631339177182,0.4333333333333333,13.0,,0.0768610098174911,23.833333333333332,256.0,0.0214360209647565,11984.54828444212,62.0,0.6524721687036925,,0.881245031074867,0.8362875891552924,0.0518707482993196,0.8362875891552924,0.5884492148960748,49338.166666666664,,116.0,0.9206126509147752,,,0.2229677943261817,,8.0,1.3573451800589578,8.0,,0.9634966666666664,1.1069438883957143,,6,6,30
additive_binary,binary,random_forest,,,0.8014862079113262,0.8093518473297431,0.730293516316811,0.2023161188761393,,,0.6304406666666665,0.1368066406249999,,256.0,0.0288505205729355,8888.032998239685,14572.666666666666,0.5940825158252988,,,,,,,2413525.6666666665,,28889.333333333332,0.8095771134876908,177870165.33333334,,,,,,256.0,,0.6304406666666665,0.7096055831837779,0.7096055831837779,6,6,30
additive_binary,binary,random_subspace,30.0,,0.6598630074529488,0.6530424102731108,0.6086005784609715,0.235433208623409,0.4333333333333333,13.0,,0.0626903733528913,23.666666666666668,256.0,0.0239987220071876,10832.338850044818,60.333333333333336,0.6634577366341515,,0.90679227376436,0.8584579545665844,0.0481859410430838,0.8584579545665844,0.5536716649635044,49074.0,,112.66666666666669,0.942099451842516,,,0.2369446554264141,,8.0,1.2994679066932742,8.0,,0.0516376666666653,0.0599937847194571,,6,6,30
additive_binary,binary,shrinkage_no_cert,30.0,,0.692269724314937,0.691039503423814,0.638792861516117,0.2300631339177182,0.4333333333333333,13.0,,0.0768610098174911,23.833333333333332,256.0,0.0210652015715216,12308.028917844103,62.0,0.6524721687036925,,0.881245031074867,0.8362875891552922,0.0518707482993196,0.8362875891552922,0.5884492148960748,49338.0,,116.0,0.9206126509147752,,,0.2229677943261817,,8.0,1.3573451800589578,8.0,,0.9638613333333338,1.1077127707346033,,6,6,30
additive_binary,binary,top_no_cert,30.0,,0.6753334359039963,0.6719612684958132,0.6236111011516227,0.2319296263570798,0.4333333333333333,13.0,,0.0558103200493234,23.0,256.0,0.0215281459968536,11978.077971885752,61.833333333333336,0.6561486071512191,,0.9002576783436483,0.8388536630746591,0.0654761904761904,0.8388536630746591,0.5916764753569241,49311.166666666664,,115.66666666666669,0.9280833729666396,,,0.2246868452293418,,8.0,1.3496889085965602,8.0,,0.9620158333333318,1.106929714907892,,6,6,30
additive_binary,binary,top_quality,30.0,,0.6648721362908614,0.6666690726095578,0.6235944328181227,0.2326790114274698,0.4333333333333333,13.0,,0.05644315498139,23.0,256.0,0.0228591183355698,11274.651473998229,62.0,0.6577234594798357,,0.8929014260610292,0.8386517854261646,0.0654761904761904,0.8386517854261646,0.591614489991721,49338.0,,116.0,0.9310812130322064,,,0.2247068423058756,,8.0,1.3502449375372354,8.0,,0.962381000000001,1.1043277978897097,,6,6,30
additive_regression,regression,affine_profiled,30.0,2.0,,,,,0.0,0.0,,,23.833333333333332,256.0,0.0216717708390205,12089.538908393048,60.333333333333336,,1.03130836605006,0.8806923409715108,0.82867256685173,0.0507369614512471,0.82867256685173,-0.0369748594137763,47751.0,1.6887602919855382,112.66666666666669,0.8643215667178992,,1.6022365817479003,1.7169630903465354,0.1260571179341299,8.0,1.3778372438009805,8.0,1.2983362978702884,0.8046608333333337,0.9337946741531292,,6,6,30
additive_regression,regression,coerror_no_cert,30.0,,,,,,0.0,0.0,,,23.0,256.0,0.0219640344536552,11734.230055665445,60.833333333333336,,1.0521437457813732,0.8992442411555293,0.8278778887903986,0.0592403628117913,0.8278778887903986,-0.0330478436152505,47572.5,1.775954619276695,113.66666666666669,0.9084445846872844,,,1.7087093544546943,0.0812813500051944,8.0,1.3801059644931388,8.0,1.3316803354440967,0.802210166666668,0.9269220205023884,,6,6,30
additive_regression,regression,coerror_no_cert_affine,30.0,2.0,,,,,0.0,0.0,,,23.0,256.0,0.0224952917002762,11574.826935502237,60.833333333333336,,1.034104618553574,0.8992442411555293,0.8278778887903986,0.0592403628117913,0.8278778887903986,-0.0330478436152505,47823.5,1.7202736622558312,113.66666666666669,0.8806230307119242,,1.6316042447632666,1.7087093544546943,0.1095432334381261,8.0,1.3801059644931388,8.0,1.3105725913950077,0.8042313333333334,0.9316013609059156,,6,6,30
additive_regression,regression,random_forest,,,,,,,,,1.856711833333333,,,256.0,0.0350112360126028,7328.44232377867,64791.833333333336,,0.9852420992795712,,,,,,9395403.0,1.5339796422238237,129327.66666666669,0.783833805872086,189207893.33333337,,,0.2074158657772115,,,256.0,1.2371138283571883,1.856711833333333,2.0795561876147985,2.0795561876147985,6,6,30
additive_regression,regression,random_subspace,30.0,,,,,,0.0,0.0,,,23.666666666666668,256.0,0.0217298264227186,11870.299535168308,60.0,,1.0620226773000137,0.9177927613486218,0.8548155089869757,0.0481859410430838,0.8548155089869757,-0.0759426850787454,47452.666666666664,1.80757613137569,112.0,0.9257895031626048,,,1.830733965915392,0.0637128101948325,8.0,1.3086693792752166,8.0,1.3438058362748633,0.0486643333333341,0.0582147082701945,,6,6,30
additive_regression,regression,shrinkage_no_cert,30.0,,,,,,0.0,0.0,,,22.666666666666668,256.0,0.0211469654847557,12313.584426569372,60.833333333333336,,1.0542686923145628,0.8992442411555293,0.8290332366871148,0.0600907029478457,0.8290332366871148,-0.0318765986221959,47572.666666666664,1.7844799516862258,113.66666666666669,0.9124167537608148,,,1.7088683397582616,0.0773091144332298,8.0,1.376779960789322,8.0,1.334695098061944,0.8021163333333335,0.9307931661993886,,6,6,30
additive_regression,regression,top_no_cert,30.0,,,,,,0.0,0.0,,,21.666666666666668,256.0,0.0242696113806838,10564.718344548064,60.0,,1.060474192174165,0.9124330376503388,0.8463449401017739,0.0734126984126983,0.8463449401017739,-0.0247628233797006,47452.333333333336,1.810938985625101,112.0,0.9256516532929554,,,1.7274887807068364,0.0638415342384555,8.0,1.329809982154278,8.0,1.3445010197092289,0.808447000000001,0.933145270566456,,6,6,30
null_binary,binary,coerror_no_cert,30.0,,0.5392770649465244,0.5223853893504153,0.5067083708671137,0.251833115914708,0.061111111111111,1.8333333333333333,,0.0523244408156241,23.0,256.0,0.0219429302960633,11965.810926004307,58.833333333333336,0.6970290165054561,,0.9344503539969664,0.8940406092667992,0.0564058956916099,0.8940406092667992,0.5375960105761852,48831.166666666664,,109.66666666666669,1.00778750044053,,,0.2415994961119176,,8.0,1.214412377641152,8.0,,0.9670030000000006,1.1062249100068584,,6,6,30
null_binary,binary,random_forest,,,0.5171798097948868,0.4996430612551296,0.4959811330197177,0.2552936045328776,,,0.6752038333333333,0.0646679687499999,,256.0,0.029349062591791,8838.916041154132,16060.0,0.7040774021084323,,,,,,,2651499.0,,31864.0,1.0216259563823913,190769834.66666663,,,,,,256.0,,0.6752038333333333,0.7653029304541027,0.7653029304541027,6,6,30
null_binary,binary,random_subspace,30.0,,0.5060561892014551,0.5016694141393921,0.4988595569345744,0.2537073362981691,0.061111111111111,1.8333333333333333,,0.0505463063381385,23.666666666666668,256.0,0.0243467708739141,10635.743551538486,56.666666666666664,0.700774888480962,,0.9342285847924692,0.8964205049415962,0.0481859410430838,0.8964205049415962,0.5042379128455193,48487.333333333336,,105.33333333333331,1.0152850336578776,,,0.2519452908086315,,8.0,1.2082243441467024,8.0,,0.0511006666666666,0.0550450695057709,,6,6,30
null_binary,binary,shrinkage_no_cert,30.0,,0.5497073756014433,0.528727056017082,0.5100417042004471,0.2510520929781376,0.061111111111111,1.8333333333333333,,0.051408089282928,23.0,256.0,0.0225081735601027,11660.177797054086,59.0,0.6954197830179099,,0.9344503539969664,0.8941657473480967,0.0555555555555555,0.8941657473480967,0.5375999168261852,48858.0,,110.0,1.0046634086942483,,,0.2416014010885435,,8.0,1.2141362783902956,8.0,,0.9666770000000008,1.1048410144479324,,6,6,30
null_binary,binary,top_no_cert,30.0,,0.5365955348367984,0.5245226562239349,0.5181359890568178,0.2524742353787928,0.061111111111111,1.8333333333333333,,0.06773994061531,21.666666666666668,256.0,0.0243369305972009,10611.355617813851,58.666666666666664,0.6985660840559794,,0.9367088306336994,0.8922230386323665,0.0734126984126983,0.8922230386323665,0.5426657004585377,48807.0,,109.33333333333331,1.010352980585112,,,0.2431866579759014,,8.0,1.218577015022734,8.0,,0.9656218333333324,1.1040392434612538,,6,6,30
null_regression,regression,affine_profiled,30.0,2.0,,,,,0.0,0.0,,,24.666666666666668,256.0,0.022957402630709,11382.463051258914,57.5,,0.8080752284178033,0.9322155341720808,0.8885669204531039,0.044501133786848,0.8885669204531039,-0.0821206927762557,47343.666666666664,1.0119472447627225,107.0,1.0095885630888746,,0.9755195107241104,0.9765363818002816,-0.0210665144383642,8.0,1.2267992094036193,8.0,1.0047223919195791,0.8201403333333369,0.9501068752336628,,6,6,30
null_regression,regression,coerror_no_cert,30.0,,,,,,0.0,0.0,,,24.666666666666668,256.0,0.0218797430085638,11918.820873694554,57.5,,0.8083627633651709,0.9322155341720808,0.8885669204531039,0.044501133786848,0.8885669204531039,-0.0821206927762557,47093.0,1.0123075295732729,107.0,1.0104049757900908,,,0.9765363818002816,-0.0218870708655774,8.0,1.2267992094036195,8.0,1.005007293987517,0.8193818333333288,0.9488432848981272,,6,6,30
null_regression,regression,coerror_no_cert_affine,30.0,2.0,,,,,0.0,0.0,,,24.666666666666668,256.0,0.021205277647823,12202.527931129704,57.5,,0.8080752284178033,0.9322155341720808,0.8885669204531039,0.044501133786848,0.8885669204531039,-0.0821206927762557,47344.0,1.0119472447627225,107.0,1.0095885630888746,,0.9755195107241104,0.9765363818002816,-0.0210665144383642,8.0,1.2267992094036195,8.0,1.0047223919195791,0.8285761666666692,0.959249562739084,,6,6,30
null_regression,regression,random_forest,,,,,,,,,2.1008871666666664,,,256.0,0.0376487014970431,6822.852633653399,64791.833333333336,,0.8213497399730744,,,,,,9395403.0,1.0402620710384227,129327.66666666669,1.0375896012110088,174724437.33333334,,,-0.049378702383953,,,256.0,1.0186091089509393,2.1008871666666664,2.3670872153403857,2.3670872153403857,6,6,30
null_regression,regression,random_subspace,30.0,,,,,,0.0,0.0,,,23.666666666666668,256.0,0.0241026388248428,10744.432014375225,55.0,,0.8095428412860102,0.9338570954711064,0.8976321327681697,0.0481859410430838,0.8976321327681697,-0.1238707283896294,46732.666666666664,1.0127424052016452,102.0,1.010163297731857,,,1.0227973478775667,-0.0216171995398691,8.0,1.2061382546181505,8.0,1.0050615311747413,0.0493163333333346,0.0615908267209305,,6,6,30
null_regression,regression,shrinkage_no_cert,30.0,,,,,,0.0,0.0,,,24.333333333333332,256.0,0.0206752501738567,12519.269207149877,57.333333333333336,,0.8072838719805174,0.93143197156299,0.8908660656330328,0.0481859410430838,0.8908660656330328,-0.0798554657238064,47069.166666666664,1.0119383017332673,106.66666666666669,1.0100687275303983,,,0.9767144941563788,-0.0215395411820596,8.0,1.221280949461233,8.0,1.004829573732023,0.8180821666666608,0.944453687989153,,6,6,30
null_regression,regression,top_no_cert,30.0,,,,,,0.0,0.0,,,22.0,256.0,0.0252629793637121,10408.719982329225,55.5,,0.8106603496122249,0.9415777055737228,0.9022562033038964,0.0623582766439908,0.9022562033038964,-0.0739703675101701,46804.5,1.0172822791224496,103.0,1.0147006385166184,,,0.9821569212328914,-0.0262050233091902,8.0,1.1945769086600089,8.0,1.0072996575689617,0.8177650000000014,0.9473276876378804,,6,6,30
additive_binary,binary,coerror,100.0,,0.6912023527200838,0.6933998033269665,0.6544128637590183,0.2286655476169599,0.4233333333333333,42.333333333333336,,0.0894127618734782,21.833333333333332,256.0,0.0228520625193292,11251.384530296476,62.5,0.6494826255635008,,0.8877789848894452,0.8292044250140503,0.0629251700680271,0.8292044250140503,0.6063777696999455,49417.666666666664,,117.0,0.9150238663058377,,,0.2163301147201156,,8.0,1.3766757315823197,8.0,,2.9774343333333326,3.3702474654419348,,6,6,100
additive_binary,binary,coerror_no_cert,100.0,,0.6912023527200838,0.6933998033269665,0.6544128637590183,0.2286655476169599,0.4233333333333333,42.333333333333336,,0.0894127618734782,21.833333333333332,256.0,0.022816228835533,11466.721910841045,62.5,0.6494826255635008,,0.8877789848894452,0.8292044250140503,0.0629251700680271,0.8292044250140503,0.6063777696999455,49418.0,,117.0,0.9150238663058377,,,0.2163301147201156,,8.0,1.3766757315823197,8.0,,2.9673085,3.3553563953998187,,6,6,100
additive_binary,binary,random_forest,,,0.8014862079113262,0.8093518473297431,0.730293516316811,0.2023161188761393,,,0.6248295000000009,0.1368066406249999,,256.0,0.0281666320903846,9112.035904859362,14572.666666666666,0.5940825158252988,,,,,,,2413525.6666666665,,28889.333333333332,0.8095771134876908,177927509.33333334,,,,,,256.0,,0.6248295000000009,0.7082773123402148,0.7082773123402148,6,6,100
additive_binary,binary,random_subspace,100.0,,0.6455955221760888,0.6545125126739247,0.6033420536151753,0.2362286960771688,0.4233333333333333,42.333333333333336,,0.0557368125037062,23.166666666666668,256.0,0.023906861237871,10848.307935611052,59.333333333333336,0.6652400439437726,,0.9109135653649868,0.8588714507326016,0.0535714285714285,0.8588714507326016,0.5481604611402423,48910.833333333336,,110.66666666666669,0.9452851533693352,,,0.2384538575747507,,8.0,1.2970976771085885,8.0,,0.0517838333333333,0.0619604238697016,,6,6,100
additive_binary,binary,shrinkage_no_cert,100.0,,0.6902613888347543,0.6861698974050694,0.6469557664995642,0.229655568099837,0.4233333333333333,42.333333333333336,,0.0948044440898496,21.666666666666668,256.0,0.0242633821908384,10627.347620590985,62.166666666666664,0.6514839427767445,,0.8923400348831798,0.8315178933347522,0.0632086167800453,0.8315178933347522,0.6075502604637185,49364.166666666664,,116.33333333333331,0.9189827162303156,,,0.216356974601612,,8.0,1.3703344354682638,8.0,,2.966126333333333,3.356261528291119,,6,6,100
additive_binary,binary,top_no_cert,100.0,,0.695150143279045,0.6887770580508087,0.6403106491866944,0.2284999241659881,0.4233333333333333,42.333333333333336,,0.0807481300840517,20.833333333333332,256.0,0.0216852984546372,11936.340260769915,62.333333333333336,0.6492046309420237,,0.9256425634829032,0.8388409415774087,0.0843537414965985,0.8388409415774087,0.6119175068489681,49391.166666666664,,116.66666666666669,0.9143593911838488,,,0.2191276206261728,,8.0,1.3494550904381055,8.0,,2.9653359999999993,3.353357354334245,,6,6,100
additive_binary,binary,top_quality,100.0,,0.695150143279045,0.6887770580508087,0.6403106491866944,0.2284999241659881,0.4233333333333333,42.333333333333336,,0.0807481300840517,20.833333333333332,256.0,0.0240877498484526,10818.93592597859,62.333333333333336,0.6492046309420237,,0.9256425634829032,0.8388409415774087,0.0843537414965985,0.8388409415774087,0.6119175068489681,49391.166666666664,,116.66666666666669,0.9143593911838488,,,0.2191276206261728,,8.0,1.3494550904381055,8.0,,2.9684781666666655,3.363869451258021,,6,6,100
additive_regression,regression,affine_profiled,100.0,2.0,,,,,0.0,0.0,,,24.5,256.0,0.0234652014138797,11084.112994481662,60.333333333333336,,1.0442419544234187,0.8775182980797789,0.8219713783571744,0.0410997732426303,0.8219713783571744,-0.0200240995717848,47751.0,1.7677336380446569,112.66666666666669,0.9034323033913662,,1.4989437385594515,1.6774224858846412,0.0864928416238294,8.0,1.3962599582601491,8.0,1.3279786787054404,2.5589053333333305,2.876075923442841,,6,6,100
additive_regression,regression,coerror_no_cert,100.0,,,,,,0.0,0.0,,,21.666666666666668,256.0,0.0227120767813175,11326.313491640149,62.833333333333336,,1.0458737407978955,0.8855965289320203,0.8139554740509993,0.0688775510204081,0.8139554740509993,-0.014174237715694,47859.666666666664,1.7587758113515717,117.66666666666669,0.899300642871219,,,1.653804344305925,0.0904224140215262,8.0,1.4195027686788169,8.0,1.325141846003184,2.556491833333334,2.8718584096447253,,6,6,100
additive_regression,regression,coerror_no_cert_affine,100.0,2.0,,,,,0.0,0.0,,,21.666666666666668,256.0,0.0221852988470345,11694.12531828604,62.833333333333336,,1.0290472158471795,0.8855965289320203,0.8139554740509993,0.0688775510204081,0.8139554740509993,-0.014174237715694,48110.666666666664,1.7170477402204445,117.66666666666669,0.8781131889102022,,1.5500519951542258,1.653804344305925,0.1119309069808243,8.0,1.4195027686788169,8.0,1.309311887547986,2.5611145,2.8987473893600204,,6,6,100
additive_regression,regression,random_forest,,,,,,,,,1.8600679999999992,,,256.0,0.0359452013702441,7148.849563524189,64791.833333333336,,0.9852420992795712,,,,,,9395403.0,1.5339796422238237,129327.66666666669,0.783833805872086,175229610.66666666,,,0.2074158657772115,,,256.0,1.2371138283571883,1.8600679999999992,2.0987675069676093,2.0987675069676093,6,6,100
additive_regression,regression,random_subspace,100.0,,,,,,0.0,0.0,,,23.166666666666668,256.0,0.0236919166054576,10884.21322016336,58.5,,1.0652865804765133,0.9034967583870788,0.8536542134680863,0.0535714285714285,0.8536542134680863,-0.0858969704213868,47236.166666666664,1.8245290627603856,109.0,0.9329642498580822,,,1.843946645275241,0.0564004903178973,8.0,1.3114026758877677,8.0,1.3496206758631502,0.0492601666666653,0.0554835002403705,,6,6,100
additive_regression,regression,shrinkage_no_cert,100.0,,,,,,0.0,0.0,,,21.666666666666668,256.0,0.0229213473697503,11284.570689316382,62.333333333333336,,1.045646548565684,0.8855965289320203,0.8159098881548021,0.0677437641723355,0.8159098881548021,-0.0122568168411104,47787.5,1.7595828965211764,116.66666666666669,0.8997515684154943,,,1.6540782827715714,0.0899639880927759,8.0,1.4138091004721096,8.0,1.3254620346377604,2.556632499999999,2.8720932425154992,,6,6,100
additive_regression,regression,top_no_cert,100.0,,,,,,0.0,0.0,,,20.5,256.0,0.0210386319862057,12235.93047480822,60.333333333333336,,1.0572546961927662,0.9267683507197708,0.8506638907725891,0.0925736961451246,0.8506638907725891,0.0020033638974193,47500.5,1.799357683142123,112.66666666666669,0.9198135527220052,,,1.690202864155948,0.0696955871710458,8.0,1.319036190480871,8.0,1.3401791440045396,2.555744833333334,2.8697665970151625,,6,6,100
null_binary,binary,coerror,100.0,,0.5275282408364053,0.5094084676208588,0.4565108597737964,0.2529950220355452,0.13,13.0,,0.1021187994837115,21.0,256.0,0.0238855420611798,10717.780628310107,61.0,0.6992640239057928,,0.9273577141029378,0.8770900963871116,0.0731292517006802,0.8770900963871116,0.5796904714242819,49180.0,,114.0,1.0128916906637784,,,0.2293464831840867,,8.0,1.253813297534841,8.0,,2.9732970000000165,3.309807207202539,,1,6,100
null_binary,binary,coerror_no_cert,100.0,,0.5451113400428061,0.5288324383611918,0.5041658325826578,0.2508173530863174,0.0583333333333333,5.833333333333333,,0.0600342094296753,21.666666666666668,256.0,0.0211270347936078,12184.18918878837,57.666666666666664,0.6949538933800533,,0.938351395171118,0.8935036899488944,0.0702947845804988,0.8935036899488944,0.5521333426646482,48646.666666666664,,107.33333333333331,1.0037204127164103,,,0.2364558037498284,,8.0,1.21511746996058,8.0,,2.955670166666664,3.2917497292316207,,6,6,100
null_binary,binary,random_forest,,,0.5171798097948868,0.4996430612551296,0.4959811330197177,0.2552936045328776,,,0.662375666666667,0.0646679687499999,,256.0,0.0289669234383229,8853.963436100436,16060.0,0.7040774021084323,,,,,,,2651499.0,,31864.0,1.0216259563823913,177007274.66666666,,,,,,256.0,,0.662375666666667,0.7670105206392085,0.7670105206392085,6,6,100
null_binary,binary,random_subspace,100.0,,0.5193167742981061,0.505880502452207,0.5065399693057084,0.2537571065270984,0.0583333333333333,5.833333333333333,,0.0520796554869193,23.166666666666668,256.0,0.0223308195515225,11511.171166135193,58.333333333333336,0.7009486236984311,,0.938105535232106,0.9015400779168482,0.0535714285714285,0.9015400779168482,0.495360887585285,48750.833333333336,,108.66666666666669,1.0154844640435774,,,0.2553731576052606,,8.0,1.19675590091672,8.0,,0.0524169999999959,0.0641119657084345,,6,6,100
null_binary,binary,shrinkage_no_cert,100.0,,0.5508771200134887,0.5399907716945251,0.5241658325826578,0.2502567452036328,0.0583333333333333,5.833333333333333,,0.0406950845613648,21.5,256.0,0.0215199789575611,11955.991773288764,57.833333333333336,0.6938576760589386,,0.9428897890345984,0.8951359448761343,0.0705782312925169,0.8951359448761343,0.5529403739146482,48674.0,,107.66666666666669,1.001477981185672,,,0.2364542976537773,,8.0,1.2114555425657985,8.0,,2.955617333333336,3.2931125833032033,,6,6,100
null_binary,binary,top_no_cert,100.0,,0.5267417019162609,0.5195082791178728,0.5183157341607446,0.2555043966420519,0.0583333333333333,5.833333333333333,,0.0644873068512459,19.166666666666668,256.0,0.0210209096549078,12280.120773481956,58.166666666666664,0.7065198158844804,,0.9463344905893396,0.8978818236889253,0.1096938775510203,0.8978818236889253,0.560962260513629,48727.0,,108.33333333333331,1.0224741676765798,,,0.2388762303217506,,8.0,1.2053106838391665,8.0,,2.953563833333336,3.28499782003928,,6,6,100
null_binary,binary,top_quality,100.0,,0.5526117852075437,0.5266239615654089,0.5174657191472325,0.2518404466222548,0.13,13.0,,0.0477647291483261,21.0,256.0,0.0217218750622123,11785.354591480036,61.0,0.6968981875897866,,0.9273577141029378,0.8799814450029185,0.0799319727891156,0.8799814450029185,0.583045053047743,49181.0,,114.0,1.0082692287949349,,,0.2303600404260417,,8.0,1.2466805197880977,8.0,,2.971497999999997,3.313205915968865,,1,6,100
null_regression,regression,affine_profiled,100.0,2.0,,,,,0.0,0.0,,,22.0,256.0,0.0222726944290722,11715.244921063637,58.333333333333336,,0.8180120691895971,0.9232745073702124,0.8845539356016681,0.0636621315192743,0.8845539356016681,-0.0630979849457894,47463.833333333336,1.0402422395487916,108.66666666666669,1.0375255858925223,,0.9489545678143496,0.955589885268098,-0.049418233584582,8.0,1.2363651009443417,8.0,1.0185725197271176,2.54932800000001,2.9127142985428995,,6,6,100
null_regression,regression,coerror_no_cert,100.0,,,,,,0.0,0.0,,,21.666666666666668,256.0,0.0225827224785461,11474.683792146354,58.333333333333336,,0.8093663981596023,0.9255939146663557,0.8834148828934879,0.0678004535147391,0.8834148828934879,-0.0636516853363622,47212.0,1.0198185807215687,108.66666666666669,1.017579091509904,,,0.9550288345395588,-0.0292109804324589,8.0,1.239117470199829,8.0,1.0086616413519514,2.5474218333333383,2.906938839936629,,6,6,100
null_regression,regression,coerror_no_cert_affine,100.0,2.0,,,,,0.0,0.0,,,21.666666666666668,256.0,0.0240527291704589,10814.009947590332,58.333333333333336,,0.8131213550694963,0.9255939146663557,0.8834148828934879,0.0678004535147391,0.8834148828934879,-0.0636516853363622,47463.0,1.033453971332529,108.66666666666669,1.031079764474249,,0.95059290527839,0.9550288345395588,-0.0428994015827838,8.0,1.239117470199829,8.0,1.015334192836497,2.547770500000013,2.9084255690686405,,6,6,100
null_regression,regression,random_forest,,,,,,,,,2.066007833333338,,,256.0,0.0352692776747668,7272.533096289172,64791.833333333336,,0.8213497399730744,,,,,,9395403.0,1.0402620710384227,129327.66666666669,1.0375896012110088,167848618.66666666,,,-0.049378702383953,,,256.0,1.0186091089509393,2.066007833333338,2.3005630417804546,2.3005630417804546,6,6,100
null_regression,regression,random_subspace,100.0,,,,,,0.0,0.0,,,23.166666666666668,256.0,0.0235028887400403,11059.446084574609,55.666666666666664,,0.808438701685012,0.9332452529959062,0.8961750255363025,0.0535714285714285,0.8961750255363025,-0.1309194844091311,46828.166666666664,1.0094987905348165,103.33333333333331,1.006681660907218,,,1.0267532217580493,-0.0180996596831788,8.0,1.209064168975597,8.0,1.0033902672449078,0.0483295000000082,0.0526777634319538,,6,6,100
null_regression,regression,shrinkage_no_cert,100.0,,,,,,0.0,0.0,,,22.0,256.0,0.0222689788400505,11554.650746219886,58.5,,0.8097730133640275,0.9255939146663557,0.8852202758932594,0.0646825396825396,0.8852202758932594,-0.0618296191926285,47236.0,1.0188018240553167,109.0,1.016668965966678,,,0.9550674545034123,-0.0282733292851818,8.0,1.2348539024127048,8.0,1.008183840873955,2.547402333333345,2.9060810969288773,,6,6,100
null_regression,regression,top_no_cert,100.0,,,,,,0.0,0.0,,,22.0,256.0,0.0229745068354531,11191.176326139606,56.5,,0.8074722005510591,0.9354507310958392,0.9029702863657832,0.0696145124716552,0.9029702863657832,-0.0527042848643232,46948.166666666664,1.0167633660361328,105.0,1.0139568872715106,,,0.9637115429887042,-0.0255426935583968,8.0,1.1931028253097646,8.0,1.0070081497492744,2.54568516666667,2.9009366727356487,,6,6,100
additive_binary,binary,coerror,300.0,,0.7130059156702293,0.710320874786544,0.6567483436075051,0.2241977679314374,0.4455555555555555,133.66666666666666,,0.10023565309798,21.166666666666668,256.0,0.0246068818184236,10515.739681415414,62.5,0.6401375045485508,,0.9317890145409304,0.8224459677219054,0.0784580498866212,0.8224459677219054,0.6269513824820394,49428.166666666664,,117.0,0.8971476471590524,,,0.2100489639996925,,8.0,1.3949462111809972,8.0,,8.695238666666665,9.99511961763104,,6,6,300
additive_binary,binary,coerror_no_cert,300.0,,0.7130059156702293,0.710320874786544,0.6567483436075051,0.2241977679314374,0.4455555555555555,133.66666666666666,,0.10023565309798,21.166666666666668,256.0,0.0216846528540675,12019.68890682604,62.5,0.6401375045485508,,0.9317890145409304,0.8224459677219054,0.0784580498866212,0.8224459677219054,0.6269513824820394,49428.166666666664,,117.0,0.8971476471590524,,,0.2100489639996925,,8.0,1.3949462111809972,8.0,,8.696154999999997,10.008932409303574,,6,6,300
additive_binary,binary,random_forest,,,0.8014862079113262,0.8093518473297431,0.730293516316811,0.2023161188761393,,,0.6280944999999992,0.1368066406249999,,256.0,0.028778187270897,8937.628417198483,14572.666666666666,0.5940825158252988,,,,,,,2413525.6666666665,,28889.333333333332,0.8095771134876908,177116501.33333334,,,,,,256.0,,0.6280944999999992,0.7141120346107831,0.7141120346107831,6,6,300
additive_binary,binary,random_subspace,300.0,,0.6700763813344679,0.6744480289585378,0.6263759216411455,0.2337177171536656,0.4455555555555555,133.66666666666666,,0.0766203594814257,23.833333333333332,256.0,0.021738993236795,11811.746568196491,59.166666666666664,0.6601193781478605,,0.9057554686861334,0.8591227668083654,0.0543083900226756,0.8591227668083654,0.5512154612007519,48900.5,,110.33333333333331,0.9352370575419252,,,0.2374497193089404,,8.0,1.2962905694796654,8.0,,0.053368666666668,0.0749796041442701,,6,6,300
additive_binary,binary,shrinkage_no_cert,300.0,,0.7085962140123403,0.7062171814625525,0.6589253028708421,0.2249508748983251,0.4455555555555555,133.66666666666666,,0.0961064367834971,20.666666666666668,256.0,0.0234589998144656,10963.72679208284,62.5,0.6417646186993111,,0.9317890145409304,0.8248260029132024,0.0858276643990929,0.8248260029132024,0.6286368108747848,49430.833333333336,,117.0,0.9001627132093972,,,0.2100906070243257,,8.0,1.3885789574388558,8.0,,8.697054,10.00246113864705,,6,6,300
additive_binary,binary,top_no_cert,300.0,,0.6780218431753421,0.6756243111695475,0.6112096078683114,0.2296938079206469,0.4455555555555555,133.66666666666666,,0.0747459713952755,18.166666666666668,256.0,0.0223017918178811,11585.536348146929,62.166666666666664,0.6515238188881116,,0.9647227181390284,0.8550753024953894,0.1587868480725623,0.8550753024953894,0.6366563115347307,49369.666666666664,,116.33333333333331,0.9191412694374465,,,0.2157832305985222,,8.0,1.3063253040664746,8.0,,8.697328,10.009520229185,,6,6,300
additive_binary,binary,top_quality,300.0,,0.6780218431753421,0.6756243111695475,0.6112096078683114,0.2296938079206469,0.4455555555555555,133.66666666666666,,0.0747459713952755,18.166666666666668,256.0,0.0255309790760899,10100.247274222083,62.166666666666664,0.6515238188881116,,0.9647227181390284,0.8550753024953894,0.1587868480725623,0.8550753024953894,0.6366563115347307,49369.666666666664,,116.33333333333331,0.9191412694374465,,,0.2157832305985222,,8.0,1.3063253040664746,8.0,,8.693998333333331,9.992419485623635,,6,6,300
additive_regression,regression,affine_profiled,300.0,2.0,,,,,0.0,0.0,,,24.666666666666668,256.0,0.021273694311579,12055.615631055998,61.666666666666664,,1.044748795997805,0.8712960674868028,0.8148830512658534,0.038548752834467,0.8148830512658534,-0.0004611362109811,47943.333333333336,1.7568975770238018,115.33333333333331,0.8964446030945129,,1.3961681790419336,1.6341739925013872,0.0934857267918076,8.0,1.4161262885833494,8.0,1.3232919058048322,7.420518333333341,8.286635048260601,,6,6,300
additive_regression,regression,coerror_no_cert,300.0,,,,,,0.0,0.0,,,20.833333333333332,256.0,0.0224897706260283,11527.20875288039,63.333333333333336,,1.0525053189069495,0.8843836584232246,0.8065011164479784,0.0804988662131518,0.8065011164479784,0.0087045911240857,47945.666666666664,1.7658719372305025,118.66666666666669,0.90270156986851,,,1.6048507608380551,0.0869594836522552,8.0,1.4409729399654785,8.0,1.3276515676172913,7.419327833333334,8.28270140918903,,6,6,300
additive_regression,regression,coerror_no_cert_affine,300.0,2.0,,,,,0.0,0.0,,,20.833333333333332,256.0,0.0231803747980544,11296.900042008832,63.333333333333336,,1.0494986146580498,0.8843836584232246,0.8065011164479784,0.0804988662131518,0.8065011164479784,0.0087045911240857,48183.333333333336,1.7475692032648018,118.66666666666669,0.8939048265993724,,1.4661773978179482,1.6048507608380551,0.09594265094695,8.0,1.4409729399654785,8.0,1.3207609020660047,7.421142500000005,8.29009275654486,,6,6,300
additive_regression,regression,random_forest,,,,,,,,,1.8556538333333303,,,256.0,0.0363017708684006,7076.970526844533,64791.833333333336,,0.9852420992795712,,,,,,9395403.0,1.5339796422238237,129327.66666666669,0.783833805872086,167449941.33333334,,,0.2074158657772115,,,256.0,1.2371138283571883,1.8556538333333303,2.0648446874693036,2.0648446874693036,6,6,300
additive_regression,regression,random_subspace,300.0,,,,,,0.0,0.0,,,23.833333333333332,256.0,0.0215309858710193,12010.254477136024,57.666666666666664,,1.0712393480599032,0.9142278788082584,0.859345569080639,0.0543083900226756,0.859345569080639,-0.0879319274708521,47129.833333333336,1.8407622689757357,107.33333333333331,0.9413405172789618,,,1.858751002208556,0.0479592671826564,8.0,1.296009056151759,8.0,1.355656787585661,0.0485405000000037,0.0598673058751349,,6,6,300
additive_regression,regression,shrinkage_no_cert,300.0,,,,,,0.0,0.0,,,20.0,256.0,0.0218648196508486,11897.804473522634,62.666666666666664,,1.0526544475288693,0.8945802548511814,0.8111804195333453,0.0863378684807256,0.8111804195333453,0.0133280911930782,47849.5,1.7651771015028224,117.33333333333331,0.9023856005536608,,,1.60520723339303,0.0872536950098565,8.0,1.4270428537466922,8.0,1.3274328566222422,7.419798166666681,8.281271381963355,,6,6,300
additive_regression,regression,top_no_cert,300.0,,,,,,0.0,0.0,,,20.166666666666668,256.0,0.0222318543043608,11559.720035232154,61.833333333333336,,1.069721720821233,0.9300058740119695,0.8419831702463879,0.103344671201814,0.8419831702463879,0.0256686181470309,47729.5,1.819025286058324,115.66666666666669,0.93006269808139,,,1.6371822339933402,0.059210245963092,8.0,1.3409191011315005,8.0,1.3475949309619857,7.418474333333339,8.286984882356288,,6,6,300
null_binary,binary,coerror,300.0,,0.5212157406335501,0.5132701431288159,0.5069298368531678,0.2549307786883643,0.0593333333333333,17.8,,0.0616601127847295,21.4,256.0,0.0233997583854943,11118.382017069584,58.8,0.7044664449085221,,0.9443932245848496,0.8921197216136145,0.0797959183673468,0.8921197216136145,0.5663153914773296,48837.6,,109.6,1.020090576394476,,,0.2345985129615969,,8.0,1.2185875083623785,8.0,,8.637462999999991,9.552491258410736,,5,6,300
null_binary,binary,coerror_no_cert,300.0,,0.5440287301525978,0.532164082674407,0.5182536783104794,0.2514189320745264,0.0533333333333333,16.0,,0.0583479687276054,21.833333333333332,256.0,0.0223754303297027,11517.434949099168,59.333333333333336,0.6962577202834191,,0.941227101723697,0.882669316546934,0.0663265306122448,0.882669316546934,0.5611429090869282,48927.166666666664,,110.66666666666669,1.006129370188399,,,0.2331101422694702,,8.0,1.2406782043474405,8.0,,8.631545666666659,9.547832687268963,,6,6,300
null_binary,binary,random_forest,,,0.5171798097948868,0.4996430612551296,0.4959811330197177,0.2552936045328776,,,0.6684248333333235,0.0646679687499999,,256.0,0.0285831738729029,8981.223912613736,16060.0,0.7040774021084323,,,,,,,2651499.0,,31864.0,1.0216259563823913,178074965.33333334,,,,,,256.0,,0.6684248333333235,0.7612282986907909,0.7612282986907909,6,6,300
null_binary,binary,random_subspace,300.0,,0.5345045332108046,0.5432448170019685,0.5413380375671438,0.2497421595691631,0.0533333333333333,16.0,,0.0607562094233904,23.833333333333332,256.0,0.0232889933589224,11042.09158198818,57.0,0.6928117504161563,,0.932671720240144,0.9004772454069639,0.0543083900226756,0.9004772454069639,0.50640731731475,48553.833333333336,,106.0,0.99941704089753,,,0.2532845674953136,,8.0,1.1988824060146233,8.0,,0.0517358333333153,0.0615759794212256,,6,6,300
null_binary,binary,shrinkage_no_cert,300.0,,0.5360026729640541,0.526735913989257,0.512477896773763,0.2518793791327079,0.0533333333333333,16.0,,0.0535691282474111,20.666666666666668,256.0,0.0252102638284364,10480.320528082537,59.0,0.6973112503299458,,0.941822034677262,0.8880250631859316,0.0799319727891155,0.8880250631859316,0.5614512759400127,48870.666666666664,,110.0,1.0079682560741143,,,0.2332070781229893,,8.0,1.228199819505216,8.0,,8.630846666666665,9.53333572872604,,6,6,300
null_binary,binary,top_no_cert,300.0,,0.5331142744391245,0.5182316276315351,0.5166877689920929,0.2572296996369174,0.0533333333333333,16.0,,0.0725477519315426,18.833333333333332,256.0,0.0222751043038442,11567.492548001808,60.333333333333336,0.7106654487736059,,0.9583756320285478,0.9021524555216726,0.1340702947845804,0.9021524555216726,0.5722488496156958,49081.166666666664,,112.66666666666669,1.0293797768190691,,,0.2378858315124137,,8.0,1.1946228308553508,8.0,,8.630358666666675,9.536766992959503,,6,6,300
null_binary,binary,top_quality,300.0,,0.5270945584800381,0.5183611430287258,0.518621359223301,0.2567009167959623,0.0593333333333333,17.8,,0.0672739068189005,19.0,256.0,0.022926358366385,11396.622767827204,59.4,0.7097125597236418,,0.9569227859776482,0.9016118741389594,0.127891156462585,0.9016118741389594,0.5720925541112001,48933.6,,110.8,1.0271736981967712,,,0.2382496176297329,,8.0,1.1959362323194882,8.0,,8.636037600000003,9.550300842057911,,5,6,300
null_regression,regression,affine_profiled,300.0,2.0,,,,,0.0,0.0,,,22.833333333333332,256.0,0.0232223817147313,11200.263382239047,58.333333333333336,,0.8192287517665231,0.9172469813419828,0.8808886427587738,0.0578231292517006,0.8808886427587738,-0.0496694970672981,47463.166666666664,1.0448218183234643,108.66666666666669,1.040967856106915,,0.922755071305403,0.9403815383908856,-0.0528135041066731,8.0,1.2445830633171464,8.0,1.0205162229798015,7.438553666666659,8.264942215328725,,6,6,300
null_regression,regression,coerror_no_cert,300.0,,,,,,0.0,0.0,,,21.833333333333332,256.0,0.0240371734059104,10699.778108346103,57.666666666666664,,0.8085348170548534,0.9431267893487676,0.8805171076145518,0.0689342403628117,0.8805171076145518,-0.0477935370337962,47124.166666666664,1.0117485488083098,107.33333333333331,1.008803509933166,,,0.9383432795881848,-0.0203211249619829,8.0,1.2454228602493709,8.0,1.0044712757362744,7.438421166666676,8.267648834036663,,6,6,300
null_regression,regression,coerror_no_cert_affine,300.0,2.0,,,,,0.0,0.0,,,21.833333333333332,256.0,0.0225171250058337,11463.167939730089,57.666666666666664,,0.8168984069198003,0.9431267893487676,0.8805171076145518,0.0689342403628117,0.8805171076145518,-0.0477935370337962,47367.166666666664,1.035634953766699,107.33333333333331,1.0321821480582585,,0.9264345093720484,0.9383432795881848,-0.0439828942776437,8.0,1.2454228602493709,8.0,1.0161065343854048,7.439809666666676,8.2753592991891,,6,6,300
null_regression,regression,random_forest,,,,,,,,,2.0791211666666576,,,256.0,0.0348427151329815,7354.32298748047,64791.833333333336,,0.8213497399730744,,,,,,9395403.0,1.0402620710384227,129327.66666666669,1.0375896012110088,178443605.33333334,,,-0.049378702383953,,,256.0,1.0186091089509393,2.0791211666666576,2.3113906316381567,2.3113906316381567,6,6,300
null_regression,regression,random_subspace,300.0,,,,,,0.0,0.0,,,23.833333333333332,256.0,0.0219735206337645,11761.110610906491,55.666666666666664,,0.807443575239389,0.9283912500596304,0.8957481225284308,0.0543083900226756,0.8957481225284308,-0.1245710997937917,46841.833333333336,1.004317478280828,103.33333333333331,1.0023817349027957,,,1.0219746929536655,-0.0137890772125814,8.0,1.209789803062293,8.0,1.001033270797225,0.0484569999999895,0.056037813075818,,6,6,300
null_regression,regression,shrinkage_no_cert,300.0,,,,,,0.0,0.0,,,21.333333333333332,256.0,0.0226594168149555,11403.713779258229,57.666666666666664,,0.8099343843142535,0.9373647728052604,0.8829134156117261,0.0701814058956915,0.8829134156117261,-0.0454775846431045,47124.166666666664,1.0132767781833087,107.33333333333331,1.0102203198847504,,,0.9385583914405908,-0.0217742904731552,8.0,1.2395166731945062,8.0,1.0051961387548225,7.43773116666667,8.26681403509186,,6,6,300
null_regression,regression,top_no_cert,300.0,,,,,,0.0,0.0,,,19.666666666666668,256.0,0.0215333957457914,11951.62204331576,57.333333333333336,,0.8102190618693587,0.965393745902144,0.9084507658366396,0.1018707482993196,0.9084507658366396,-0.0357387969328093,47076.166666666664,1.0177355066023095,106.66666666666669,1.0144776869466277,,,0.9531211938934544,-0.0260371289939359,8.0,1.1806403079788994,8.0,1.0073805380082177,7.43665766666668,8.267285459054014,,6,6,300
