dataset,task,method,B,aggregation_scalar_parameters,auprc,auroc,auroc_macro_ovr,balanced_accuracy,brier,certification_rate,certified_count,coefficient_count,cpu_seconds,ece_10,feature_coverage,inference_batch_rows,inference_batch_seconds,inference_rows_per_second,leaves,log_loss,mae,max_abs_residual_correlation,mean_abs_residual_correlation,mean_feature_jaccard,mean_residual_correlation,mean_selected_quality,model_bytes,mse,nodes,normalized_squared_loss,observed_peak_rss_bytes,oof_calibrated_squared_loss,oof_squared_loss,r2,requested_K,residual_effective_rank,retained_count,rmse,train_cpu_seconds,train_wall_seconds,wall_seconds,completed_splits,expected_splits
breast_cancer,binary,abs_correlation,100.0,,0.9888127054234803,0.9859081660833349,,0.9450102576241765,0.04058000396245353,1.0,100.0,,,0.046840645095692184,29.833333333333332,256.0,0.0222356320979694,11558.185489251564,56.666666666666664,0.14531137494827137,,0.8202394419874165,0.531212545988962,0.3389759753522421,0.531212545988962,0.9420763254607607,53247.333333333336,,105.33333333333333,0.17357770424845612,,,0.03973101271993975,,8.0,2.6130632097790456,8.0,,3.4144623333333346,3.8167211945789554,,6,6
breast_cancer,binary,caruana,100.0,,0.9853984598905156,0.981341128000496,,0.936256756223616,0.043402724251712134,1.0,100.0,,,0.04075072557461388,30.0,256.0,0.018201257179801617,14545.411593395263,43.0,0.1619846991934312,,0.8058121135079004,0.569658472460388,0.32786215591462403,0.569658472460388,0.9548813939220677,41490.666666666664,,79.83333333333333,0.18564751150168748,,,0.03443338795768522,,8.0,2.298922568350052,6.166666666666667,,3.3194238333333366,3.702616527598972,,6,6
breast_cancer,binary,catboost,,,0.9955826857237206,0.9932513850610668,,0.9602457884562275,0.02653637926761643,,,,0.3766650000000018,0.037078043055290465,,256.0,0.003330277705875483,77170.63424830041,1596.3333333333333,0.0972762903069347,,,,,,,45506.666666666664,,3092.6666666666665,0.1135015024144173,215545173.33333334,,,,,,100.0,,0.3766650000000018,0.4282437985530123,0.4282437985530123,6,6
breast_cancer,binary,certified_random,100.0,,0.9844027464042585,0.9800198952820565,,0.9377273444589104,0.04430128224694446,1.0,100.0,,,0.03615144640398523,29.666666666666668,256.0,0.022543979343026835,11433.739116524797,55.333333333333336,0.1873161923120864,,0.9248305211509922,0.6819343362298591,0.3429913367086463,0.6819343362298591,0.9466207466779539,53028.0,,102.66666666666667,0.1894740713833738,,,0.04629014473808563,,8.0,1.8592509179161565,8.0,,3.3247735000000005,3.7111328471219167,,6,6
breast_cancer,binary,coerror,100.0,,0.9852241306460904,0.981006346200452,,0.9379877303033889,0.04299768952254588,1.0,100.0,,,0.04364996044531752,30.0,256.0,0.024188388721086033,10636.793489087908,55.5,0.1613191620161861,,0.8592780099084586,0.58176230901296,0.3369129673191458,0.58176230901296,0.9547821844500461,53058.833333333336,,103.0,0.18390838156205655,,,0.03497914749487215,,8.0,2.378482063925704,8.0,,3.324822833333336,3.711899485749503,,6,6
breast_cancer,binary,coerror_greedy,100.0,,0.9857539076362851,0.9820518348184345,,0.9433828460961848,0.04174743305739745,1.0,100.0,,,0.04265564516351777,30.0,256.0,0.0227309930681561,11413.238903512096,55.5,0.14738753678408326,,0.8592780099084586,0.5850879478714484,0.3348961666957744,0.5850879478714484,0.9554554590790466,53060.666666666664,,103.0,0.17856647935412942,,,0.035029177661888115,,8.0,2.362843537443645,8.0,,3.323308166666671,3.707698416624529,,6,6
breast_cancer,binary,coerror_no_cert,100.0,,0.9852241306460904,0.981006346200452,,0.9379877303033889,0.04299768952254588,1.0,100.0,,,0.04364996044531752,30.0,256.0,0.024084590220202946,10696.734438475103,55.5,0.1613191620161861,,0.8592780099084586,0.58176230901296,0.3369129673191458,0.58176230901296,0.9547821844500461,53058.833333333336,,103.0,0.18390838156205655,,,0.03497914749487215,,8.0,2.378482063925704,8.0,,3.3268390000000037,3.7160114098417885,,6,6
breast_cancer,binary,covariance_only,100.0,,0.9852156930729231,0.981006346200452,,0.9379877303033889,0.043024699520864816,1.0,100.0,,,0.04293873960977238,30.0,256.0,0.0213840973641102,12107.29820253085,55.5,0.1612654423247643,,0.8537851884681945,0.5810820627101329,0.33578702287022,0.5810820627101329,0.9547530061120443,53066.833333333336,,103.0,0.18402378570006986,,,0.034960895296985504,,8.0,2.3831972775398644,8.0,,3.324978166666669,3.707378958235495,,6,6
breast_cancer,binary,direct_auroc,100.0,,0.9817342557802644,0.9785233811834592,,0.931842032587683,0.046517056615402536,1.0,100.0,,,0.04847827480855215,30.0,256.0,0.022522409795783432,11411.1382784007,54.333333333333336,0.1994927085856474,,0.8881335246991401,0.6190846468218459,0.331549537842444,0.6190846468218459,0.955951252554263,52876.666666666664,,100.66666666666667,0.198961372724528,,,0.0378552526327714,,8.0,2.188085584299114,8.0,,3.4543953333333373,3.858573583032315,,6,6
breast_cancer,binary,direct_squared,100.0,,0.9857539076362851,0.9820518348184345,,0.9433828460961848,0.04174743305739745,1.0,100.0,,,0.04265564516351778,30.0,256.0,0.022073777702947415,11716.00883381058,55.5,0.14738753678408323,,0.8592780099084586,0.5850879478714482,0.3348961666957743,0.5850879478714482,0.9554554590790466,53064.833333333336,,103.0,0.17856647935412942,,,0.035029177661888115,,8.0,2.362843537443645,8.0,,3.3326161666666643,3.7192292707040906,,6,6
breast_cancer,binary,et_shallow,,,0.9883572732778686,0.9826708148047952,,0.9195082258255415,0.06669786792170451,,,,0.015603666666666583,0.1242254408515926,,256.0,0.004017430862101367,70278.69355816607,50.0,0.2522104793598526,,,,,,,15131.0,,92.0,0.2853315774390543,208128682.66666666,,,,,,8.0,,0.015603666666666583,0.017774618153149832,0.017774618153149832,6,6
breast_cancer,binary,extra_trees,,,0.9958735862212836,0.99377018412999,,0.958371799423995,0.029127101744160718,,,,0.30361466666666753,0.04994086054256006,,256.0,0.0273801876076807,9399.690238245874,12211.666666666666,0.11148330654974774,,,,,,,2036277.6666666667,,24167.333333333332,0.12458592032345095,206804309.33333334,,,,,,256.0,,0.30361466666666753,0.3475446181449418,0.3475446181449418,6,6
breast_cancer,binary,lightgbm,,,0.9939427384858281,0.990739957955013,,0.9532232611354402,0.03150046442890694,,,,0.08141733333333429,0.03170994852915293,,256.0,0.006894867789621117,37772.20354750814,1484.1666666666667,0.11609631769186286,,,,,,,181681.66666666666,,2868.3333333333335,0.13474244920220732,210335061.33333334,,,,,,100.0,,0.08141733333333429,0.09561826377951847,0.09561826377951847,6,6
breast_cancer,binary,linear,,,0.9967543497563799,0.9951803256513873,,0.9776186530950408,0.0188157044958986,,,31.0,0.01248650000000105,0.02926789820334175,,256.0,0.0028562707981715,90088.2996620711,,0.07372760282278427,,,,,,,5290.0,,,0.08049746849688165,215627093.33333334,,,,,,1.0,,0.01248650000000105,0.0138200415531173,0.0138200415531173,6,6
breast_cancer,binary,minimax,100.0,,0.9864630029202939,0.9843558550180634,,0.944800173590563,0.03975097209557222,1.0,100.0,,,0.04771603491217912,30.0,256.0,0.024865728958199385,10364.230067504051,56.333333333333336,0.14313169191760036,,0.6651374620906766,0.5702419403875928,0.3456089227869221,0.5702419403875928,0.9445124959008676,53199.333333333336,,104.66666666666667,0.1700216920047143,,,0.041236260673288914,,8.0,2.4211539663126964,8.0,,3.4109520000000035,3.812621645668211,,6,6
breast_cancer,binary,prediction_correlation,100.0,,0.987576720712633,0.9854236060621432,,0.9449767230835996,0.0400288293022619,1.0,100.0,,,0.04836421177897412,30.0,256.0,0.021524666653325114,11934.595012744792,57.166666666666664,0.14470971267757562,,0.8345152416696803,0.5506090981753894,0.3408735111824357,0.5506090981753894,0.9348238318277068,53356.666666666664,,106.33333333333333,0.17121035559623077,,,0.044743878159825834,,8.0,2.4577615504139807,8.0,,3.4038585000000037,3.8046600696009896,,6,6
breast_cancer,binary,quality_diversity,100.0,,0.9886503485688037,0.9849225605735251,,0.933979366394445,0.04230697036118281,1.0,100.0,,,0.04511287362685478,29.833333333333332,256.0,0.02302321531654643,11200.782750173208,55.833333333333336,0.14709325746166013,,0.8885513160084729,0.5888554054384304,0.3328864615007962,0.5888554054384304,0.9593223736278049,53102.166666666664,,103.66666666666667,0.18095026538114747,,,0.03717970225982208,,8.0,2.3051400294434665,8.0,,3.392937000000003,3.782754465122707,,6,6
breast_cancer,binary,random_forest,,,0.9902375358485208,0.9893364388008724,,0.9534668797096305,0.03276278556781942,,,,0.4780190000000018,0.04608959827230109,,256.0,0.025619423288541485,10105.643238377059,4064.1666666666665,0.1405785995948584,,,,,,,732677.6666666666,,7872.333333333333,0.14012967973477455,208377173.33333334,,,,,,256.0,,0.4780190000000018,0.5242752429330721,0.5242752429330721,6,6
breast_cancer,binary,random_patches,,,0.983842360185674,0.9821863956850345,,0.9349064978103917,0.04330520344296382,,,,0.058005999999998246,0.042974601312016185,,256.0,0.023600576717096016,10880.393587898381,47.0,0.15714905230270707,,,,,,,39540.666666666664,,86.0,0.18522656170588922,208186026.66666666,,,,,,8.0,,0.058005999999998246,0.07016371520391348,0.07016371520391348,6,6
breast_cancer,binary,random_subspace,100.0,,0.9844027464042585,0.9800198952820565,,0.9377273444589104,0.04430128224694446,1.0,100.0,,,0.03615144640398523,29.666666666666668,256.0,0.022476354148238852,11472.318105237517,55.333333333333336,0.1873161923120864,,0.9248305211509922,0.6819343362298591,0.3429913367086463,0.6819343362298591,0.9466207466779539,53028.0,,102.66666666666667,0.1894740713833738,,,0.04629014473808563,,8.0,1.8592509179161565,8.0,,0.0656070000000001,0.07267625742436691,,6,6
breast_cancer,binary,rf_shallow,,,0.9847213278929172,0.983841564794932,,0.9395451138201759,0.04082418002733357,,,,0.02144816666666685,0.03968154781693962,,256.0,0.003909645796132549,67440.36338674299,53.166666666666664,0.14823650341746397,,,,,,,15637.666666666666,,98.33333333333333,0.17463369930689546,208120490.66666666,,,,,,8.0,,0.02144816666666685,0.02571781243508055,0.02571781243508055,6,6
breast_cancer,binary,shrinkage,100.0,,0.9852673831740719,0.9809683028140834,,0.9379877303033889,0.0428147534610645,1.0,100.0,,,0.04115623489009275,30.0,256.0,0.024205166613683066,10688.976381097833,55.333333333333336,0.1613663318097747,,0.8762599174787704,0.5909771750586926,0.3315941633161313,0.5909771750586926,0.9550633921034201,53041.333333333336,,102.66666666666667,0.18312262095637544,,,0.03499394999520478,,8.0,2.335572692829377,8.0,,3.3266711666666704,3.713926472545912,,6,6
breast_cancer,binary,signed_correlation,100.0,,0.9888127054234803,0.9859081660833349,,0.9450102576241765,0.04058000396245353,1.0,100.0,,,0.046840645095692184,29.833333333333332,256.0,0.022202597348950734,11546.955686070847,56.666666666666664,0.14531137494827137,,0.8202394419874165,0.531212545988962,0.3389759753522421,0.531212545988962,0.9420763254607607,53247.333333333336,,105.33333333333333,0.17357770424845612,,,0.03973101271993975,,8.0,2.6130632097790456,8.0,,3.417887333333335,3.8190028473036364,,6,6
breast_cancer,binary,top_no_cert,100.0,,0.9781257385073417,0.9739609928478434,,0.9335591983272181,0.048414862350283645,1.0,100.0,,,0.043903718141362014,29.333333333333332,256.0,0.02258394429615385,11500.71283147071,54.666666666666664,0.24266258087469258,,0.9434280561030782,0.7731773922562195,0.363394404984794,0.7731773922562195,0.9656059531993799,52935.333333333336,,101.33333333333333,0.20707225126485793,,,0.04268482374972757,,8.0,1.5588485104163998,8.0,,3.322889500000004,3.707491305307485,,6,6
breast_cancer,binary,top_quality,100.0,,0.9781257385073417,0.9739609928478434,,0.9335591983272181,0.048414862350283645,1.0,100.0,,,0.043903718141362014,29.333333333333332,256.0,0.022942541632801267,11385.504568557639,54.666666666666664,0.24266258087469258,,0.9434280561030782,0.7731773922562195,0.363394404984794,0.7731773922562195,0.9656059531993799,52935.333333333336,,101.33333333333333,0.20707225126485793,,,0.04268482374972757,,8.0,1.5588485104163998,8.0,,3.3244388333333355,3.7101304446502277,,6,6
breast_cancer,binary,xgboost,,,0.9944159691181182,0.9910581133861994,,0.9459206217698347,0.03588739000858505,,,,0.16022466666666624,0.03259622176533709,,256.0,0.0030873126816004168,84639.5228076449,743.3333333333334,0.12412608166535692,,,,,,,127309.83333333333,,1386.6666666666667,0.15351892092849054,209108992.0,,,,,,100.0,,0.16022466666666624,0.1769155346943686,0.1769155346943686,6,6
diabetes,regression,abs_correlation,100.0,,,,,,,0.9049999999999999,90.5,,,,10.0,256.0,0.021813076338730683,11792.995264736675,63.666666666666664,,49.7185130494418,0.9363124520907397,0.7062580619300269,0.3738189720332577,0.7062580619300269,0.2301290172209225,41408.0,3546.4672866015426,119.33333333333333,0.5960581688433051,,,3393.485745287908,0.39152180580681756,8.0,1.7535153988001684,8.0,59.458536333307755,2.6286981666666804,3.0266246874816716,,6,6
diabetes,regression,affine_profiled,100.0,2.0,,,,,,0.9049999999999999,90.5,,,,10.0,256.0,0.021668750171860016,11882.14889017668,64.0,,48.01145948961295,0.9655774005856567,0.7177534538059026,0.37221277399848823,0.7177534538059026,0.2689164185257311,41699.0,3483.70349029824,120.0,0.5896635615402913,,3131.8838438565595,3259.9331456276923,0.39841581372844664,8.0,1.7134811249153215,8.0,58.9316512176261,2.546913833333337,2.9262584861911214,,6,6
diabetes,regression,caruana,100.0,,,,,,,0.9049999999999999,90.5,,,,10.0,256.0,0.01808677784477668,14458.38530131017,52.0,,49.03180560252188,0.9343156455116306,0.7351745648134645,0.33645124716553276,0.7351745648134645,0.2952874735141973,34061.333333333336,3497.1390094289486,97.5,0.5888858299374771,,,3221.7644927446017,0.3990539117356428,8.0,1.6164349233067554,6.5,59.04217028223598,2.544957333333334,2.922414472171416,,6,6
diabetes,regression,catboost,,,,,,,,,,,0.0654098333333313,,,256.0,0.003288021000723016,80114.27343697993,1596.0,,45.518338851627966,,,,,,42367.333333333336,3137.605732090484,3092.0,0.5257232960975425,227865941.33333334,,,0.4632722407098584,,,100.0,55.901747197964916,0.0654098333333313,0.07313648622948674,0.07313648622948674,6,6
diabetes,regression,certified_random,100.0,,,,,,,0.9049999999999999,90.5,,,,10.0,256.0,0.023294118194219917,11017.509270601511,63.833333333333336,,48.93245786316217,0.9491607126534801,0.7633233331338455,0.3373252078609221,0.7633233331338455,0.25938386058285373,41426.666666666664,3546.154056094518,119.66666666666667,0.5968112645799933,,,3479.3971969099716,0.39066498011761236,8.0,1.5677121082490137,8.0,59.50608591122233,2.543215833333335,2.9218671245034784,,6,6
diabetes,regression,coerror,100.0,,,,,,,0.9049999999999999,90.5,,,,10.0,256.0,0.023516819501916517,11035.87328561317,64.0,,48.99994076089882,0.9834664708044656,0.7350036075541185,0.3604969765684051,0.7350036075541185,0.29192885816027575,41453.333333333336,3501.397189619343,120.0,0.5888212627158342,,,3222.9702245548738,0.3989631225316499,8.0,1.6468940623395456,8.0,59.07163344611987,2.54309433333335,2.917277666468484,,6,6
diabetes,regression,coerror_greedy,100.0,,,,,,,0.9049999999999999,90.5,,,,10.0,256.0,0.020713548525236502,12497.770131824582,64.0,,48.67506086948311,0.9657569405933972,0.7451725943829558,0.3628117913832199,0.7451725943829558,0.2985717963762559,41458.666666666664,3471.670423271919,120.0,0.5846211372402422,,,3228.6593354270044,0.40331980999322464,8.0,1.6172985642218576,8.0,58.82517722053293,2.5453756666666814,2.9228639723733068,,6,6
diabetes,regression,coerror_no_cert,100.0,,,,,,,0.9049999999999999,90.5,,,,10.0,256.0,0.022774597319463866,11367.25961414218,64.0,,48.99994076089882,0.9834664708044656,0.7350036075541185,0.3604969765684051,0.7350036075541185,0.29192885816027575,41453.333333333336,3501.397189619343,120.0,0.5888212627158342,,,3222.9702245548738,0.3989631225316499,8.0,1.6468940623395456,8.0,59.07163344611987,2.5462830000000047,2.925397569546476,,6,6
diabetes,regression,coerror_no_cert_affine,100.0,2.0,,,,,,0.9049999999999999,90.5,,,,10.0,256.0,0.02297097234986717,11214.17551275104,64.0,,47.73457951630056,0.9834664708044656,0.7350036075541185,0.3604969765684051,0.7350036075541185,0.29192885816027575,41704.333333333336,3439.28766509203,120.0,0.5814696138994347,,3144.499611827856,3222.9702245548738,0.40671213150495183,8.0,1.6468940623395456,8.0,58.553758040516506,2.545862166666678,2.921919479694528,,6,6
diabetes,regression,covariance_only,100.0,,,,,,,0.9049999999999999,90.5,,,,10.0,256.0,0.020962853954794452,12248.167996219827,64.0,,48.99994076089882,0.9834664708044656,0.7350036075541185,0.3604969765684051,0.7350036075541185,0.29192885816027575,41453.333333333336,3501.397189619343,120.0,0.5888212627158342,,,3222.9702245548738,0.3989631225316499,8.0,1.6468940623395456,8.0,59.07163344611987,2.545255500000001,2.9224684927224494,,6,6
diabetes,regression,direct_squared,100.0,,,,,,,0.9049999999999999,90.5,,,,10.0,256.0,0.020958395791239984,12294.001570425513,64.0,,48.67506086948311,0.9657569405933972,0.7451725943829558,0.3628117913832199,0.7451725943829558,0.29857179637625597,41461.333333333336,3471.670423271919,120.0,0.5846211372402422,,,3228.6593354270044,0.40331980999322464,8.0,1.6172985642218578,8.0,58.82517722053293,2.5497093333333467,2.9255919997037076,,6,6
diabetes,regression,et_shallow,,,,,,,,,,,0.0118371666666708,,,256.0,0.004385652602650167,66407.43016769968,61.333333333333336,,48.923051442073024,,,,,,13971.0,3411.48475850477,114.66666666666667,0.5715461030938019,222879744.0,,,0.41622444189286695,,,8.0,58.33721076018852,0.0118371666666708,0.013617243152111718,0.013617243152111718,6,6
diabetes,regression,extra_trees,,,,,,,,,,,0.36312783333333226,,,256.0,0.03590015985537317,7139.672482074516,74613.16666666667,,46.53494863246538,,,,,,10808955.0,3291.757627480987,148970.33333333334,0.554321117694175,226334037.33333334,,,0.43386573146606827,,,256.0,57.314699875755764,0.36312783333333226,0.4235176178238665,0.4235176178238665,6,6
diabetes,regression,lightgbm,,,,,,,,,,,0.022318833333339186,,,256.0,0.006340916772993849,40910.91896451808,1146.0,,47.18752352503406,,,,,,113942.66666666667,3442.8189366339325,2192.0,0.5797085825434362,226940245.33333334,,,0.4082407665022179,,,100.0,58.58935928250989,0.022318833333339186,0.02576444433846818,0.02576444433846818,6,6
diabetes,regression,linear,,,,,,,,,,11.0,0.007295833333330334,,,256.0,0.0024648471735417335,104738.01607030281,,,44.460017740117394,,,,,,3090.0,3029.3605480222564,,0.5098088073586406,227882325.33333334,,,0.47973016281153164,,,1.0,54.973879698721426,0.007295833333330334,0.008386569602104483,0.008386569602104483,6,6
diabetes,regression,minimax,100.0,,,,,,,0.9049999999999999,90.5,,,,10.0,256.0,0.02151401406930133,11937.065459916308,63.666666666666664,,49.3498271289763,0.8387331294171148,0.7356929866337488,0.3220190854119425,0.7356929866337488,0.23037750958286407,41410.666666666664,3510.0467577312843,119.33333333333333,0.5887799335219984,,,3507.802599444271,0.3986269148465685,8.0,1.662194055752107,8.0,59.15607595373351,2.613357833333351,3.0309639169136062,,6,6
diabetes,regression,prediction_correlation,100.0,,,,,,,0.9049999999999999,90.5,,,,10.0,256.0,0.023110951801451497,11275.934620566033,63.166666666666664,,50.83670805560053,0.9657889690540511,0.7256191819589022,0.40313208616780044,0.7256191819589022,0.19600912075779972,41338.666666666664,3685.1328704217885,118.33333333333333,0.6179924993604714,,,3635.1557289137622,0.36879577475858266,8.0,1.6738064196828983,8.0,60.62781144169703,2.610436000000005,2.9976914582851655,,6,6
diabetes,regression,quality_diversity,100.0,,,,,,,0.9049999999999999,90.5,,,,9.333333333333334,256.0,0.022766236215829797,11292.39874040738,64.0,,48.49646616787868,0.9996287323985874,0.8581170237572716,0.4524990551776266,0.8581170237572716,0.3324826809484151,41461.333333333336,3567.6790357151,120.0,0.5992673047377931,,,3467.9939757120596,0.38839141041968456,8.0,1.2969937202857322,8.0,59.6422571768537,2.5781954999999903,2.962668222414019,,6,6
diabetes,regression,random_forest,,,,,,,,,,,0.5378363333333335,,,256.0,0.03355599307299897,7654.207594941013,46600.166666666664,,47.482477385309416,,,,,,6775083.0,3382.9645013440404,92944.33333333333,0.5697495451019399,224695637.33333334,,,0.4183755363425297,,,256.0,58.10449230580269,0.5378363333333335,0.6002254719302679,0.6002254719302679,6,6
diabetes,regression,random_patches,,,,,,,,,,,0.048050333333335894,,,256.0,0.019760499941185082,12986.475073774942,61.833333333333336,,49.20338675321856,,,,,,31693.333333333332,3510.092060696314,115.66666666666667,0.5872963163218178,222907050.66666666,,,0.39991363572969946,,,8.0,59.160832055006104,0.048050333333335894,0.05920384735024218,0.05920384735024218,6,6
diabetes,regression,random_subspace,100.0,,,,,,,0.9049999999999999,90.5,,,,10.0,256.0,0.024922624851266482,10444.192992888826,63.833333333333336,,48.67479138175025,0.9685287014326588,0.7732405682584748,0.34169501133786845,0.7732405682584748,0.25184300477185034,41424.0,3495.0686061993238,119.66666666666667,0.5872998823457554,,,3547.879774398063,0.40051563261013895,8.0,1.5394661974185821,8.0,59.02262424344692,0.046454499999993425,0.05596265320976568,,6,6
diabetes,regression,rf_shallow,,,,,,,,,,,0.01656166666666075,,,256.0,0.0037138057329380836,70267.53641989303,63.333333333333336,,46.26588948021604,,,,,,14259.0,3265.755636989969,118.66666666666667,0.5504220223403027,222874282.66666666,,,0.4382104397099993,,,8.0,57.09770924841209,0.01656166666666075,0.019217472174204834,0.019217472174204834,6,6
diabetes,regression,shrinkage,100.0,,,,,,,0.9049999999999999,90.5,,,,10.0,256.0,0.0202898748296623,12673.463713647638,64.0,,48.64587227941016,0.9927646094693457,0.7444931037628826,0.36909486016628873,0.7444931037628826,0.29865764541330586,41450.666666666664,3465.930340969968,120.0,0.5839033890792996,,,3225.7206664115542,0.4040343190926821,8.0,1.6171210872683497,8.0,58.78279120608059,2.544875333333335,2.9217988609258705,,6,6
diabetes,regression,signed_correlation,100.0,,,,,,,0.9049999999999999,90.5,,,,10.0,256.0,0.022038743210335516,11757.149733608443,63.666666666666664,,49.7185130494418,0.9363124520907397,0.7062580619300269,0.3738189720332577,0.7062580619300269,0.2301290172209225,41408.0,3546.4672866015426,119.33333333333333,0.5960581688433051,,,3393.485745287908,0.39152180580681756,8.0,1.7535153988001684,8.0,59.458536333307755,2.6273920000000124,3.0187799165723845,,6,6
diabetes,regression,top_no_cert,100.0,,,,,,,0.9049999999999999,90.5,,,,8.833333333333334,256.0,0.022772583179175784,11690.214701811741,64.0,,48.52953486444267,0.9999956897312243,0.9002001594678887,0.5007794784580498,0.9002001594678887,0.3343999454377009,41456.0,3607.138792517693,120.0,0.6060437566225859,,,3607.7914945301527,0.3814127608548225,8.0,1.1991395629140742,8.0,59.98013614931245,2.5459703333333508,2.9271429584672055,,6,6
diabetes,regression,top_quality,100.0,,,,,,,0.9049999999999999,90.5,,,,8.833333333333334,256.0,0.0220784514676779,11769.044379036292,64.0,,48.52953486444267,0.9999956897312243,0.9002001594678887,0.5007794784580498,0.9002001594678887,0.3343999454377009,41456.0,3607.138792517693,120.0,0.6060437566225859,,,3607.7914945301527,0.3814127608548225,8.0,1.1991395629140742,8.0,59.98013614931245,2.5435116666666744,2.921138430479914,,6,6
diabetes,regression,xgboost,,,,,,,,,,,0.05038183333332563,,,256.0,0.0032225972972809835,82718.59000450639,1401.5,,47.92842183572196,,,,,,170827.5,3543.1786612945557,2703.0,0.596900356972309,226350421.33333334,,,0.3904103154602458,,,100.0,59.49344270898296,0.05038183333332563,0.06401377761115627,0.06401377761115627,6,6
wine,multiclass,abs_correlation,100.0,,,,0.9984315515599921,0.9666968599033816,0.0780012875999082,1.0,100.0,,,,13.0,118.66666666666667,0.022471868006202034,5306.52914436152,47.0,0.17551271557579465,,0.6660817689168449,0.289227986778767,0.3896885521885522,0.289227986778767,0.9285303625710405,31708.666666666668,,86.0,0.11843659265756372,,,0.08789194906192789,,8.0,4.39652408642421,8.0,,2.922504999999989,3.2829136605141684,,6,6
wine,multiclass,caruana,100.0,,,,0.9953741632106072,0.9501610305958131,0.08780468690051924,1.0,100.0,,,,12.833333333333334,118.66666666666667,0.020471270933436782,5988.524949394178,39.0,0.1629394417742149,,0.8565717628584371,0.33488124301775407,0.3852300785634119,0.33488124301775407,0.9507603830746653,27655.333333333332,,71.0,0.13330737001884432,,,0.07315770536587751,,8.0,3.7062631523772556,7.0,,2.8483261666666686,3.2023449167221165,,6,6
wine,multiclass,catboost,,,,,0.9985016726523299,0.9676529790660225,0.06485853748609031,,,,0.11692249999999871,,,118.66666666666667,0.002600666484795467,47230.225466306154,1600.0,0.16822235309761877,,,,,,,69440.66666666667,,3100.0,0.0984774576438643,211580245.33333334,,,,,,100.0,,0.11692249999999871,0.131878159668607,0.131878159668607,6,6
wine,multiclass,certified_random,100.0,,,,0.9944705264334379,0.9477455716586151,0.09401236136963737,1.0,100.0,,,,13.0,118.66666666666667,0.02364346501417455,5039.207377785462,46.333333333333336,0.16893426913587092,,0.9253190853848966,0.45310560046549475,0.356986531986532,0.45310560046549475,0.9320262607072815,31639.333333333332,,84.66666666666667,0.14272307576953275,,,0.11604884761211476,,8.0,2.9649498010807633,8.0,,2.8339480000000066,3.1840683752670884,,6,6
wine,multiclass,coerror,100.0,,,,0.9955210501307499,0.9529388083735909,0.08621560713256442,1.0,100.0,,,,13.0,118.66666666666667,0.02209280543805407,5398.582073710747,44.5,0.16117807944010162,,0.9440797213375903,0.35963668597541076,0.37834595959595957,0.35963668597541076,0.9519123147635669,31289.5,,81.0,0.13089498501599894,,,0.07309680374247986,,8.0,3.695892900898222,8.0,,2.8322166666666697,3.1802342433171966,,6,6
wine,multiclass,coerror_greedy,100.0,,,,0.9953741632106072,0.9501610305958131,0.08747103722115762,1.0,100.0,,,,13.0,118.66666666666667,0.022442208214973367,5335.089830318983,44.333333333333336,0.16168735028285197,,0.9373239568812076,0.365239242678759,0.3859848484848485,0.365239242678759,0.9525602553455946,31254.833333333332,,80.66666666666667,0.13280008580979208,,,0.07330624534222972,,8.0,3.6652449896585346,8.0,,2.8328210000000005,3.1826803194514164,,6,6
wine,multiclass,coerror_no_cert,100.0,,,,0.9955210501307499,0.9529388083735909,0.08621560713256442,1.0,100.0,,,,13.0,118.66666666666667,0.023545208503492135,5084.75652870976,44.5,0.16117807944010162,,0.9440797213375903,0.35963668597541076,0.37834595959595957,0.35963668597541076,0.9519123147635669,31289.5,,81.0,0.13089498501599894,,,0.07309680374247986,,8.0,3.695892900898222,8.0,,2.8338320000000032,3.182784798555076,,6,6
wine,multiclass,covariance_only,100.0,,,,0.9955210501307499,0.9529388083735909,0.08641691182703826,1.0,100.0,,,,13.0,118.66666666666667,0.021355555470411916,5565.440229335636,44.5,0.16163308251406527,,0.9440797213375903,0.35882350635527277,0.3747685185185185,0.35882350635527277,0.952070603209366,31278.833333333332,,81.0,0.13120004044607358,,,0.07307926401475622,,8.0,3.6953560222601145,8.0,,2.8323105000000033,3.179976958897896,,6,6
wine,multiclass,direct_squared,100.0,,,,0.9953741632106072,0.9501610305958131,0.08747103722115762,1.0,100.0,,,,13.0,118.66666666666667,0.022007478905531216,5505.60731154788,44.333333333333336,0.16168735028285197,,0.9373239568812076,0.3652392426787591,0.3859848484848485,0.3652392426787591,0.9525602553455946,31258.0,,80.66666666666667,0.13280008580979205,,,0.07330624534222972,,8.0,3.6652449896585355,8.0,,2.8518491666666677,3.205349590124873,,6,6
wine,multiclass,et_shallow,,,,,0.9864426363334825,0.8994565217391304,0.2490499507497331,,,,0.014039333333336351,,,118.66666666666667,0.0044634098109478165,27174.51548626432,48.166666666666664,0.47601726610451095,,,,,,,14704.333333333334,,88.33333333333333,0.37819013136814955,210466133.33333334,,,,,,8.0,,0.014039333333336351,0.015232944317782868,0.015232944317782868,6,6
wine,multiclass,extra_trees,,,,,0.9995616976334031,0.9883252818035427,0.06274676421716834,,,,0.26474766666666477,,,118.66666666666667,0.023145000333897717,5137.9590498096595,7087.0,0.15751680542283722,,,,,,,1332899.0,,13918.0,0.09529248439149901,210673664.0,,,,,,256.0,,0.26474766666666477,0.2958844721627732,0.2958844721627732,6,6
wine,multiclass,lightgbm,,,,,0.9964895704786939,0.9575382447665056,0.062132680022922,,,,0.029329666666664336,,,118.66666666666667,0.005432625029546483,21964.84543548386,1530.6666666666667,0.11776692977769637,,,,,,,214335.0,,2761.3333333333335,0.0943083622540969,211203413.33333334,,,,,,300.0,,0.029329666666664336,0.0331522499909624,0.0331522499909624,6,6
wine,multiclass,linear,,,,,0.999038320248753,0.9755938003220611,0.03825588141964823,,,42.0,0.010843833333332449,,,118.66666666666667,0.002977270982228133,41185.9264112381,,0.07922789460308981,,,,,,,4058.0,,,0.058120219312405665,211610282.66666666,,,,,,1.0,,0.010843833333332449,0.011416951310820817,0.011416951310820817,6,6
wine,multiclass,minimax,100.0,,,,0.9974123124616222,0.9690116747181965,0.0790721694973459,1.0,100.0,,,,13.0,118.66666666666667,0.022216152671414083,5405.368890478359,46.166666666666664,0.17613123459678945,,0.5049669692064777,0.3240242541197829,0.3792508417508418,0.3240242541197829,0.9232890600763838,31558.333333333332,,84.33333333333333,0.12007459007370103,,,0.10209070681399283,,8.0,4.177867100323261,8.0,,2.89369216666667,3.2707452783361077,,6,6
wine,multiclass,prediction_correlation,100.0,,,,0.9956233190854301,0.9786030595813204,0.1052225823865633,1.0,100.0,,,,13.0,118.66666666666667,0.02151054885083185,5564.486609994601,48.833333333333336,0.23286443097737308,,0.7987400639884562,0.37815408403624,0.4070286195286195,0.37815408403624,0.8940766326027343,32098.0,,89.66666666666667,0.15979382625306351,,,0.15226920669152458,,8.0,3.493359994205772,8.0,,2.9040924999999973,3.2696151602625227,,6,6
wine,multiclass,quality_diversity,100.0,,,,0.995066099590802,0.9531702898550725,0.08967819632110292,1.0,100.0,,,,13.0,118.66666666666667,0.022846736207914803,5335.889252653124,44.5,0.16516329368308122,,0.929236529785082,0.37788528306364205,0.3841690716690717,0.37788528306364205,0.9568848942462194,31291.666666666668,,81.0,0.13615266278426597,,,0.07752231078490862,,8.0,3.5502468441171176,8.0,,2.926194666666665,3.2911180280692256,,6,6
wine,multiclass,random_forest,,,,,0.9991788613609196,0.9728462157809984,0.06481141630988109,,,,0.3619160000000008,,,118.66666666666667,0.021488042082637483,5529.676918250356,2288.8333333333335,0.15195444479632111,,,,,,,488421.6666666667,,4321.666666666667,0.09841540204784105,210509824.0,,,,,,256.0,,0.3619160000000008,0.4079003609949723,0.4079003609949723,6,6
wine,multiclass,random_patches,,,,,0.9908577092368572,0.9349838969404187,0.12886741825624068,,,,0.05025283333333395,,,118.66666666666667,0.023941701472115967,5113.2544069706055,39.666666666666664,0.24633415749924123,,,,,,,26599.333333333332,,71.33333333333333,0.19572162604057244,210496170.66666666,,,,,,8.0,,0.05025283333333395,0.05950214597396547,0.05950214597396547,6,6
wine,multiclass,random_subspace,100.0,,,,0.9944705264334379,0.9477455716586151,0.09401236136963737,1.0,100.0,,,,13.0,118.66666666666667,0.021808013902045734,5508.69126181012,46.333333333333336,0.16893426913587092,,0.9253190853848966,0.45310560046549475,0.356986531986532,0.45310560046549475,0.9320262607072815,31639.333333333332,,84.66666666666667,0.14272307576953275,,,0.11604884761211476,,8.0,2.9649498010807633,8.0,,0.0505073333333309,0.05930879859564198,,6,6
wine,multiclass,rf_shallow,,,,,0.9936215711038766,0.9361714975845411,0.1275953709130139,,,,0.017927666666669933,,,118.66666666666667,0.00346302074224995,34715.1442565475,45.666666666666664,0.254566273139939,,,,,,,14264.333333333334,,83.33333333333333,0.1937632069062488,210482517.33333334,,,,,,8.0,,0.017927666666669933,0.019862791639752617,0.019862791639752617,6,6
wine,multiclass,shrinkage,100.0,,,,0.9947787642651282,0.9455314009661836,0.09351082282530439,1.0,100.0,,,,13.0,118.66666666666667,0.0222703193624814,5338.159610456881,44.666666666666664,0.16710771812010547,,0.9388616367421417,0.386072627644278,0.3866582491582491,0.386072627644278,0.9544006829394132,31351.333333333332,,81.33333333333333,0.14197314900256502,,,0.07341219575866036,,8.0,3.491666347789025,8.0,,2.833394500000002,3.180607159699624,,6,6
wine,multiclass,signed_correlation,100.0,,,,0.9984315515599921,0.9666968599033816,0.0780012875999082,1.0,100.0,,,,13.0,118.66666666666667,0.021327478966365217,5622.627060857937,47.0,0.17551271557579465,,0.6660817689168449,0.289227986778767,0.3896885521885522,0.289227986778767,0.9285303625710405,31708.666666666668,,86.0,0.11843659265756372,,,0.08789194906192789,,8.0,4.39652408642421,8.0,,2.9234500000000025,3.2850552221837765,,6,6
wine,multiclass,top_no_cert,100.0,,,,0.9735806309796592,0.9108393719806763,0.13217593105353195,1.0,100.0,,,,12.166666666666666,118.66666666666667,0.021054840142217715,5647.796267890176,44.0,0.5019788554855954,,0.9900322775481651,0.6618435836317496,0.48068482443482446,0.6618435836317496,0.9667397920813422,31215.333333333332,,80.0,0.20065803241876753,,,0.10193217986218626,,8.0,1.9287588400667897,8.0,,2.831016666666668,3.177913319435902,,6,6
wine,multiclass,top_quality,100.0,,,,0.9735806309796592,0.9108393719806763,0.13217593105353195,1.0,100.0,,,,12.166666666666666,118.66666666666667,0.021606513958734714,5544.297087001717,44.0,0.5019788554855954,,0.9900322775481651,0.6618435836317496,0.48068482443482446,0.6618435836317496,0.9667397920813422,31215.333333333332,,80.0,0.20065803241876753,,,0.10193217986218626,,8.0,1.9287588400667897,8.0,,2.835085500000003,3.1914400490932167,,6,6
wine,multiclass,xgboost,,,,,0.996827953781105,0.9545136240359353,0.0717933057261289,,,,0.058270500000001335,,,118.66666666666667,0.0032974026786783666,37074.56966091438,1200.0,0.13958314682046566,,,,,,,281900.6666666667,,2100.0,0.10898983532020402,210933077.33333334,,,,,,300.0,,0.058270500000001335,0.06703550713912891,0.06703550713912891,6,6
