B,certified_count,certification_rate,seed,fold,task,dataset,method,status,reason,auroc_macro_ovr,log_loss,brier,balanced_accuracy,normalized_squared_loss,mean_selected_quality,mean_residual_correlation,mean_abs_residual_correlation,max_abs_residual_correlation,residual_effective_rank,mean_feature_jaccard,feature_coverage,oof_squared_loss,requested_K,aggregation,search_charged,model_bytes,train_wall_seconds,train_cpu_seconds,retained_count,nodes,leaves,inference_batch_rows,inference_batch_seconds,inference_rows_per_second,inference_timing_scope,wall_seconds,cpu_seconds,observed_peak_rss_bytes,coefficient_count
12.0,12.0,1.0,11,0,multiclass,wine,direct_auroc,not_applicable,task restriction defined in config,,,,,,,,,,,,,,,,,,,,,,,,,,,,,,
12.0,12.0,1.0,11,0,multiclass,wine,coerror_no_cert_affine,not_applicable,task restriction defined in config,,,,,,,,,,,,,,,,,,,,,,,,,,,,,,
12.0,12.0,1.0,11,0,multiclass,wine,affine_profiled,not_applicable,task restriction defined in config,,,,,,,,,,,,,,,,,,,,,,,,,,,,,,
12.0,12.0,1.0,11,0,multiclass,wine,random_subspace,complete,,0.892199130122859,0.6698606585292285,0.3899676601456866,0.726984126984127,0.5915231397958606,0.7324110045747164,0.6181316331057483,0.6181316331057483,1.0,1.608260941223682,0.3888888888888888,4.0,0.4361764810483954,4.0,equal,False,15890.0,0.0301907090470194,0.0250160000000003,4.0,54.0,29.0,89.0,0.0084818750619888,10492.962858985013,median 5 warm calls on training rows; end-to-end preprocessing,,,,
12.0,12.0,1.0,11,0,multiclass,wine,certified_random,complete,,0.892199130122859,0.6698606585292285,0.3899676601456866,0.726984126984127,0.5915231397958606,0.7324110045747164,0.6181316331057483,0.6181316331057483,1.0,1.608260941223682,0.3888888888888888,4.0,0.4361764810483954,4.0,equal,True,15890.0,0.3800631670746952,0.3158749999999997,4.0,54.0,29.0,89.0,0.0149598750285804,5949.247559218775,median 5 warm calls on training rows; end-to-end preprocessing,,,,
12.0,12.0,1.0,11,0,multiclass,wine,top_quality,complete,,0.9952420330245187,0.2504587856572354,0.1315823968534296,0.9384920634920636,0.1995909930057481,0.921236100221136,0.4555522594953944,0.4555522594953944,0.6607669233387259,2.3609229067488307,0.1111111111111111,6.0,0.1475879559017266,4.0,equal,True,14825.0,0.3502709600143134,0.3128030000000001,4.0,42.0,23.0,89.0,0.0087820829357951,10134.270041705242,median 5 warm calls on training rows; end-to-end preprocessing,,,,
12.0,12.0,1.0,11,0,multiclass,wine,top_no_cert,complete,,0.9952420330245187,0.2504587856572354,0.1315823968534296,0.9384920634920636,0.1995909930057481,0.921236100221136,0.4555522594953944,0.4555522594953944,0.6607669233387259,2.3609229067488307,0.1111111111111111,6.0,0.1475879559017266,4.0,equal,True,14825.0,0.353863000171259,0.313740000000001,4.0,42.0,23.0,89.0,0.0102554170880466,8678.34035767644,median 5 warm calls on training rows; end-to-end preprocessing,,,,
12.0,12.0,1.0,11,0,multiclass,wine,abs_correlation,complete,,0.9975922016882468,0.3105385107377375,0.1538833044119397,0.9603174603174603,0.233418164352159,0.9037164183288938,0.3290520688726547,0.3290520688726547,0.4493283889166475,2.890365970051868,0.0,8.0,0.1396988626391047,4.0,equal,True,14865.0,0.356107376050204,0.3178799999999988,4.0,42.0,23.0,89.0,0.0105699999257922,8420.056823541508,median 5 warm calls on training rows; end-to-end preprocessing,,,,
12.0,12.0,1.0,11,0,multiclass,wine,signed_correlation,complete,,0.9975922016882468,0.3105385107377375,0.1538833044119397,0.9603174603174603,0.233418164352159,0.9037164183288938,0.3290520688726547,0.3290520688726547,0.4493283889166475,2.890365970051868,0.0,8.0,0.1396988626391047,4.0,equal,True,14865.0,0.3521279168780893,0.3168510000000006,4.0,42.0,23.0,89.0,0.0102394160348922,8691.90193041482,median 5 warm calls on training rows; end-to-end preprocessing,,,,
12.0,12.0,1.0,11,0,multiclass,wine,minimax,complete,,0.9912517619438524,0.3721734477370036,0.1894619304336374,0.9023809523809524,0.2873856665961015,0.8839213977815962,0.352387709251749,0.352387709251749,0.3926409113169869,2.8846333495395866,0.0555555555555555,7.0,0.1715190928592146,4.0,equal,True,15217.0,0.3530895842704922,0.3158270000000005,4.0,46.0,25.0,89.0,0.0122791249305009,7248.073499026516,median 5 warm calls on training rows; end-to-end preprocessing,,,,
12.0,12.0,1.0,11,0,multiclass,wine,quality_diversity,complete,,0.9908963264189252,0.2828904815520056,0.1459561918062773,0.923015873015873,0.2213939094786524,0.9171036732581136,0.3614185283048279,0.3614185283048279,0.5234475381232314,2.7408791766902083,0.0555555555555555,7.0,0.1319289689970869,4.0,equal,True,14880.0,0.3501625012140721,0.3143700000000002,4.0,42.0,23.0,89.0,0.0124497499782592,7148.73793894811,median 5 warm calls on training rows; end-to-end preprocessing,,,,
12.0,12.0,1.0,11,0,multiclass,wine,prediction_correlation,complete,,0.9209255407701736,0.6769976765896045,0.389393851953727,0.7964285714285714,0.5906527578179762,0.735794247590767,0.5253400303810324,0.5253400303810324,0.6027832633159744,2.079445475980017,0.1111111111111111,6.0,0.3824479867631519,4.0,equal,True,15768.0,0.3485074173659086,0.3120729999999998,4.0,52.0,28.0,89.0,0.0113445408642292,7845.183076613392,median 5 warm calls on training rows; end-to-end preprocessing,,,,
12.0,12.0,1.0,11,0,multiclass,wine,coerror_greedy,complete,,0.9908963264189252,0.2828904815520056,0.1459561918062773,0.923015873015873,0.2213939094786524,0.9171036732581136,0.3614185283048279,0.3614185283048279,0.5234475381232314,2.7408791766902083,0.0555555555555555,7.0,0.1319289689970869,4.0,equal,True,14880.0,0.3527747509069741,0.3139780000000005,4.0,42.0,23.0,89.0,0.0096580830868333,9215.079141463551,median 5 warm calls on training rows; end-to-end preprocessing,,,,
12.0,12.0,1.0,11,0,multiclass,wine,direct_squared,complete,,0.9908963264189252,0.2828904815520056,0.1459561918062773,0.923015873015873,0.2213939094786524,0.9171036732581136,0.3614185283048279,0.3614185283048279,0.5234475381232314,2.740879176690208,0.0555555555555555,7.0,0.1319289689970869,4.0,equal,True,14864.0,0.3478139173239469,0.3125400000000011,4.0,42.0,23.0,89.0,0.0111885839141905,7954.536577870315,median 5 warm calls on training rows; end-to-end preprocessing,,,,
12.0,12.0,1.0,11,0,multiclass,wine,coerror,complete,,0.9908963264189252,0.2828904815520056,0.1459561918062773,0.923015873015873,0.2213939094786524,0.9171036732581136,0.3614185283048279,0.3614185283048279,0.5234475381232314,2.7408791766902083,0.0555555555555555,7.0,0.1319289689970869,4.0,equal,True,14880.0,0.348873917479068,0.3128279999999996,4.0,42.0,23.0,89.0,0.0107163751963526,8305.04703029545,median 5 warm calls on training rows; end-to-end preprocessing,,,,
12.0,12.0,1.0,11,0,multiclass,wine,coerror_no_cert,complete,,0.9908963264189252,0.2828904815520056,0.1459561918062773,0.923015873015873,0.2213939094786524,0.9171036732581136,0.3614185283048279,0.3614185283048279,0.5234475381232314,2.7408791766902083,0.0555555555555555,7.0,0.1319289689970869,4.0,equal,True,14880.0,0.3477889182977378,0.312386,4.0,42.0,23.0,89.0,0.0102950839791446,8644.902769155851,median 5 warm calls on training rows; end-to-end preprocessing,,,,
12.0,12.0,1.0,11,0,multiclass,wine,covariance_only,complete,,0.9908963264189252,0.2828904815520056,0.1459561918062773,0.923015873015873,0.2213939094786524,0.9171036732581136,0.3614185283048279,0.3614185283048279,0.5234475381232314,2.7408791766902083,0.0555555555555555,7.0,0.1319289689970869,4.0,equal,True,14880.0,0.3467928331810981,0.3118570000000007,4.0,42.0,23.0,89.0,0.0094113328959792,9456.683870785468,median 5 warm calls on training rows; end-to-end preprocessing,,,,
12.0,12.0,1.0,11,0,multiclass,wine,shrinkage,complete,,0.9908963264189252,0.2828904815520056,0.1459561918062773,0.923015873015873,0.2213939094786524,0.9171036732581136,0.3614185283048279,0.3614185283048279,0.5234475381232314,2.7408791766902083,0.0555555555555555,7.0,0.1319289689970869,4.0,equal,True,14880.0,0.3455993351526558,0.3107820000000005,4.0,42.0,23.0,89.0,0.0117633750196546,7565.855874805988,median 5 warm calls on training rows; end-to-end preprocessing,,,,
12.0,12.0,1.0,11,0,multiclass,wine,caruana,complete,,0.9927078231456764,0.2366861141201615,0.1217966406075087,0.9333333333333332,0.1847474512164069,0.9234315037557282,0.3257803845575374,0.3257803845575374,0.4937311724998969,2.351778872782266,0.0,6.0,0.1249508763139046,4.0,frequency_weighted,True,11477.0,0.3451819173060357,0.3083720000000003,3.0,29.0,16.0,89.0,0.0070904591120779,12552.078588027764,median 5 warm calls on training rows; end-to-end preprocessing,,,,
,,,11,0,multiclass,wine,rf_shallow,complete,,0.9809924773907824,0.272961330368881,0.1546879876716604,0.9146825396825397,0.2346387495877484,,,,,,,,,,,,8291.0,0.0116530840750783,0.011165,4.0,34.0,19.0,89.0,0.003259457880631,27305.154188023444,median 5 warm calls on training rows; end-to-end preprocessing,0.0116530840750783,0.011165,172326912.0,
,,,11,0,multiclass,wine,et_shallow,complete,,0.979035857425688,0.3926817830403808,0.2108393003196184,0.875,0.3198119681791838,,,,,,,,,,,,9347.0,0.0096748329233378,0.0094660000000006,4.0,46.0,25.0,89.0,0.0022894591093063,38873.81069101749,median 5 warm calls on training rows; end-to-end preprocessing,0.0096748329233378,0.0094660000000006,172326912.0,
,,,11,0,multiclass,wine,random_patches,complete,,0.9595673551182026,0.4453550313895474,0.2377432731831809,0.9206349206349206,0.360621307331286,,,,,,,,,,,,13185.0,0.0311906249262392,0.024642,4.0,40.0,22.0,89.0,0.010835584020242,8213.678176805048,median 5 warm calls on training rows; end-to-end preprocessing,0.0311906249262392,0.024642,172392448.0,
,,,11,0,multiclass,wine,random_forest,complete,,0.9837975609868264,0.2074816985441137,0.1376404494382022,0.9325396825396824,0.2087801608579088,,,,,,,,,,,,9347.0,0.0146934161894023,0.0121140000000004,4.0,46.0,25.0,89.0,0.0027624580543488,32217.683761710297,median 5 warm calls on training rows; end-to-end preprocessing,0.0146934161894023,0.0121140000000004,172408832.0,
,,,11,0,multiclass,wine,extra_trees,complete,,0.9825159121063076,0.3580167876436367,0.1306179775280899,0.9384920634920636,0.1981281118345461,,,,,,,,,,,,17267.0,0.0117408749647438,0.0114019999999994,4.0,136.0,70.0,89.0,0.0023692077957093,37565.299321224054,median 5 warm calls on training rows; end-to-end preprocessing,0.0117408749647438,0.0114019999999994,172408832.0,
,,,11,0,multiclass,wine,xgboost,complete,,0.9896863912400636,0.8884484171867371,0.5215766417609444,0.9027777777777778,0.7911544579449331,,,,,,,,,,,,24037.0,0.0985766670200973,0.0690140000000001,12.0,78.0,45.0,89.0,0.0023796670138835,37400.190648839125,median 5 warm calls on training rows; end-to-end preprocessing,0.0985766670200973,0.0690140000000001,177946624.0,
,,,11,0,multiclass,wine,lightgbm,complete,,0.9851394551253309,0.8516041193908236,0.4952783034645405,0.8876984126984127,0.7512637766646162,,,,,,,,,,,,13543.0,0.0715003330260515,0.0551679999999992,12.0,64.0,38.0,89.0,0.0023728332016617,37507.9040269973,median 5 warm calls on training rows; end-to-end preprocessing,0.0715003330260515,0.0551679999999992,182108160.0,
,,,11,0,multiclass,wine,catboost,complete,,0.9963234296567628,0.9509962579789616,0.5645196277775665,0.9238095238095236,0.856292602762563,,,,,,,,,,,,12173.0,0.2362589580006897,0.0932200000000005,4.0,124.0,64.0,89.0,0.0022204159758985,40082.57955538517,median 5 warm calls on training rows; end-to-end preprocessing,0.2362589580006897,0.0932200000000005,201080832.0,
,,,11,0,multiclass,wine,linear,complete,,0.9996099579432912,0.0783142100451926,0.0378058080216818,0.9904761904761904,0.0573458072270665,,,,,,,,,,,,4058.0,0.0122684580273926,0.0153479999999994,1.0,,,89.0,0.0024172079283744,36819.33976604701,median 5 warm calls on training rows; end-to-end preprocessing,0.0122684580273926,0.0153479999999994,201555968.0,42.0
12.0,12.0,1.0,11,1,multiclass,wine,direct_auroc,not_applicable,task restriction defined in config,,,,,,,,,,,,,,,,,,,,,,,,,,,,,,
12.0,12.0,1.0,11,1,multiclass,wine,coerror_no_cert_affine,not_applicable,task restriction defined in config,,,,,,,,,,,,,,,,,,,,,,,,,,,,,,
12.0,12.0,1.0,11,1,multiclass,wine,affine_profiled,not_applicable,task restriction defined in config,,,,,,,,,,,,,,,,,,,,,,,,,,,,,,
12.0,12.0,1.0,11,1,multiclass,wine,random_subspace,complete,,0.9613842409548332,0.5097644990046527,0.2866562059554075,0.8542464878671776,0.4358164697452559,0.8058686958051364,0.522414277123448,0.522414277123448,0.7763587507723487,1.976961686919383,0.1666666666666666,5.0,0.3163752409550023,4.0,equal,False,15408.0,0.0274390417616814,0.024928,4.0,48.0,26.0,89.0,0.010888708056882,8173.605126987407,median 5 warm calls on training rows; end-to-end preprocessing,,,,
12.0,12.0,1.0,11,1,multiclass,wine,certified_random,complete,,0.9613842409548332,0.5097644990046527,0.2866562059554075,0.8542464878671776,0.4358164697452559,0.8058686958051364,0.522414277123448,0.522414277123448,0.7763587507723487,1.976961686919383,0.1666666666666666,5.0,0.3163752409550023,4.0,equal,True,15408.0,0.3525371660944074,0.3008539999999993,4.0,48.0,26.0,89.0,0.0150965831708163,5895.373740731532,median 5 warm calls on training rows; end-to-end preprocessing,,,,
12.0,12.0,1.0,11,1,multiclass,wine,top_quality,complete,,0.9826147571674572,0.255001544525829,0.1418850992241375,0.9166666666666666,0.2157143706246436,0.9091748914665582,0.4569242325851195,0.4569242325851195,0.8731893938921407,2.156332877427047,0.1666666666666666,6.0,0.1785605868173113,4.0,equal,True,14997.0,0.3611767922993749,0.3032260000000004,4.0,44.0,24.0,89.0,0.0105976250488311,8398.108027969578,median 5 warm calls on training rows; end-to-end preprocessing,,,,
12.0,12.0,1.0,11,1,multiclass,wine,top_no_cert,complete,,0.9826147571674572,0.255001544525829,0.1418850992241375,0.9166666666666666,0.2157143706246436,0.9091748914665582,0.4569242325851195,0.4569242325851195,0.8731893938921407,2.156332877427047,0.1666666666666666,6.0,0.1785605868173113,4.0,equal,True,14997.0,0.3538292923476547,0.3024010000000006,4.0,44.0,24.0,89.0,0.0126226670108735,7050.807877870235,median 5 warm calls on training rows; end-to-end preprocessing,,,,
12.0,12.0,1.0,11,1,multiclass,wine,abs_correlation,complete,,0.9915082059437946,0.31103736472074,0.153011818906684,0.9005427841634739,0.2326308287063042,0.8710858905950714,0.3487718245928721,0.3487718245928721,0.4681825949460964,2.7452419379973634,0.0555555555555555,7.0,0.188621341378832,4.0,equal,True,15352.0,0.3558808332309127,0.3040269999999996,4.0,48.0,26.0,89.0,0.011930625187233,7459.793481337299,median 5 warm calls on training rows; end-to-end preprocessing,,,,
12.0,12.0,1.0,11,1,multiclass,wine,signed_correlation,complete,,0.9915082059437946,0.31103736472074,0.153011818906684,0.9005427841634739,0.2326308287063042,0.8710858905950714,0.3487718245928721,0.3487718245928721,0.4681825949460964,2.7452419379973634,0.0555555555555555,7.0,0.188621341378832,4.0,equal,True,15352.0,0.3561054170131683,0.3031670000000002,4.0,48.0,26.0,89.0,0.0116061670705676,7668.336967653818,median 5 warm calls on training rows; end-to-end preprocessing,,,,
12.0,12.0,1.0,11,1,multiclass,wine,minimax,complete,,0.9915082059437946,0.31103736472074,0.153011818906684,0.9005427841634739,0.2326308287063042,0.8710858905950714,0.3487718245928721,0.3487718245928721,0.4681825949460964,2.7452419379973634,0.0555555555555555,7.0,0.188621341378832,4.0,equal,True,15352.0,0.3575785425491631,0.3043750000000012,4.0,48.0,26.0,89.0,0.0103006670251488,8640.21716095747,median 5 warm calls on training rows; end-to-end preprocessing,,,,
12.0,12.0,1.0,11,1,multiclass,wine,quality_diversity,complete,,0.9826147571674572,0.255001544525829,0.1418850992241375,0.9166666666666666,0.2157143706246436,0.9091748914665582,0.4569242325851195,0.4569242325851195,0.8731893938921407,2.156332877427047,0.1666666666666666,6.0,0.1785605868173113,4.0,equal,True,14997.0,0.3551076673902571,0.3035379999999996,4.0,44.0,24.0,89.0,0.0113575418945401,7836.20265955472,median 5 warm calls on training rows; end-to-end preprocessing,,,,
12.0,12.0,1.0,11,1,multiclass,wine,prediction_correlation,complete,,0.9599625199495077,0.582637648172003,0.3302842664886031,0.8568007662835249,0.5021461947900626,0.7772635373624074,0.4944206819627616,0.4944206819627616,0.7322495718758926,2.1508970188079335,0.1111111111111111,6.0,0.3351743975985298,4.0,equal,True,15695.0,0.3594056263100356,0.3071429999999999,4.0,52.0,28.0,89.0,0.0091412500478327,9736.086370495988,median 5 warm calls on training rows; end-to-end preprocessing,,,,
12.0,12.0,1.0,11,1,multiclass,wine,coerror_greedy,complete,,0.9861127793626168,0.2996109889259707,0.1534324917944706,0.9260855683269476,0.2332703968337815,0.8918206786674301,0.3508805126928416,0.3508805126928416,0.5632557846447898,2.7256690160743116,0.0555555555555555,7.0,0.1706342787116566,4.0,equal,True,15176.0,0.3515457913745194,0.3011989999999995,4.0,46.0,25.0,89.0,0.0090412080753594,9843.817248555197,median 5 warm calls on training rows; end-to-end preprocessing,,,,
12.0,12.0,1.0,11,1,multiclass,wine,direct_squared,complete,,0.9861127793626168,0.2996109889259707,0.1534324917944706,0.9260855683269476,0.2332703968337815,0.8918206786674301,0.3508805126928416,0.3508805126928416,0.5632557846447898,2.7256690160743116,0.0555555555555555,7.0,0.1706342787116566,4.0,equal,True,15176.0,0.3525238763540983,0.3025600000000006,4.0,46.0,25.0,89.0,0.0099662919528782,8930.101628650067,median 5 warm calls on training rows; end-to-end preprocessing,,,,
12.0,12.0,1.0,11,1,multiclass,wine,coerror,complete,,0.9861127793626168,0.2996109889259707,0.1534324917944706,0.9260855683269476,0.2332703968337815,0.8918206786674301,0.3508805126928416,0.3508805126928416,0.5632557846447898,2.7256690160743116,0.0555555555555555,7.0,0.1706342787116566,4.0,equal,True,15176.0,0.353064876049757,0.300694,4.0,46.0,25.0,89.0,0.0091991671361029,9674.7888893889,median 5 warm calls on training rows; end-to-end preprocessing,,,,
12.0,12.0,1.0,11,1,multiclass,wine,coerror_no_cert,complete,,0.9861127793626168,0.2996109889259707,0.1534324917944706,0.9260855683269476,0.2332703968337815,0.8918206786674301,0.3508805126928416,0.3508805126928416,0.5632557846447898,2.7256690160743116,0.0555555555555555,7.0,0.1706342787116566,4.0,equal,True,15176.0,0.3477674170862883,0.2983450000000003,4.0,46.0,25.0,89.0,0.0096993329934775,9175.888698722783,median 5 warm calls on training rows; end-to-end preprocessing,,,,
12.0,12.0,1.0,11,1,multiclass,wine,covariance_only,complete,,0.9861127793626168,0.2996109889259707,0.1534324917944706,0.9260855683269476,0.2332703968337815,0.8918206786674301,0.3508805126928416,0.3508805126928416,0.5632557846447898,2.7256690160743116,0.0555555555555555,7.0,0.1706342787116566,4.0,equal,True,15176.0,0.3490800422150641,0.2983270000000004,4.0,46.0,25.0,89.0,0.0112136250827461,7936.7732863603505,median 5 warm calls on training rows; end-to-end preprocessing,,,,
12.0,12.0,1.0,11,1,multiclass,wine,shrinkage,complete,,0.9826147571674572,0.255001544525829,0.1418850992241375,0.9166666666666666,0.2157143706246436,0.9091748914665582,0.4569242325851195,0.4569242325851195,0.8731893938921407,2.156332877427047,0.1666666666666666,6.0,0.1785605868173113,4.0,equal,True,14997.0,0.3516329992562532,0.3008419999999994,4.0,44.0,24.0,89.0,0.0097364999819546,9140.8617228932,median 5 warm calls on training rows; end-to-end preprocessing,,,,
12.0,12.0,1.0,11,1,multiclass,wine,caruana,complete,,0.9887293623386664,0.2175254698551693,0.1174598553313907,0.9399744572158364,0.1785795612437516,0.9128835557272468,0.347752549859563,0.347752549859563,0.5632557846447896,2.295373278934055,0.1111111111111111,5.0,0.158796036307102,4.0,frequency_weighted,True,11757.0,0.3465770005714148,0.2965300000000006,3.0,33.0,18.0,89.0,0.009031708119437,9854.17141730516,median 5 warm calls on training rows; end-to-end preprocessing,,,,
,,,11,1,multiclass,wine,rf_shallow,complete,,0.9796088459962892,0.3568634068018099,0.1992059122078058,0.8566411238825031,0.3028618100955912,,,,,,,,,,,,9171.0,0.0128513749223202,0.0116689999999994,4.0,44.0,24.0,89.0,0.0022468341048806,39611.29119709797,median 5 warm calls on training rows; end-to-end preprocessing,0.0128513749223202,0.0116689999999994,202129408.0,
,,,11,1,multiclass,wine,et_shallow,complete,,0.9687625698116916,0.5514851442557164,0.2992240902258866,0.8959131545338441,0.4549239959077251,,,,,,,,,,,,8115.0,0.0092284169513732,0.008915,4.0,32.0,18.0,89.0,0.0030473750084638,29205.463637658333,median 5 warm calls on training rows; end-to-end preprocessing,0.0092284169513732,0.008915,202145792.0,
,,,11,1,multiclass,wine,random_patches,complete,,0.9794443146915496,0.4735999713836173,0.2501239196527756,0.866060025542784,0.3802747730459953,,,,,,,,,,,,12882.0,0.0225171251222491,0.0218639999999989,4.0,36.0,20.0,89.0,0.0151691671926528,5867.164549620569,median 5 warm calls on training rows; end-to-end preprocessing,0.0225171251222491,0.0218639999999989,202145792.0,
,,,11,1,multiclass,wine,random_forest,complete,,0.9970171663079926,0.1464997400180097,0.0828651685393258,0.9560983397190294,0.1259836852207294,,,,,,,,,,,,11107.0,0.0126653329934924,0.0115400000000001,4.0,66.0,35.0,89.0,0.0042214170098304,21082.968063269847,median 5 warm calls on training rows; end-to-end preprocessing,0.0126653329934924,0.0115400000000001,202162176.0,
,,,11,1,multiclass,wine,extra_trees,complete,,0.9855887861987408,0.3203993464397782,0.1067415730337078,0.9514687100893998,0.1622840690978887,,,,,,,,,,,,19555.0,0.00927066616714,0.0090280000000007,4.0,162.0,83.0,89.0,0.0030785410199314,28909.79831802994,median 5 warm calls on training rows; end-to-end preprocessing,0.00927066616714,0.0090280000000007,202194944.0,
,,,11,1,multiclass,wine,xgboost,complete,,0.99603641978398,0.8868162035942078,0.5205318679553541,0.8103448275862069,0.7913882775574589,,,,,,,,,,,,25338.0,0.0211404580622911,0.0111900000000009,12.0,116.0,64.0,89.0,0.0027285409159958,32618.165803651747,median 5 warm calls on training rows; end-to-end preprocessing,0.0211404580622911,0.0111900000000009,202227712.0,
,,,11,1,multiclass,wine,lightgbm,complete,,0.9903052807574604,0.8443989139720687,0.4897516928515395,0.8730842911877393,0.744591777174097,,,,,,,,,,,,13623.0,0.0101078748703002,0.0081319999999998,12.0,66.0,39.0,89.0,0.0033714578021317,26398.07621015613,median 5 warm calls on training rows; end-to-end preprocessing,0.0101078748703002,0.0081319999999998,202375168.0,
,,,11,1,multiclass,wine,catboost,complete,,0.996659326360042,0.9465963161899734,0.5613500215787139,0.960727969348659,0.8534459733061409,,,,,,,,,,,,12173.0,0.0120888329111039,0.0120129999999996,4.0,124.0,64.0,89.0,0.0018759579397737,47442.42827252916,median 5 warm calls on training rows; end-to-end preprocessing,0.0120888329111039,0.0120129999999996,202506240.0,
,,,11,1,multiclass,wine,linear,complete,,1.0,0.0576606517092231,0.0174331459514152,1.0,0.0265044048140422,,,,,,,,,,,,4058.0,0.0092430829536169,0.0109399999999997,1.0,,,89.0,0.0026342498604208,33785.70929706045,median 5 warm calls on training rows; end-to-end preprocessing,0.0092430829536169,0.0109399999999997,202506240.0,42.0
