dataset,task,method,auroc,group_auroc,rmse,brier,log_loss,train_cpu_seconds,train_wall_seconds,model_bytes,leaves,retained_count
california_housing,regression,caruana_b6000_k64,,,0.5939321018899689,,,152.9645456666668,58.32747826282866,2183618.0,1134.0,18.666666666666668
california_housing,regression,catboost,,,0.48858148017527264,,,0.7942120000000349,0.8265748057359209,344696.0,19200.0,300.0
california_housing,regression,coerror_b6000_k64,,,0.5939334634072134,,,154.69288600000002,59.07639556874832,7506092.666666667,3898.3333333333335,64.0
california_housing,regression,extra_trees,,,0.5047008836300302,,,5.947726000000027,5.974256819734971,478502051.0,3322481.3333333335,256.0
california_housing,regression,lightgbm,,,0.4598167976479539,,,0.29455633333335146,0.2981178886257112,862864.3333333334,9300.0,300.0
california_housing,regression,linear,,,0.7264571547794455,,,0.012469666666618133,0.012846819357946434,3106.0,,1.0
california_housing,regression,random_forest,,,0.5083675633139743,,,14.362953333333337,14.461300722323358,299668883.0,2080584.3333333333,256.0
california_housing,regression,rf_leaf5,,,0.515853042100216,,,12.422417000000015,12.670412624720484,49703651.0,344714.6666666667,256.0
california_housing,regression,top_quality_b6000_k64,,,0.6327119129352046,,,153.99510800000002,58.13982204083974,7507179.0,3900.3333333333335,64.0
california_housing,regression,xgboost,,,0.46615351032190966,,,0.453969666666751,0.4593854166256885,1376604.3333333333,17293.0,300.0
credit_default,binary,caruana_b6000_k64,0.7778798211566332,,,0.13403628470235926,0.4296851396273902,227.44701733333332,99.79631881959115,3862823.3333333335,1620.3333333333333,33.0
credit_default,binary,catboost,0.784370077855787,,,0.13288830278471608,0.4253873815205474,1.468151333333329,1.4919255276521046,347476.3333333333,19120.0,300.0
credit_default,binary,coerror_b6000_k64,0.7786781498719823,,,0.13397510268138388,0.4294649446589452,229.45789866666667,100.68528248594764,7508978.0,3134.6666666666665,64.0
credit_default,binary,extra_trees,0.7455406570403907,,,0.14420171895839864,0.46567415451522925,2.4495156666666653,2.4476189447256425,226240837.66666666,1413487.6666666667,256.0
credit_default,binary,lightgbm,0.7754559845696388,,,0.1354120429583819,0.4351042018672941,0.5248170000000224,0.5276231386233121,1036484.3333333334,9300.0,300.0
credit_default,binary,linear,0.7276454150280363,,,0.14374706682365454,0.4638644500107157,0.0381983333332982,0.038756972023596334,5706.0,,1.0
credit_default,binary,random_forest,0.7667157552560463,,,0.1369970339449719,0.4374747055253814,4.616914000000008,4.615611388580874,82114347.0,512697.0,256.0
credit_default,binary,rf_leaf5,0.7787310996808333,,,0.13399355739291988,0.42857880109230023,3.944868666666688,3.96472940267995,35375093.666666664,220576.66666666666,256.0
credit_default,binary,top_quality_b6000_k64,0.7757073541695819,,,0.13418590319304077,0.43005446131295777,228.61947133333334,99.7296233618011,7511501.666666667,3111.6666666666665,64.0
credit_default,binary,xgboost,0.7762557854582397,,,0.13509468639509634,0.43352266152699787,0.5273069999999697,0.5321325833598772,954935.6666666666,11068.0,300.0
higgs,binary,caruana_b6000_k64,0.7635849808153599,,,0.20091141667693665,0.5871696773857487,368.00679166666663,114.82631388865411,4303349.0,2202.0,36.333333333333336
higgs,binary,catboost,0.7928352485869059,,,0.18553285583598778,0.5482363079387179,1.9604150000000875,1.993384930693234,349128.6666666667,19200.0,300.0
higgs,binary,coerror_b6000_k64,0.7642398944284242,,,0.200870161132742,0.587192769384649,372.4008456666667,116.17564613829988,7597151.666666667,3880.6666666666665,64.0
higgs,binary,extra_trees,0.7673223548913789,,,0.20589077486591134,0.6002119522410158,3.1742966666667294,3.172380291701605,237489872.33333334,1483799.3333333333,256.0
higgs,binary,lightgbm,0.7941771346959543,,,0.18446398486309848,0.5444507016215409,0.6868280000000292,0.6883952501229942,1041737.6666666666,9300.0,300.0
higgs,binary,linear,0.6894973644445285,,,0.22138784773594952,0.633599013321338,0.04210933333327673,0.04205656936392183,4746.0,,1.0
higgs,binary,random_forest,0.784726637477708,,,0.1925725868343692,0.5674229368267402,8.360530333333372,8.355371541266019,79438672.33333333,495979.3333333333,256.0
higgs,binary,rf_leaf5,0.7864759315047088,,,0.19194605823916286,0.5661401284398608,7.544355666666775,7.541383458301425,42583259.0,265633.0,256.0
higgs,binary,top_quality_b6000_k64,0.745720859185309,,,0.20432608918316442,0.594185198863999,371.3822923333334,115.12388297201444,7596127.666666667,3869.6666666666665,64.0
higgs,binary,xgboost,0.7919624558888528,,,0.18559876780655435,0.5475604931513468,1.0525913333333012,1.0572146109770983,1185893.0,14475.666666666666,300.0
miniboone,binary,caruana_b6000_k64,0.9701441506089982,,,0.06344636344566026,0.21895682331890554,675.5277156666663,189.11778058344498,4861246.666666667,2423.3333333333335,41.0
miniboone,binary,catboost,0.9809833355678451,,,0.0469326743292785,0.15878345155313034,3.2111846666668953,3.2393518056099615,351362.6666666667,19200.0,300.0
miniboone,binary,coerror_b6000_k64,0.9700295040498084,,,0.06373780171836353,0.21983262688365934,682.9598979999997,191.2927049860203,7603326.666666667,3785.0,64.0
miniboone,binary,extra_trees,0.9761630063545529,,,0.058230564136483,0.20294085353164815,2.3791799999998298,2.3774424999331436,87946773.66666667,549151.6666666666,256.0
miniboone,binary,lightgbm,0.982064405267792,,,0.04600263843327987,0.1557994851601455,1.2917316666666163,1.2954170829616487,1043311.0,9300.0,300.0
miniboone,binary,linear,0.93198481097097,,,0.08724422675651412,0.28886337056752104,0.0850299999999606,0.08494366674373544,5978.0,,1.0
miniboone,binary,random_forest,0.9756524118986051,,,0.05707680970623733,0.1964125906159474,12.081127999999884,12.07912683339479,28617227.0,178342.0,256.0
miniboone,binary,rf_leaf5,0.9748365875541269,,,0.0581062723172307,0.19860712198977212,11.075886666666975,11.070019778019438,16986667.0,105651.0,256.0
miniboone,binary,top_quality_b6000_k64,0.9631999339906234,,,0.06728716655863694,0.22473143408149188,681.5990539999997,190.20684030644284,7614734.666666667,3858.6666666666665,64.0
miniboone,binary,xgboost,0.9816721133283863,,,0.04655992239600824,0.15723181764284766,2.0797323333332165,2.0832552223000675,1097960.3333333333,13175.333333333334,300.0
musk2,binary,caruana_b6000_k64,0.7983550899171741,0.8065862708719852,,0.11515949239656927,0.36418808461196295,450.2508970000002,136.3667651252666,1083833.6666666667,594.0,26.333333333333332
musk2,binary,catboost,0.8946893791108814,0.8638425066996495,,0.1117150418604642,0.34571137045371886,10.662592666666683,11.047971680605164,357930.0,19200.0,300.0
musk2,binary,coerror_b6000_k64,0.7849125458933658,0.7928262213976499,,0.12334217562720377,0.3829145167924417,452.40888666666666,137.51168740331195,2665698.0,1541.6666666666667,64.0
musk2,binary,extra_trees,0.8804492741015704,0.8716759431045146,,0.11280253070789924,0.3602331129445943,1.426390000000083,1.678949000236268,12668459.0,78646.0,256.0
musk2,binary,lightgbm,0.8692344958461939,0.8850752422180994,,0.1415003244800038,0.7883299614220372,4.461450333333498,5.210075180589532,1069860.3333333333,9196.333333333334,300.0
musk2,binary,linear,0.8495268976108682,0.7873634302205731,,0.13343104452342996,0.7373333014952017,0.10460666666669265,0.10580538872939839,12282.0,,1.0
musk2,binary,random_forest,0.8125861970869024,0.8461657390228817,,0.13565892432824703,0.41499815983502075,4.2684636666667375,4.469704403076321,5284192.333333333,32494.333333333332,256.0
musk2,binary,rf_leaf5,0.824544428257605,0.8424036281179138,,0.12364483053836188,0.383977879107245,4.146576333333314,4.308259361345942,3725419.0,22752.0,256.0
musk2,binary,top_quality_b6000_k64,0.8137227558314155,0.8171511028653886,,0.13099329351449526,0.39781767311284,453.20737633333346,137.1710313199243,2675533.3333333335,1500.6666666666667,64.0
musk2,binary,xgboost,0.8780763697358673,0.8684807256235828,,0.12883687432579613,0.44866124788920086,3.4046469999999545,3.572568806121126,567190.3333333334,5328.333333333333,300.0
superconductivity,regression,caruana_b6000_k64,,,13.83981594392534,,,961.1036836666667,257.0706555279127,3910852.0,1926.3333333333333,33.0
superconductivity,regression,catboost,,,11.640766525509607,,,4.942767666666366,4.976561736237879,354014.3333333333,19200.0,300.0
superconductivity,regression,coerror_b6000_k64,,,13.806564476837353,,,970.0770479999995,259.90607425073784,7594780.0,3721.6666666666665,64.0
superconductivity,regression,extra_trees,,,9.899487145330518,,,30.58541033333351,30.56812479160726,344390467.0,2391122.0,256.0
superconductivity,regression,lightgbm,,,10.323691517595915,,,1.9105096666665606,1.9128461939593155,850967.0,9300.0,300.0
superconductivity,regression,linear,,,17.772847444065956,,,0.08199899999992033,0.08273306970174106,9562.0,,1.0
superconductivity,regression,random_forest,,,10.206069219050379,,,98.88918166666645,98.84868255552526,230809315.0,1602364.0,256.0
superconductivity,regression,rf_leaf5,,,10.34204426456468,,,80.78559866666653,80.74304833333008,47462707.0,329123.6666666667,256.0
superconductivity,regression,top_quality_b6000_k64,,,14.037884347181505,,,972.970707666667,259.6632217784257,7623070.666666667,3707.3333333333335,64.0
superconductivity,regression,xgboost,,,10.246423772769335,,,3.3404723333333854,3.348429361358285,1272993.3333333333,15704.333333333334,300.0
