dataset,left,right,metric,mean,min,max,count
california_housing,coerror_b6000_k64,abs_correlation_b6000_k64,normalized_squared_loss,0.032932739669879675,0.029982935932980903,0.038052212038239996,3
california_housing,coerror_b6000_k64,abs_correlation_b6000_k64,rmse,0.0358432060778584,0.03273039759227514,0.041650192672222586,3
california_housing,coerror_b6000_k64,caruana_b6000_k64,normalized_squared_loss,-1.2004279199377226e-06,-3.60128375992419e-06,1.1102230246251565e-16,3
california_housing,coerror_b6000_k64,caruana_b6000_k64,rmse,-1.3615172446135304e-06,-4.0845517339516135e-06,1.1102230246251565e-16,3
california_housing,coerror_b6000_k64,catboost,normalized_squared_loss,-0.08556416913758202,-0.09118621771678548,-0.08260382405641029,3
california_housing,coerror_b6000_k64,catboost,rmse,-0.10535198323194084,-0.114580060155061,-0.09817032298245121,3
california_housing,coerror_b6000_k64,coerror_b1000_k64,normalized_squared_loss,0.0037426498982477407,0.001026049042333721,0.005842276148147807,3
california_housing,coerror_b6000_k64,coerror_b1000_k64,rmse,0.004146068093872486,0.0011646894186519985,0.006349951752829819,3
california_housing,coerror_b6000_k64,coerror_b3000_k64,normalized_squared_loss,0.00034801636277248527,-0.0003912017820704716,0.0010988365733815009,3
california_housing,coerror_b6000_k64,coerror_b3000_k64,rmse,0.00037871486506350455,-0.00044465868251297724,0.0011993722991540112,3
california_housing,coerror_b6000_k64,coerror_b6000_k128,normalized_squared_loss,0.00042735296009031404,-4.0655170438663735e-05,0.0009511281727400123,3
california_housing,coerror_b6000_k64,coerror_b6000_k128,rmse,0.000471128701365342,-4.619522485316274e-05,0.001038286943205291,3
california_housing,coerror_b6000_k64,coerror_b6000_k16,normalized_squared_loss,0.0001108290619422821,-0.0005735623760853015,0.001133802891208624,3
california_housing,coerror_b6000_k64,coerror_b6000_k16,rmse,0.00010925577002781257,-0.0006508966095809532,0.0012374990506283101,3
california_housing,coerror_b6000_k64,coerror_b6000_k256,normalized_squared_loss,0.001492812152666741,0.0001716821589657358,0.0025477791029119845,3
california_housing,coerror_b6000_k64,coerror_b6000_k256,rmse,0.0016654178525494039,0.00019503785614660707,0.00288244006015681,3
california_housing,coerror_b6000_k64,coerror_cert_b6000_k64,normalized_squared_loss,0.0,-0.0,-0.0,3
california_housing,coerror_b6000_k64,coerror_cert_b6000_k64,rmse,0.0,-0.0,-0.0,3
california_housing,coerror_b6000_k64,coerror_swap_b6000_k64,normalized_squared_loss,-5.1977735086898104e-05,-0.00014594019241209732,-0.0,3
california_housing,coerror_b6000_k64,coerror_swap_b6000_k64,rmse,-5.905934450733952e-05,-0.00016584395435825794,-0.0,3
california_housing,coerror_b6000_k64,extra_trees,normalized_squared_loss,-0.07359355960651248,-0.07593601741750927,-0.0722620075267992,3
california_housing,coerror_b6000_k64,extra_trees,rmse,-0.0892325797771833,-0.09360264941993202,-0.08527788481622933,3
california_housing,coerror_b6000_k64,lightgbm,normalized_squared_loss,-0.1061605459219428,-0.10889629064959597,-0.10238288279818791,3
california_housing,coerror_b6000_k64,lightgbm,rmse,-0.13411666575925962,-0.1376385486111742,-0.1310539733177019,3
california_housing,coerror_b6000_k64,linear,normalized_squared_loss,0.131563524693984,0.11847823193653984,0.1381676549395422,3
california_housing,coerror_b6000_k64,linear,rmse,0.13252369137223194,0.1221486541714869,0.13962044109820382,3
california_housing,coerror_b6000_k64,quality_diversity_l002_b6000_k64,normalized_squared_loss,0.03588063008517134,0.020770262713699417,0.0495376586110291,3
california_housing,coerror_b6000_k64,quality_diversity_l002_b6000_k64,rmse,0.03867221839894804,0.023093728860435703,0.05190893928806484,3
california_housing,coerror_b6000_k64,quality_diversity_l01_b6000_k64,normalized_squared_loss,0.03303292661271171,0.0197813774676871,0.04305340870135882,3
california_housing,coerror_b6000_k64,quality_diversity_l01_b6000_k64,rmse,0.03574616153442789,0.022014472124946116,0.04534877723810815,3
california_housing,coerror_b6000_k64,quality_diversity_l05_b6000_k64,normalized_squared_loss,0.00016636489627364082,0.00010520699331217909,0.00022460564152271267,3
california_housing,coerror_b6000_k64,quality_diversity_l05_b6000_k64,rmse,0.0001864615610356705,0.00011931226143357954,0.0002551482510672054,3
california_housing,coerror_b6000_k64,random_b6000_k64,normalized_squared_loss,0.29232667716379673,0.2669961023628334,0.3216847654313767,3
california_housing,coerror_b6000_k64,random_b6000_k64,rmse,0.26718473715237884,0.2507998873069315,0.2911514153860124,3
california_housing,coerror_b6000_k64,random_forest,normalized_squared_loss,-0.07081248136885589,-0.07233386327485428,-0.0699167668792606,3
california_housing,coerror_b6000_k64,random_forest,rmse,-0.08556590009323932,-0.08877378729006102,-0.08224237499233489,3
california_housing,coerror_b6000_k64,random_patches64,normalized_squared_loss,0.2429108160432385,0.2277977035807281,0.25628437835718737,3
california_housing,coerror_b6000_k64,random_patches64,rmse,0.22833188482734137,0.21730893590390588,0.24218023460340943,3
california_housing,coerror_b6000_k64,rf_leaf5,normalized_squared_loss,-0.06504151195791462,-0.06670483211257308,-0.06356548537761797,3
california_housing,coerror_b6000_k64,rf_leaf5,rmse,-0.07808042130699756,-0.08131810713690457,-0.07394285793211941,3
california_housing,coerror_b6000_k64,rf_shallow64,normalized_squared_loss,0.03589509942511062,0.025083531104091616,0.04145704396356242,3
california_housing,coerror_b6000_k64,rf_shallow64,rmse,0.03882934140298422,0.02785223290608485,0.04491219063092022,3
california_housing,coerror_b6000_k64,signed_correlation_b6000_k64,normalized_squared_loss,0.032932739669879675,0.029982935932980903,0.038052212038239996,3
california_housing,coerror_b6000_k64,signed_correlation_b6000_k64,rmse,0.0358432060778584,0.03273039759227514,0.041650192672222586,3
california_housing,coerror_b6000_k64,top_quality_b6000_k64,normalized_squared_loss,0.03597807979590173,0.02106261184589059,0.0495376586110291,3
california_housing,coerror_b6000_k64,top_quality_b6000_k64,rmse,0.03877844952799107,0.02341242224756479,0.05190893928806484,3
california_housing,coerror_b6000_k64,xgboost,normalized_squared_loss,-0.10176055418641893,-0.10515140244696788,-0.09621596846475719,3
california_housing,coerror_b6000_k64,xgboost,rmse,-0.12777995308530385,-0.1328113947930996,-0.12208575863643811,3
credit_default,coerror_b6000_k64,abs_correlation_b6000_k64,auroc,-7.103513146444751e-05,-0.001818834713117834,0.0009623013591517626,3
credit_default,coerror_b6000_k64,abs_correlation_b6000_k64,brier,0.006459829255025575,0.005843394809537217,0.007229088478755696,3
credit_default,coerror_b6000_k64,caruana_b6000_k64,auroc,0.000798328715349165,0.00028107127001109067,0.0010964064662714046,3
credit_default,coerror_b6000_k64,caruana_b6000_k64,brier,6.118202097539956e-05,-4.312045909829476e-05,0.00013197093222508394,3
credit_default,coerror_b6000_k64,catboost,auroc,-0.005691927983804653,-0.007727925622208809,-0.004192730492376562,3
credit_default,coerror_b6000_k64,catboost,brier,-0.0010867998966677672,-0.0013256270089030964,-0.000730841499262308,3
credit_default,coerror_b6000_k64,coerror_b1000_k64,auroc,0.0006614819367328773,3.6366247943453445e-05,0.001017508409765,3
credit_default,coerror_b6000_k64,coerror_b1000_k64,brier,7.620578394187023e-05,-9.19935628755919e-05,0.00019008738902479005,3
credit_default,coerror_b6000_k64,coerror_b3000_k64,auroc,-0.00014853826361793665,-0.0004402470554437654,0.0004004857538324469,3
credit_default,coerror_b6000_k64,coerror_b3000_k64,brier,1.754995594777098e-05,-3.983713686550594e-05,0.00011717411140130252,3
credit_default,coerror_b6000_k64,coerror_b6000_k128,auroc,-0.0001813911336052687,-0.0006228617690839933,5.725888590002448e-05,3
credit_default,coerror_b6000_k64,coerror_b6000_k128,brier,-1.6153064519464078e-05,-0.00014078240790049712,8.092979950000134e-05,3
credit_default,coerror_b6000_k64,coerror_b6000_k16,auroc,0.001682711227516731,0.0011564728003971014,0.0021412495583434943,3
credit_default,coerror_b6000_k64,coerror_b6000_k16,brier,0.0001131698754974116,-7.685057747539026e-05,0.00029592335592210084,3
credit_default,coerror_b6000_k64,coerror_b6000_k256,auroc,-0.00018877267044048462,-0.00035739468804674157,-2.0827348463092754e-05,3
credit_default,coerror_b6000_k64,coerror_b6000_k256,brier,2.8043736339615024e-06,-0.0001107056920092997,9.237641646819839e-05,3
credit_default,coerror_b6000_k64,coerror_cert_b6000_k64,auroc,0.0,0.0,0.0,3
credit_default,coerror_b6000_k64,coerror_cert_b6000_k64,brier,0.0,-0.0,-0.0,3
credit_default,coerror_b6000_k64,coerror_swap_b6000_k64,auroc,2.313424390409935e-05,-1.9586848098995802e-07,6.959860019328801e-05,3
credit_default,coerror_b6000_k64,coerror_swap_b6000_k64,brier,-6.811583730494582e-06,-1.908687185908642e-05,-0.0,3
credit_default,coerror_b6000_k64,extra_trees,auroc,0.03313749283159154,0.031903468544655866,0.03409528348698121,3
credit_default,coerror_b6000_k64,extra_trees,brier,0.010226616277014803,0.008905833301674299,0.01168736180358701,3
credit_default,coerror_b6000_k64,lightgbm,auroc,0.003222165302343538,0.0006073228696037436,0.006636932824321984,3
credit_default,coerror_b6000_k64,lightgbm,brier,0.0014369402769980333,0.000938656811309807,0.002156795258622085,3
credit_default,coerror_b6000_k64,linear,auroc,0.05103273484394607,0.04710499856363104,0.054058155956455134,3
credit_default,coerror_b6000_k64,linear,brier,0.00977196414227067,0.008530174125380013,0.011224465646388099,3
credit_default,coerror_b6000_k64,quality_diversity_l002_b6000_k64,auroc,0.0029777002656735663,0.001886735786477134,0.0035578820772171893,3
credit_default,coerror_b6000_k64,quality_diversity_l002_b6000_k64,brier,0.0001823556195959808,0.00010523431534742445,0.00029103965685170485,3
credit_default,coerror_b6000_k64,quality_diversity_l01_b6000_k64,auroc,0.002611200395207273,0.0019100441356976194,0.003461191924995499,3
credit_default,coerror_b6000_k64,quality_diversity_l01_b6000_k64,brier,0.0001504021109575334,0.00010219517900619812,0.00020838020919389244,3
credit_default,coerror_b6000_k64,quality_diversity_l05_b6000_k64,auroc,0.00016435667359193662,-0.00023164712334489135,0.0004870633873633734,3
credit_default,coerror_b6000_k64,quality_diversity_l05_b6000_k64,brier,-2.3498526082429045e-05,-8.403356175518129e-05,5.563996036639374e-05,3
credit_default,coerror_b6000_k64,random_b6000_k64,auroc,0.004563509378967138,0.003561346008200461,0.0062188242667988725,3
credit_default,coerror_b6000_k64,random_b6000_k64,brier,0.008675057534530841,0.007974428286299712,0.009831568752160708,3
credit_default,coerror_b6000_k64,random_forest,auroc,0.011962394615935993,0.009698623697474651,0.014971368120874629,3
credit_default,coerror_b6000_k64,random_forest,brier,0.0030219312635880367,0.002898552200766902,0.0031305201761512025,3
credit_default,coerror_b6000_k64,random_patches64,auroc,0.0016117971518094427,0.0002686525350552582,0.0029744587500980524,3
credit_default,coerror_b6000_k64,random_patches64,brier,0.006206914903510802,0.005428676905661484,0.007311318217975815,3
credit_default,coerror_b6000_k64,rf_leaf5,auroc,-5.2949808850881e-05,-0.0020154866678853134,0.0012517953724862085,3
credit_default,coerror_b6000_k64,rf_leaf5,brier,1.8454711536034878e-05,-0.00014596119942270058,0.00033471637571350077,3
credit_default,coerror_b6000_k64,rf_shallow64,auroc,0.0007434903982985371,-0.0009755556135905286,0.003061345290635953,3
credit_default,coerror_b6000_k64,rf_shallow64,brier,0.0011762325258258082,0.0009264877018458073,0.0015736533566114985,3
credit_default,coerror_b6000_k64,signed_correlation_b6000_k64,auroc,-7.103513146444751e-05,-0.001818834713117834,0.0009623013591517626,3
credit_default,coerror_b6000_k64,signed_correlation_b6000_k64,brier,0.006459829255025575,0.005843394809537217,0.007229088478755696,3
credit_default,coerror_b6000_k64,top_quality_b6000_k64,auroc,0.0029707957024004417,0.0019921130291712386,0.0034836515107989907,3
credit_default,coerror_b6000_k64,top_quality_b6000_k64,brier,0.00021080051165690375,0.00015492804501160418,0.0002805905191569924,3
credit_default,coerror_b6000_k64,xgboost,auroc,0.0024223644137426614,0.0012307069546368954,0.0037275539238948996,3
credit_default,coerror_b6000_k64,xgboost,brier,0.001119583713712476,0.0009391567682892898,0.001323257244900622,3
higgs,coerror_b6000_k64,abs_correlation_b6000_k64,auroc,-0.00834278620209746,-0.008625991744523942,-0.008042122324333545,3
higgs,coerror_b6000_k64,abs_correlation_b6000_k64,brier,0.0048560450532789306,0.004420173176491793,0.0052824594748152875,3
higgs,coerror_b6000_k64,caruana_b6000_k64,auroc,0.0006549136130643932,7.651726283619542e-05,0.0010885166081306963,3
higgs,coerror_b6000_k64,caruana_b6000_k64,brier,4.12555441946331e-05,-2.7752434347799726e-05,9.890066033380052e-05,3
higgs,coerror_b6000_k64,catboost,auroc,-0.028595354158481617,-0.033720864302886566,-0.024370951356508797,3
higgs,coerror_b6000_k64,catboost,brier,-0.015337305296754228,-0.017540380164025288,-0.013704030662308186,3
higgs,coerror_b6000_k64,coerror_b1000_k64,auroc,0.0007686075425413774,-0.001106092020066507,0.003159655966434638,3
higgs,coerror_b6000_k64,coerror_b1000_k64,brier,0.0010221487814716101,0.0006297476345843156,0.0017662153792641078,3
higgs,coerror_b6000_k64,coerror_b3000_k64,auroc,-0.001066722885073405,-0.00126860656060368,-0.0006669732545984131,3
higgs,coerror_b6000_k64,coerror_b3000_k64,brier,7.591652787936054e-06,-0.00015174516260510473,0.00021161473047931478,3
higgs,coerror_b6000_k64,coerror_b6000_k128,auroc,-0.0006073970847377819,-0.0008836728141703443,-0.0003805097394964374,3
higgs,coerror_b6000_k64,coerror_b6000_k128,brier,5.322943225946619e-05,-1.5233271365100443e-05,0.00016120959457149864,3
higgs,coerror_b6000_k64,coerror_b6000_k16,auroc,0.0019167276285079564,-2.4467466936295423e-05,0.0034434244113835666,3
higgs,coerror_b6000_k64,coerror_b6000_k16,brier,0.00029701313602420454,0.0001251811193480057,0.0005807024111527115,3
higgs,coerror_b6000_k64,coerror_b6000_k256,auroc,-0.0006642666041780284,-0.0015893019205968084,0.0001091903405292527,3
higgs,coerror_b6000_k64,coerror_b6000_k256,brier,0.00034500279086747504,0.00016209403794650856,0.0006610989327062999,3
higgs,coerror_b6000_k64,coerror_cert_b6000_k64,auroc,0.0,0.0,0.0,3
higgs,coerror_b6000_k64,coerror_cert_b6000_k64,brier,0.0,-0.0,-0.0,3
higgs,coerror_b6000_k64,coerror_swap_b6000_k64,auroc,1.2694669294469977e-05,-5.224699089856344e-05,9.737329553849428e-05,3
higgs,coerror_b6000_k64,coerror_swap_b6000_k64,brier,9.684383082612472e-06,-1.5170421543697632e-05,4.8891100413117616e-05,3
higgs,coerror_b6000_k64,extra_trees,auroc,-0.0030824604629546095,-0.0062468783665338146,-0.00034231882247015566,3
higgs,coerror_b6000_k64,extra_trees,brier,0.005020613733169366,0.004297447535768106,0.0055608826231595965,3
higgs,coerror_b6000_k64,lightgbm,auroc,-0.029937240267530123,-0.03640388908129799,-0.02545311762477409,3
higgs,coerror_b6000_k64,lightgbm,brier,-0.016406176269643497,-0.019583234567505492,-0.014399707320840699,3
higgs,coerror_b6000_k64,linear,auroc,0.0747425299838957,0.07109501383980776,0.07817256371743697,3
higgs,coerror_b6000_k64,linear,brier,0.0205176866032075,0.019612336515601098,0.021529782002958797,3
higgs,coerror_b6000_k64,quality_diversity_l002_b6000_k64,auroc,0.018345554318737484,0.016126363000422916,0.020384906336543773,3
higgs,coerror_b6000_k64,quality_diversity_l002_b6000_k64,brier,0.003433289671956876,0.0023347630012783005,0.005098431279792703,3
higgs,coerror_b6000_k64,quality_diversity_l01_b6000_k64,auroc,0.017653218463611713,0.015116335130984981,0.020017551737616546,3
higgs,coerror_b6000_k64,quality_diversity_l01_b6000_k64,brier,0.0032021256051953106,0.0020913449939035933,0.004932302676162514,3
higgs,coerror_b6000_k64,quality_diversity_l05_b6000_k64,auroc,0.005113060576401152,0.004000882273383466,0.005883589188548477,3
higgs,coerror_b6000_k64,quality_diversity_l05_b6000_k64,brier,0.00018011619326367226,-0.00011732749278159371,0.000590412887680497,3
higgs,coerror_b6000_k64,random_b6000_k64,auroc,0.011253839772297622,0.004623203913728502,0.019577314125799994,3
higgs,coerror_b6000_k64,random_b6000_k64,brier,0.026138426108176266,0.023232641781680607,0.02922529391891479,3
higgs,coerror_b6000_k64,random_forest,auroc,-0.020486743049283846,-0.02649411354276998,-0.016430716620506436,3
higgs,coerror_b6000_k64,random_forest,brier,-0.008297574298372764,-0.010412885673157402,-0.007006090423926498,3
higgs,coerror_b6000_k64,random_patches64,auroc,0.021027765145158844,0.019662479923066356,0.021979369320793918,3
higgs,coerror_b6000_k64,random_patches64,brier,0.024197837519364995,0.022504872604037995,0.02716462424902269,3
higgs,coerror_b6000_k64,rf_leaf5,auroc,-0.02223603707628463,-0.02726596732446529,-0.018584079425550737,3
higgs,coerror_b6000_k64,rf_leaf5,brier,-0.008924102893579164,-0.01063444681455139,-0.007889204270132094,3
higgs,coerror_b6000_k64,rf_shallow64,auroc,0.005402065050232441,0.0007705640904850375,0.009714216374748341,3
higgs,coerror_b6000_k64,rf_shallow64,brier,0.008244419894897465,0.006772617594470509,0.010250162956781994,3
higgs,coerror_b6000_k64,signed_correlation_b6000_k64,auroc,-0.00834278620209746,-0.008625991744523942,-0.008042122324333545,3
higgs,coerror_b6000_k64,signed_correlation_b6000_k64,brier,0.0048560450532789306,0.004420173176491793,0.0052824594748152875,3
higgs,coerror_b6000_k64,top_quality_b6000_k64,auroc,0.01851903524311534,0.016425615469650823,0.0203533413869863,3
higgs,coerror_b6000_k64,top_quality_b6000_k64,brier,0.003455928050422432,0.0023969152534523974,0.00509457072847469,3
higgs,coerror_b6000_k64,xgboost,auroc,-0.02772256146042862,-0.03177100581693715,-0.025398720396622165,3
higgs,coerror_b6000_k64,xgboost,brier,-0.015271393326187663,-0.017383205871244284,-0.014180809522182203,3
miniboone,coerror_b6000_k64,abs_correlation_b6000_k64,auroc,-0.0022938248017799756,-0.0034113364557764037,-0.0016677223893596382,3
miniboone,coerror_b6000_k64,abs_correlation_b6000_k64,brier,0.009656233630458663,0.008445358778960993,0.010510751391964904,3
miniboone,coerror_b6000_k64,caruana_b6000_k64,auroc,-0.0001146465591898016,-0.0003186113138111679,4.599421086193267e-05,3
miniboone,coerror_b6000_k64,caruana_b6000_k64,brier,-0.00029143827270327005,-0.0003842661231367034,-0.00023777909699240068,3
miniboone,coerror_b6000_k64,catboost,auroc,-0.01095383151803675,-0.011796260698532235,-0.009761720193515844,3
miniboone,coerror_b6000_k64,catboost,brier,-0.016805127389085038,-0.018798346091211206,-0.015294340821479006,3
miniboone,coerror_b6000_k64,coerror_b1000_k64,auroc,0.00037056301764678185,-0.00034474435091780276,0.0007375241399919519,3
miniboone,coerror_b6000_k64,coerror_b1000_k64,brier,0.0004375449898889004,-3.450280889989721e-05,0.0008097759187516013,3
miniboone,coerror_b6000_k64,coerror_b3000_k64,auroc,2.3347346669718345e-05,-0.0005162528545747946,0.0003147119034133672,3
miniboone,coerror_b6000_k64,coerror_b3000_k64,brier,6.017844147120088e-05,-0.000364439352496998,0.0003834075352985994,3
miniboone,coerror_b6000_k64,coerror_b6000_k128,auroc,-3.921794053211395e-05,-0.0002602159558408035,0.00015743957754432714,3
miniboone,coerror_b6000_k64,coerror_b6000_k128,brier,3.7802694013162885e-05,-0.00022079877957451033,0.00026043177640899806,3
miniboone,coerror_b6000_k64,coerror_b6000_k16,auroc,0.0007222930734711955,0.0006836380218860905,0.0007489530045089454,3
miniboone,coerror_b6000_k64,coerror_b6000_k16,brier,7.163939304986645e-05,-5.2107173934598516e-05,0.00020806433258469675,3
miniboone,coerror_b6000_k64,coerror_b6000_k256,auroc,-5.38373798220082e-06,-0.0003686485575679077,0.00023363715264212992,3
miniboone,coerror_b6000_k64,coerror_b6000_k256,brier,0.00013715517625572984,-0.00021069069282260433,0.0003279401097252971,3
miniboone,coerror_b6000_k64,coerror_cert_b6000_k64,auroc,0.0,0.0,0.0,3
miniboone,coerror_b6000_k64,coerror_cert_b6000_k64,brier,0.0,-0.0,-0.0,3
miniboone,coerror_b6000_k64,coerror_swap_b6000_k64,auroc,-1.1928613200281232e-05,-4.580246588914427e-05,3.4546872081375746e-05,3
miniboone,coerror_b6000_k64,coerror_swap_b6000_k64,brier,-9.146681192136649e-06,-5.2299640373107414e-05,6.79659163290991e-05,3
miniboone,coerror_b6000_k64,extra_trees,auroc,-0.006133502304744558,-0.006898843192416404,-0.005233293912751846,3
miniboone,coerror_b6000_k64,extra_trees,brier,-0.005507237581880538,-0.005972149918725404,-0.004843937665212003,3
miniboone,coerror_b6000_k64,lightgbm,auroc,-0.012034901217983748,-0.013535232123025875,-0.010595302784388583,3
miniboone,coerror_b6000_k64,lightgbm,brier,-0.017735163285083667,-0.019113036337856902,-0.0169455710340307,3
miniboone,coerror_b6000_k64,linear,auroc,0.03804469307883832,0.005476124991028897,0.054829897888361345,3
miniboone,coerror_b6000_k64,linear,brier,0.023506425038150595,-0.0006692238151667085,0.036084346375092,3
miniboone,coerror_b6000_k64,quality_diversity_l002_b6000_k64,auroc,0.005440581780084515,0.004596238447414525,0.00626708119941366,3
miniboone,coerror_b6000_k64,quality_diversity_l002_b6000_k64,brier,0.0026525364882631305,0.002054924230242103,0.0033219826151098947,3
miniboone,coerror_b6000_k64,quality_diversity_l01_b6000_k64,auroc,0.0011016015291839265,0.0007021930354396133,0.001783962125300409,3
miniboone,coerror_b6000_k64,quality_diversity_l01_b6000_k64,brier,0.00025414567504500096,5.298882423600271e-06,0.0007161976038815021,3
miniboone,coerror_b6000_k64,quality_diversity_l05_b6000_k64,auroc,-0.0017951853295528804,-0.0028437647799319787,-0.001020581466204984,3
miniboone,coerror_b6000_k64,quality_diversity_l05_b6000_k64,brier,0.0010701936079987318,9.842860328079794e-05,0.0016262977454361977,3
miniboone,coerror_b6000_k64,random_b6000_k64,auroc,0.010293801975536717,0.007506812420291609,0.013055442815537166,3
miniboone,coerror_b6000_k64,random_b6000_k64,brier,0.02293554661649726,0.021943164010368693,0.02488629036276739,3
miniboone,coerror_b6000_k64,random_forest,auroc,-0.005622907848796747,-0.006648644369416812,-0.0044831810224894575,3
miniboone,coerror_b6000_k64,random_forest,brier,-0.006660992012126205,-0.007622422981622905,-0.006053815220650703,3
miniboone,coerror_b6000_k64,random_patches64,auroc,0.004932545363976248,0.003445326120243619,0.0060184958053279836,3
miniboone,coerror_b6000_k64,random_patches64,brier,0.0097846548104567,0.008320200766963201,0.010917314635502898,3
miniboone,coerror_b6000_k64,rf_leaf5,auroc,-0.004807083504318614,-0.005616757279908069,-0.003887971848979821,3
miniboone,coerror_b6000_k64,rf_leaf5,brier,-0.005631529401132836,-0.006506505377036502,-0.004844200425025202,3
miniboone,coerror_b6000_k64,rf_shallow64,auroc,0.0053518703152114116,0.0030149389590202746,0.007312466270911977,3
miniboone,coerror_b6000_k64,rf_shallow64,brier,0.006098860518443531,0.0039701790682585,0.007193464046565193,3
miniboone,coerror_b6000_k64,signed_correlation_b6000_k64,auroc,-0.0022938248017799756,-0.0034113364557764037,-0.0016677223893596382,3
miniboone,coerror_b6000_k64,signed_correlation_b6000_k64,brier,0.009656233630458663,0.008445358778960993,0.010510751391964904,3
miniboone,coerror_b6000_k64,top_quality_b6000_k64,auroc,0.006829570059184868,0.0057616938933165995,0.007497897098463824,3
miniboone,coerror_b6000_k64,top_quality_b6000_k64,brier,0.0035493648402733966,0.002744120415867801,0.004235477725221398,3
miniboone,coerror_b6000_k64,xgboost,auroc,-0.011642609278578001,-0.013122677989233611,-0.01044452240398086,3
miniboone,coerror_b6000_k64,xgboost,brier,-0.017177879322355302,-0.018668325748325602,-0.015995343501445602,3
musk2,coerror_b6000_k64,abs_correlation_b6000_k64,brier,-0.01067054966265774,-0.0211441749314817,-0.003018536430344221,3
musk2,coerror_b6000_k64,abs_correlation_b6000_k64,group_auroc,-0.03927025355596784,-0.07359307359307354,0.0,3
musk2,coerror_b6000_k64,caruana_b6000_k64,brier,-0.008182683230634502,-0.012662358978953708,-0.0004655007600146005,3
musk2,coerror_b6000_k64,caruana_b6000_k64,group_auroc,-0.013760049474335253,-0.02597402597402587,0.00510204081632637,3
musk2,coerror_b6000_k64,catboost,brier,-0.011627133766739572,-0.027616774979710795,0.014494036433639584,3
musk2,coerror_b6000_k64,catboost,group_auroc,-0.07101628530199959,-0.1212121212121211,-0.030612244897959218,3
musk2,coerror_b6000_k64,coerror_b1000_k64,brier,0.003718137493335503,-0.0037399235547722898,0.014065630845619598,3
musk2,coerror_b6000_k64,coerror_b1000_k64,group_auroc,0.03257060399917533,0.020408163265306034,0.04329004329004327,3
musk2,coerror_b6000_k64,coerror_b3000_k64,brier,0.0006333406823039039,-0.002630684409190495,0.004464373740188904,3
musk2,coerror_b6000_k64,coerror_b3000_k64,group_auroc,0.014017728303442537,0.00340136054421758,0.02164502164502169,3
musk2,coerror_b6000_k64,coerror_b6000_k128,brier,-0.0012189002143653028,-0.002442331327645292,0.0002578426469736911,3
musk2,coerror_b6000_k64,coerror_b6000_k128,group_auroc,0.007730364873221984,0.0,0.012987012987012991,3
musk2,coerror_b6000_k64,coerror_b6000_k16,brier,-0.005534528846831306,-0.009409518503420006,0.0003510729064774981,3
musk2,coerror_b6000_k64,coerror_b6000_k16,group_auroc,0.005720470006184179,0.001700680272108679,0.008658008658008698,3
musk2,coerror_b6000_k64,coerror_b6000_k256,brier,-0.0025732272989792415,-0.0043841147015522,-0.0008612318903183092,3
musk2,coerror_b6000_k64,coerror_b6000_k256,group_auroc,0.011440940012368542,0.0,0.017316017316017285,3
musk2,coerror_b6000_k64,coerror_cert_b6000_k64,brier,-0.001270352669757067,-0.0031546165714385066,-0.0,3
musk2,coerror_b6000_k64,coerror_cert_b6000_k64,group_auroc,-0.0011337868480726006,-0.003401360544217691,0.0,3
musk2,coerror_b6000_k64,coerror_swap_b6000_k64,brier,-0.0005273011880015388,-0.0012534087746877975,-0.0,3
musk2,coerror_b6000_k64,coerror_swap_b6000_k64,group_auroc,-0.0025767882910739948,-0.0043290043290042934,0.0,3
musk2,coerror_b6000_k64,extra_trees,brier,-0.01053964491930453,-0.022923498811649,-0.0008563725535924993,3
musk2,coerror_b6000_k64,extra_trees,group_auroc,-0.07884972170686459,-0.1515151515151515,-0.017006802721088454,3
musk2,coerror_b6000_k64,lightgbm,brier,0.018158148852800038,-0.0036023134685289893,0.0347568171470847,3
musk2,coerror_b6000_k64,lightgbm,group_auroc,-0.09224902082044946,-0.16450216450216448,-0.04421768707483009,3
musk2,coerror_b6000_k64,linear,brier,0.0100888688962262,-0.0219996136003974,0.05015828817786119,3
musk2,coerror_b6000_k64,linear,group_auroc,0.00546279117707682,-0.1298701298701298,0.1360544217687073,3
musk2,coerror_b6000_k64,quality_diversity_l002_b6000_k64,brier,0.00664132879717103,-0.015139560893943901,0.018619081480678396,3
musk2,coerror_b6000_k64,quality_diversity_l002_b6000_k64,group_auroc,-0.023500309214595005,-0.04421768707483009,0.017006802721088343,3
musk2,coerror_b6000_k64,quality_diversity_l01_b6000_k64,brier,0.003733863732981494,-0.014800687523613201,0.018966360129630794,3
musk2,coerror_b6000_k64,quality_diversity_l01_b6000_k64,group_auroc,-0.020717377860235087,-0.051948051948051965,0.013605442176870652,3
musk2,coerror_b6000_k64,quality_diversity_l05_b6000_k64,brier,-0.004915268222458399,-0.015169711164674998,0.014705180051661298,3
musk2,coerror_b6000_k64,quality_diversity_l05_b6000_k64,group_auroc,-0.047206761492475824,-0.07359307359307354,0.00340136054421758,3
musk2,coerror_b6000_k64,random_b6000_k64,brier,-0.01011897074612344,-0.01398989007346682,-0.005521596395853701,3
musk2,coerror_b6000_k64,random_b6000_k64,group_auroc,-0.010204081632653147,-0.051020408163265474,0.020408163265306034,3
musk2,coerror_b6000_k64,random_forest,brier,0.012316748701043262,-0.00818608293413721,0.0395612591846444,3
musk2,coerror_b6000_k64,random_forest,group_auroc,-0.053339517625231925,-0.10389610389610382,0.00170068027210879,3
musk2,coerror_b6000_k64,random_patches64,brier,-0.0010124225240219081,-0.006434132853030405,0.0036014942764680813,3
musk2,coerror_b6000_k64,random_patches64,group_auroc,-0.019686662543805505,-0.03401360544217702,-0.003401360544217802,3
musk2,coerror_b6000_k64,rf_leaf5,brier,0.00030265491115809745,-0.011102752512328104,0.014268152945383708,3
musk2,coerror_b6000_k64,rf_leaf5,group_auroc,-0.049577406720263895,-0.09090909090909083,-0.003401360544217691,3
musk2,coerror_b6000_k64,rf_shallow64,brier,-0.007921290189512506,-0.015496196885046304,-0.0021366679505664954,3
musk2,coerror_b6000_k64,rf_shallow64,group_auroc,-0.024531024531024626,-0.07359307359307365,0.013605442176870652,3
musk2,coerror_b6000_k64,signed_correlation_b6000_k64,brier,-0.01067054966265774,-0.0211441749314817,-0.003018536430344221,3
musk2,coerror_b6000_k64,signed_correlation_b6000_k64,group_auroc,-0.03927025355596784,-0.07359307359307354,0.0,3
musk2,coerror_b6000_k64,top_quality_b6000_k64,brier,0.0076511178872914936,-0.015293205577075392,0.019635620446489588,3
musk2,coerror_b6000_k64,top_quality_b6000_k64,group_auroc,-0.024324881467738663,-0.04761904761904778,0.013605442176870652,3
musk2,coerror_b6000_k64,xgboost,brier,0.005494698698592371,-0.016162287043724494,0.0459269378449548,3
musk2,coerror_b6000_k64,xgboost,group_auroc,-0.0756545042259329,-0.1385281385281385,-0.0408163265306124,3
superconductivity,coerror_b6000_k64,abs_correlation_b6000_k64,normalized_squared_loss,0.06721942955832753,0.06439883620231499,0.07177540793361262,3
superconductivity,coerror_b6000_k64,abs_correlation_b6000_k64,rmse,2.6148708718544604,2.476865653883598,2.829078172963282,3
superconductivity,coerror_b6000_k64,caruana_b6000_k64,normalized_squared_loss,0.0007892566072031001,0.00024740493990471624,0.0014550709837810871,3
superconductivity,coerror_b6000_k64,caruana_b6000_k64,rmse,0.0332514670879854,0.010748928896351373,0.06090009357318671,3
superconductivity,coerror_b6000_k64,catboost,normalized_squared_loss,-0.04687015727704147,-0.04784470045355049,-0.04504425588707511,3
superconductivity,coerror_b6000_k64,catboost,rmse,-2.1657979513277468,-2.26588447125034,-2.042044009547473,3
superconductivity,coerror_b6000_k64,coerror_b1000_k64,normalized_squared_loss,0.0043811905390179024,0.003811284941858395,0.0048831291118199005,3
superconductivity,coerror_b6000_k64,coerror_b1000_k64,rmse,0.18520303953783213,0.1602513657705913,0.2033198371159468,3
superconductivity,coerror_b6000_k64,coerror_b3000_k64,normalized_squared_loss,0.0012896410037598616,-0.00023770425660710193,0.002129257325510503,3
superconductivity,coerror_b6000_k64,coerror_b3000_k64,rmse,0.05495845643616685,-0.010055539564802984,0.09223647220769138,3
superconductivity,coerror_b6000_k64,coerror_b6000_k128,normalized_squared_loss,0.00104886071920914,0.0004469791250852895,0.0014528893159799217,3
superconductivity,coerror_b6000_k64,coerror_b6000_k128,rmse,0.04478725121545205,0.018736568018585587,0.0630037841220723,3
superconductivity,coerror_b6000_k64,coerror_b6000_k16,normalized_squared_loss,0.0015958800393184036,0.0006237100000878182,0.00210122678834479,3
superconductivity,coerror_b6000_k64,coerror_b6000_k16,rmse,0.0672986376714982,0.02708209192986466,0.08785763395378865,3
superconductivity,coerror_b6000_k64,coerror_b6000_k256,normalized_squared_loss,0.0023358729225836003,0.0019701597160662887,0.0027308429789945077,3
superconductivity,coerror_b6000_k64,coerror_b6000_k256,rmse,0.09926078029098662,0.08239380557477283,0.11818537145183505,3
superconductivity,coerror_b6000_k64,coerror_cert_b6000_k64,normalized_squared_loss,0.0,-0.0,-0.0,3
superconductivity,coerror_b6000_k64,coerror_cert_b6000_k64,rmse,0.0,-0.0,-0.0,3
superconductivity,coerror_b6000_k64,coerror_swap_b6000_k64,normalized_squared_loss,0.00010316723349333239,-3.572744425800467e-05,0.0003452291447380018,3
superconductivity,coerror_b6000_k64,coerror_swap_b6000_k64,rmse,0.0043461123735368075,-0.001552932879336666,0.014591269999947087,3
superconductivity,coerror_b6000_k64,extra_trees,normalized_squared_loss,-0.07874501885130707,-0.0884446471077813,-0.0668895715571506,3
superconductivity,coerror_b6000_k64,extra_trees,rmse,-3.907077331506836,-4.447518943896032,-3.3034007584109126,3
superconductivity,coerror_b6000_k64,lightgbm,normalized_squared_loss,-0.07153126436445396,-0.07437864827823301,-0.06821566108118059,3
superconductivity,coerror_b6000_k64,lightgbm,rmse,-3.482872959241439,-3.592064915342382,-3.3794985917407843,3
superconductivity,coerror_b6000_k64,linear,normalized_squared_loss,0.10657173925580321,0.10589202784250099,0.10745202870634438,3
superconductivity,coerror_b6000_k64,linear,rmse,3.966282967228601,3.9265259853665473,4.032873918842714,3
superconductivity,coerror_b6000_k64,quality_diversity_l002_b6000_k64,normalized_squared_loss,0.004654318196081132,0.003437046073057476,0.006545478340897304,3
superconductivity,coerror_b6000_k64,quality_diversity_l002_b6000_k64,rmse,0.19648566007463883,0.14342099149235032,0.2741050155967919,3
superconductivity,coerror_b6000_k64,quality_diversity_l01_b6000_k64,normalized_squared_loss,0.0020865937374131005,0.001527065702381314,0.0027736835582219954,3
superconductivity,coerror_b6000_k64,quality_diversity_l01_b6000_k64,rmse,0.08879620214563151,0.0644273711328811,0.12003141585782728,3
superconductivity,coerror_b6000_k64,quality_diversity_l05_b6000_k64,normalized_squared_loss,0.0015021110527440595,0.0010290843920434944,0.0020563861815890982,3
superconductivity,coerror_b6000_k64,quality_diversity_l05_b6000_k64,rmse,0.0636058427458348,0.044655381305863884,0.08669069934484952,3
superconductivity,coerror_b6000_k64,random_b6000_k64,normalized_squared_loss,0.06986430771093997,0.060753226684264916,0.0847704029133747,3
superconductivity,coerror_b6000_k64,random_b6000_k64,rmse,2.7082847562918553,2.36848145313129,3.2912136532481,3
superconductivity,coerror_b6000_k64,random_forest,normalized_squared_loss,-0.07354553471934692,-0.08072437916015639,-0.06263086969482319,3
superconductivity,coerror_b6000_k64,random_forest,rmse,-3.600495257786974,-3.9801950020452885,-3.0626700823395243,3
superconductivity,coerror_b6000_k64,random_patches64,normalized_squared_loss,0.022553011912828613,0.021886764313709617,0.023350049477041196,3
superconductivity,coerror_b6000_k64,random_patches64,rmse,0.928588708658794,0.8967758422787799,0.9466726683616269,3
superconductivity,coerror_b6000_k64,rf_leaf5,normalized_squared_loss,-0.07121152877138844,-0.07384379172250331,-0.06755895974774959,3
superconductivity,coerror_b6000_k64,rf_leaf5,rmse,-3.464520212272673,-3.5616746965307957,-3.3417443106381146,3
superconductivity,coerror_b6000_k64,rf_shallow64,normalized_squared_loss,0.013619790961173125,0.010492381616599877,0.017820026732668,3
superconductivity,coerror_b6000_k64,rf_shallow64,rmse,0.5674953725794515,0.4332552994523269,0.7342821924229614,3
superconductivity,coerror_b6000_k64,signed_correlation_b6000_k64,normalized_squared_loss,0.06721942955832753,0.06439883620231499,0.07177540793361262,3
superconductivity,coerror_b6000_k64,signed_correlation_b6000_k64,rmse,2.6148708718544604,2.476865653883598,2.829078172963282,3
superconductivity,coerror_b6000_k64,top_quality_b6000_k64,normalized_squared_loss,0.005493082572373668,0.0041774966171787,0.008011320694455815,3
superconductivity,coerror_b6000_k64,top_quality_b6000_k64,rmse,0.23131987034415089,0.17880074434196658,0.3347708280964028,3
superconductivity,coerror_b6000_k64,xgboost,normalized_squared_loss,-0.07289125307774846,-0.07539914872506621,-0.0679340180032573,3
superconductivity,coerror_b6000_k64,xgboost,rmse,-3.560140704068019,-3.66682722329716,-3.3632899388593955,3
