dataset,seed,fold,role,rows,split_groups,max_rows_per_group,positive_rows,positive_molecules
credit_default,11,0,train,13333,13316,2,2949.0,
credit_default,11,0,test,6667,6656,3,1475.0,
credit_default,11,1,train,13334,13315,3,2950.0,
credit_default,11,1,test,6666,6657,2,1474.0,
credit_default,11,2,train,13333,13313,3,2949.0,
credit_default,11,2,test,6667,6659,2,1475.0,
higgs,11,0,train,13333,13333,1,7048.0,
higgs,11,0,test,6667,6666,2,3524.0,
higgs,11,1,train,13334,13333,2,7048.0,
higgs,11,1,test,6666,6666,1,3524.0,
higgs,11,2,train,13333,13332,2,7048.0,
higgs,11,2,test,6667,6667,1,3524.0,
miniboone,11,0,train,13333,13333,1,3741.0,
miniboone,11,0,test,6667,6584,84,1871.0,
miniboone,11,1,train,13333,13250,84,3741.0,
miniboone,11,1,test,6667,6667,1,1871.0,
miniboone,11,2,train,13334,13251,84,3742.0,
miniboone,11,2,test,6666,6666,1,1870.0,
superconductivity,11,0,train,13177,9598,52,,
superconductivity,11,0,test,6823,4799,104,,
superconductivity,11,1,train,13467,9598,104,,
superconductivity,11,1,test,6533,4799,52,,
superconductivity,11,2,train,13356,9598,104,,
superconductivity,11,2,test,6644,4799,45,,
california_housing,11,0,train,13333,13333,1,,
california_housing,11,0,test,6667,6667,1,,
california_housing,11,1,train,13333,13333,1,,
california_housing,11,1,test,6667,6667,1,,
california_housing,11,2,train,13334,13334,1,,
california_housing,11,2,test,6666,6666,1,,
musk2,11,0,train,4398,70,1010,677.0,28.0
musk2,11,0,test,2200,32,1044,340.0,11.0
musk2,11,1,train,4399,67,1044,678.0,25.0
musk2,11,1,test,2199,35,1010,339.0,14.0
musk2,11,2,train,4399,67,1044,679.0,25.0
musk2,11,2,test,2199,35,911,338.0,14.0
