dataset,seed,fold,method,pool_B,eligible_B,retained_count,distinct_selected_oof,generated_B
credit_default,11,0,coerror_f20_d3_b1000_k64,1000,1000,64,60,6000
credit_default,11,0,coerror_b1000_k16,1000,1000,16,16,6000
credit_default,11,0,coerror_b6000_k64,6000,6000,64,64,6000
credit_default,11,0,coerror_b3000_k16,3000,3000,16,16,6000
credit_default,11,0,coerror_f50_d3_b1000_k64,1000,1000,64,55,6000
credit_default,11,0,coerror_f05_d3_b1000_k64,1000,1000,64,22,6000
credit_default,11,0,quality_diversity_l05_b6000_k64,6000,6000,64,64,6000
credit_default,11,0,top_quality_b6000_k128,6000,6000,128,128,6000
credit_default,11,0,coerror_cert_b6000_k64,6000,5993,64,64,6000
credit_default,11,0,top_quality_b3000_k64,3000,3000,64,64,6000
credit_default,11,0,random_b1000_k64,1000,1000,64,63,6000
credit_default,11,0,coerror_b6000_k256,6000,6000,256,248,6000
credit_default,11,0,top_quality_b6000_k16,6000,6000,16,16,6000
credit_default,11,0,top_quality_f20_d3_b1000_k64,1000,1000,64,61,6000
credit_default,11,0,top_quality_cert_b6000_k64,6000,5993,64,64,6000
credit_default,11,0,top_quality_b1000_k64,1000,1000,64,64,6000
credit_default,11,0,random_b3000_k64,3000,3000,64,64,6000
credit_default,11,0,random_b6000_k128,6000,6000,128,127,6000
credit_default,11,0,top_quality_f05_d3_b1000_k64,1000,1000,64,16,6000
credit_default,11,0,top_quality_f50_d3_b1000_k64,1000,1000,64,54,6000
credit_default,11,0,caruana_b6000_k64,6000,6000,36,36,6000
credit_default,11,0,random_b6000_k16,6000,6000,16,16,6000
credit_default,11,0,random_cert_b6000_k64,6000,5993,64,64,6000
credit_default,11,0,quality_diversity_l002_b6000_k64,6000,6000,64,64,6000
credit_default,11,0,coerror_b6000_k128,6000,6000,128,123,6000
credit_default,11,0,top_quality_f05_d6_b1000_k64,1000,1000,64,16,6000
credit_default,11,0,top_quality_f50_d6_b1000_k64,1000,1000,64,64,6000
credit_default,11,0,top_quality_b300_k64,300,300,64,63,6000
credit_default,11,0,coerror_b3000_k128,3000,3000,128,127,6000
credit_default,11,0,random_b6000_k64,6000,6000,64,63,6000
credit_default,11,0,random_b3000_k16,3000,3000,16,16,6000
credit_default,11,0,top_quality_b1000_k16,1000,1000,16,16,6000
credit_default,11,0,random_b3000_k128,3000,3000,128,127,6000
credit_default,11,0,top_quality_b6000_k64,6000,6000,64,64,6000
credit_default,11,0,random_b1000_k16,1000,1000,16,16,6000
credit_default,11,0,top_quality_b3000_k16,3000,3000,16,16,6000
credit_default,11,0,signed_correlation_b6000_k64,6000,6000,64,64,6000
credit_default,11,0,top_quality_f20_d6_b1000_k64,1000,1000,64,64,6000
credit_default,11,0,coerror_b300_k64,300,300,64,64,6000
credit_default,11,0,top_quality_b3000_k128,3000,3000,128,128,6000
credit_default,11,0,coerror_f50_d6_b1000_k64,1000,1000,64,64,6000
credit_default,11,0,coerror_f05_d6_b1000_k64,1000,1000,64,23,6000
credit_default,11,0,coerror_b3000_k64,3000,3000,64,63,6000
credit_default,11,0,top_quality_b1000_k128,1000,1000,128,125,6000
credit_default,11,0,abs_correlation_b6000_k64,6000,6000,64,64,6000
credit_default,11,0,coerror_b6000_k16,6000,6000,16,16,6000
credit_default,11,0,quality_diversity_l01_b6000_k64,6000,6000,64,64,6000
credit_default,11,0,coerror_b1000_k64,1000,1000,64,63,6000
credit_default,11,0,coerror_f20_d6_b1000_k64,1000,1000,64,64,6000
credit_default,11,0,coerror_swap_b6000_k64,6000,6000,64,64,6000
credit_default,11,0,coerror_b1000_k128,1000,1000,128,125,6000
credit_default,11,0,random_b1000_k128,1000,1000,128,128,6000
credit_default,11,1,coerror_f20_d3_b1000_k64,1000,1000,64,61,6000
credit_default,11,1,coerror_b1000_k16,1000,1000,16,16,6000
credit_default,11,1,coerror_b6000_k64,6000,6000,64,64,6000
credit_default,11,1,coerror_b3000_k16,3000,3000,16,16,6000
credit_default,11,1,coerror_f50_d3_b1000_k64,1000,1000,64,59,6000
credit_default,11,1,coerror_f05_d3_b1000_k64,1000,1000,64,22,6000
credit_default,11,1,quality_diversity_l05_b6000_k64,6000,6000,64,64,6000
credit_default,11,1,top_quality_b6000_k128,6000,6000,128,128,6000
credit_default,11,1,coerror_cert_b6000_k64,6000,5922,64,64,6000
credit_default,11,1,top_quality_b3000_k64,3000,3000,64,64,6000
credit_default,11,1,random_b1000_k64,1000,1000,64,64,6000
credit_default,11,1,coerror_b6000_k256,6000,6000,256,254,6000
credit_default,11,1,top_quality_b6000_k16,6000,6000,16,16,6000
credit_default,11,1,top_quality_f20_d3_b1000_k64,1000,1000,64,60,6000
credit_default,11,1,top_quality_cert_b6000_k64,6000,5922,64,64,6000
credit_default,11,1,top_quality_b1000_k64,1000,1000,64,64,6000
credit_default,11,1,random_b3000_k64,3000,3000,64,62,6000
credit_default,11,1,random_b6000_k128,6000,6000,128,126,6000
credit_default,11,1,top_quality_f05_d3_b1000_k64,1000,1000,64,16,6000
credit_default,11,1,top_quality_f50_d3_b1000_k64,1000,1000,64,57,6000
credit_default,11,1,caruana_b6000_k64,6000,6000,30,30,6000
credit_default,11,1,random_b6000_k16,6000,6000,16,16,6000
credit_default,11,1,random_cert_b6000_k64,6000,5922,64,63,6000
credit_default,11,1,quality_diversity_l002_b6000_k64,6000,6000,64,64,6000
credit_default,11,1,coerror_b6000_k128,6000,6000,128,127,6000
credit_default,11,1,top_quality_f05_d6_b1000_k64,1000,1000,64,19,6000
credit_default,11,1,top_quality_f50_d6_b1000_k64,1000,1000,64,64,6000
credit_default,11,1,top_quality_b300_k64,300,300,64,64,6000
credit_default,11,1,coerror_b3000_k128,3000,3000,128,128,6000
credit_default,11,1,random_b6000_k64,6000,6000,64,63,6000
credit_default,11,1,random_b3000_k16,3000,3000,16,16,6000
credit_default,11,1,top_quality_b1000_k16,1000,1000,16,16,6000
credit_default,11,1,random_b3000_k128,3000,3000,128,127,6000
credit_default,11,1,top_quality_b6000_k64,6000,6000,64,64,6000
credit_default,11,1,random_b1000_k16,1000,1000,16,16,6000
credit_default,11,1,top_quality_b3000_k16,3000,3000,16,16,6000
credit_default,11,1,signed_correlation_b6000_k64,6000,6000,64,64,6000
credit_default,11,1,top_quality_f20_d6_b1000_k64,1000,1000,64,64,6000
credit_default,11,1,coerror_b300_k64,300,300,64,64,6000
credit_default,11,1,top_quality_b3000_k128,3000,3000,128,128,6000
credit_default,11,1,coerror_f50_d6_b1000_k64,1000,1000,64,64,6000
credit_default,11,1,coerror_f05_d6_b1000_k64,1000,1000,64,23,6000
credit_default,11,1,coerror_b3000_k64,3000,3000,64,64,6000
credit_default,11,1,top_quality_b1000_k128,1000,1000,128,128,6000
credit_default,11,1,abs_correlation_b6000_k64,6000,6000,64,64,6000
credit_default,11,1,coerror_b6000_k16,6000,6000,16,16,6000
credit_default,11,1,quality_diversity_l01_b6000_k64,6000,6000,64,64,6000
credit_default,11,1,coerror_b1000_k64,1000,1000,64,64,6000
credit_default,11,1,coerror_f20_d6_b1000_k64,1000,1000,64,64,6000
credit_default,11,1,coerror_swap_b6000_k64,6000,6000,64,64,6000
credit_default,11,1,coerror_b1000_k128,1000,1000,128,128,6000
credit_default,11,1,random_b1000_k128,1000,1000,128,127,6000
credit_default,11,2,coerror_f20_d3_b1000_k64,1000,1000,64,63,6000
credit_default,11,2,coerror_b1000_k16,1000,1000,16,16,6000
credit_default,11,2,coerror_b6000_k64,6000,6000,64,64,6000
credit_default,11,2,coerror_b3000_k16,3000,3000,16,16,6000
credit_default,11,2,coerror_f50_d3_b1000_k64,1000,1000,64,59,6000
credit_default,11,2,coerror_f05_d3_b1000_k64,1000,1000,64,21,6000
credit_default,11,2,quality_diversity_l05_b6000_k64,6000,6000,64,64,6000
credit_default,11,2,top_quality_b6000_k128,6000,6000,128,128,6000
credit_default,11,2,coerror_cert_b6000_k64,6000,5944,64,64,6000
credit_default,11,2,top_quality_b3000_k64,3000,3000,64,64,6000
credit_default,11,2,random_b1000_k64,1000,1000,64,64,6000
credit_default,11,2,coerror_b6000_k256,6000,6000,256,255,6000
credit_default,11,2,top_quality_b6000_k16,6000,6000,16,16,6000
credit_default,11,2,top_quality_f20_d3_b1000_k64,1000,1000,64,61,6000
credit_default,11,2,top_quality_cert_b6000_k64,6000,5944,64,64,6000
credit_default,11,2,top_quality_b1000_k64,1000,1000,64,64,6000
credit_default,11,2,random_b3000_k64,3000,3000,64,63,6000
credit_default,11,2,random_b6000_k128,6000,6000,128,124,6000
credit_default,11,2,top_quality_f05_d3_b1000_k64,1000,1000,64,14,6000
credit_default,11,2,top_quality_f50_d3_b1000_k64,1000,1000,64,52,6000
credit_default,11,2,caruana_b6000_k64,6000,6000,33,33,6000
credit_default,11,2,random_b6000_k16,6000,6000,16,16,6000
credit_default,11,2,random_cert_b6000_k64,6000,5944,64,64,6000
credit_default,11,2,quality_diversity_l002_b6000_k64,6000,6000,64,64,6000
credit_default,11,2,coerror_b6000_k128,6000,6000,128,128,6000
credit_default,11,2,top_quality_f05_d6_b1000_k64,1000,1000,64,17,6000
credit_default,11,2,top_quality_f50_d6_b1000_k64,1000,1000,64,64,6000
credit_default,11,2,top_quality_b300_k64,300,300,64,63,6000
credit_default,11,2,coerror_b3000_k128,3000,3000,128,127,6000
credit_default,11,2,random_b6000_k64,6000,6000,64,64,6000
credit_default,11,2,random_b3000_k16,3000,3000,16,16,6000
credit_default,11,2,top_quality_b1000_k16,1000,1000,16,16,6000
credit_default,11,2,random_b3000_k128,3000,3000,128,125,6000
credit_default,11,2,top_quality_b6000_k64,6000,6000,64,64,6000
credit_default,11,2,random_b1000_k16,1000,1000,16,16,6000
credit_default,11,2,top_quality_b3000_k16,3000,3000,16,16,6000
credit_default,11,2,signed_correlation_b6000_k64,6000,6000,64,64,6000
credit_default,11,2,top_quality_f20_d6_b1000_k64,1000,1000,64,63,6000
credit_default,11,2,coerror_b300_k64,300,300,64,63,6000
credit_default,11,2,top_quality_b3000_k128,3000,3000,128,127,6000
credit_default,11,2,coerror_f50_d6_b1000_k64,1000,1000,64,64,6000
credit_default,11,2,coerror_f05_d6_b1000_k64,1000,1000,64,24,6000
credit_default,11,2,coerror_b3000_k64,3000,3000,64,64,6000
credit_default,11,2,top_quality_b1000_k128,1000,1000,128,127,6000
credit_default,11,2,abs_correlation_b6000_k64,6000,6000,64,64,6000
credit_default,11,2,coerror_b6000_k16,6000,6000,16,16,6000
credit_default,11,2,quality_diversity_l01_b6000_k64,6000,6000,64,64,6000
credit_default,11,2,coerror_b1000_k64,1000,1000,64,64,6000
credit_default,11,2,coerror_f20_d6_b1000_k64,1000,1000,64,63,6000
credit_default,11,2,coerror_swap_b6000_k64,6000,6000,64,64,6000
credit_default,11,2,coerror_b1000_k128,1000,1000,128,127,6000
credit_default,11,2,random_b1000_k128,1000,1000,128,127,6000
higgs,11,0,coerror_f20_d3_b1000_k64,1000,1000,64,44,6000
higgs,11,0,coerror_b1000_k16,1000,1000,16,16,6000
higgs,11,0,coerror_b6000_k64,6000,6000,64,64,6000
higgs,11,0,coerror_b3000_k16,3000,3000,16,16,6000
higgs,11,0,coerror_f50_d3_b1000_k64,1000,1000,64,34,6000
higgs,11,0,coerror_f05_d3_b1000_k64,1000,1000,64,26,6000
higgs,11,0,quality_diversity_l05_b6000_k64,6000,6000,64,64,6000
higgs,11,0,top_quality_b6000_k128,6000,6000,128,128,6000
higgs,11,0,coerror_cert_b6000_k64,6000,4953,64,64,6000
higgs,11,0,top_quality_b3000_k64,3000,3000,64,64,6000
higgs,11,0,random_b1000_k64,1000,1000,64,64,6000
higgs,11,0,coerror_b6000_k256,6000,6000,256,256,6000
higgs,11,0,top_quality_b6000_k16,6000,6000,16,16,6000
higgs,11,0,top_quality_f20_d3_b1000_k64,1000,1000,64,44,6000
higgs,11,0,top_quality_cert_b6000_k64,6000,4953,64,64,6000
higgs,11,0,top_quality_b1000_k64,1000,1000,64,64,6000
higgs,11,0,random_b3000_k64,3000,3000,64,64,6000
higgs,11,0,random_b6000_k128,6000,6000,128,128,6000
higgs,11,0,top_quality_f05_d3_b1000_k64,1000,1000,64,18,6000
higgs,11,0,top_quality_f50_d3_b1000_k64,1000,1000,64,27,6000
higgs,11,0,caruana_b6000_k64,6000,6000,44,44,6000
higgs,11,0,random_b6000_k16,6000,6000,16,16,6000
higgs,11,0,random_cert_b6000_k64,6000,4953,64,64,6000
higgs,11,0,quality_diversity_l002_b6000_k64,6000,6000,64,64,6000
higgs,11,0,coerror_b6000_k128,6000,6000,128,128,6000
higgs,11,0,top_quality_f05_d6_b1000_k64,1000,1000,64,32,6000
higgs,11,0,top_quality_f50_d6_b1000_k64,1000,1000,64,64,6000
higgs,11,0,top_quality_b300_k64,300,300,64,64,6000
higgs,11,0,coerror_b3000_k128,3000,3000,128,128,6000
higgs,11,0,random_b6000_k64,6000,6000,64,62,6000
higgs,11,0,random_b3000_k16,3000,3000,16,16,6000
higgs,11,0,top_quality_b1000_k16,1000,1000,16,16,6000
higgs,11,0,random_b3000_k128,3000,3000,128,126,6000
higgs,11,0,top_quality_b6000_k64,6000,6000,64,64,6000
higgs,11,0,random_b1000_k16,1000,1000,16,16,6000
higgs,11,0,top_quality_b3000_k16,3000,3000,16,16,6000
higgs,11,0,signed_correlation_b6000_k64,6000,6000,64,64,6000
higgs,11,0,top_quality_f20_d6_b1000_k64,1000,1000,64,64,6000
higgs,11,0,coerror_b300_k64,300,300,64,64,6000
higgs,11,0,top_quality_b3000_k128,3000,3000,128,128,6000
higgs,11,0,coerror_f50_d6_b1000_k64,1000,1000,64,64,6000
higgs,11,0,coerror_f05_d6_b1000_k64,1000,1000,64,42,6000
higgs,11,0,coerror_b3000_k64,3000,3000,64,64,6000
higgs,11,0,top_quality_b1000_k128,1000,1000,128,118,6000
higgs,11,0,abs_correlation_b6000_k64,6000,6000,64,64,6000
higgs,11,0,coerror_b6000_k16,6000,6000,16,16,6000
higgs,11,0,quality_diversity_l01_b6000_k64,6000,6000,64,64,6000
higgs,11,0,coerror_b1000_k64,1000,1000,64,64,6000
higgs,11,0,coerror_f20_d6_b1000_k64,1000,1000,64,64,6000
higgs,11,0,coerror_swap_b6000_k64,6000,6000,64,64,6000
higgs,11,0,coerror_b1000_k128,1000,1000,128,128,6000
higgs,11,0,random_b1000_k128,1000,1000,128,128,6000
higgs,11,1,coerror_f20_d3_b1000_k64,1000,1000,64,44,6000
higgs,11,1,coerror_b1000_k16,1000,1000,16,16,6000
higgs,11,1,coerror_b6000_k64,6000,6000,64,64,6000
higgs,11,1,coerror_b3000_k16,3000,3000,16,16,6000
higgs,11,1,coerror_f50_d3_b1000_k64,1000,1000,64,17,6000
higgs,11,1,coerror_f05_d3_b1000_k64,1000,1000,64,22,6000
higgs,11,1,quality_diversity_l05_b6000_k64,6000,6000,64,64,6000
higgs,11,1,top_quality_b6000_k128,6000,6000,128,128,6000
higgs,11,1,coerror_cert_b6000_k64,6000,4997,64,64,6000
higgs,11,1,top_quality_b3000_k64,3000,3000,64,64,6000
higgs,11,1,random_b1000_k64,1000,1000,64,63,6000
higgs,11,1,coerror_b6000_k256,6000,6000,256,256,6000
higgs,11,1,top_quality_b6000_k16,6000,6000,16,16,6000
higgs,11,1,top_quality_f20_d3_b1000_k64,1000,1000,64,23,6000
higgs,11,1,top_quality_cert_b6000_k64,6000,4997,64,64,6000
higgs,11,1,top_quality_b1000_k64,1000,1000,64,64,6000
higgs,11,1,random_b3000_k64,3000,3000,64,64,6000
higgs,11,1,random_b6000_k128,6000,6000,128,127,6000
higgs,11,1,top_quality_f05_d3_b1000_k64,1000,1000,64,18,6000
higgs,11,1,top_quality_f50_d3_b1000_k64,1000,1000,64,14,6000
higgs,11,1,caruana_b6000_k64,6000,6000,33,33,6000
higgs,11,1,random_b6000_k16,6000,6000,16,16,6000
higgs,11,1,random_cert_b6000_k64,6000,4997,64,61,6000
higgs,11,1,quality_diversity_l002_b6000_k64,6000,6000,64,64,6000
higgs,11,1,coerror_b6000_k128,6000,6000,128,128,6000
higgs,11,1,top_quality_f05_d6_b1000_k64,1000,1000,64,46,6000
higgs,11,1,top_quality_f50_d6_b1000_k64,1000,1000,64,64,6000
higgs,11,1,top_quality_b300_k64,300,300,64,54,6000
higgs,11,1,coerror_b3000_k128,3000,3000,128,128,6000
higgs,11,1,random_b6000_k64,6000,6000,64,62,6000
higgs,11,1,random_b3000_k16,3000,3000,16,16,6000
higgs,11,1,top_quality_b1000_k16,1000,1000,16,16,6000
higgs,11,1,random_b3000_k128,3000,3000,128,127,6000
higgs,11,1,top_quality_b6000_k64,6000,6000,64,64,6000
higgs,11,1,random_b1000_k16,1000,1000,16,16,6000
higgs,11,1,top_quality_b3000_k16,3000,3000,16,16,6000
higgs,11,1,signed_correlation_b6000_k64,6000,6000,64,64,6000
higgs,11,1,top_quality_f20_d6_b1000_k64,1000,1000,64,64,6000
higgs,11,1,coerror_b300_k64,300,300,64,63,6000
higgs,11,1,top_quality_b3000_k128,3000,3000,128,128,6000
higgs,11,1,coerror_f50_d6_b1000_k64,1000,1000,64,64,6000
higgs,11,1,coerror_f05_d6_b1000_k64,1000,1000,64,43,6000
higgs,11,1,coerror_b3000_k64,3000,3000,64,64,6000
higgs,11,1,top_quality_b1000_k128,1000,1000,128,113,6000
higgs,11,1,abs_correlation_b6000_k64,6000,6000,64,64,6000
higgs,11,1,coerror_b6000_k16,6000,6000,16,16,6000
higgs,11,1,quality_diversity_l01_b6000_k64,6000,6000,64,64,6000
higgs,11,1,coerror_b1000_k64,1000,1000,64,64,6000
higgs,11,1,coerror_f20_d6_b1000_k64,1000,1000,64,64,6000
higgs,11,1,coerror_swap_b6000_k64,6000,6000,64,64,6000
higgs,11,1,coerror_b1000_k128,1000,1000,128,128,6000
higgs,11,1,random_b1000_k128,1000,1000,128,125,6000
higgs,11,2,coerror_f20_d3_b1000_k64,1000,1000,64,40,6000
higgs,11,2,coerror_b1000_k16,1000,1000,16,16,6000
higgs,11,2,coerror_b6000_k64,6000,6000,64,64,6000
higgs,11,2,coerror_b3000_k16,3000,3000,16,16,6000
higgs,11,2,coerror_f50_d3_b1000_k64,1000,1000,64,18,6000
higgs,11,2,coerror_f05_d3_b1000_k64,1000,1000,64,17,6000
higgs,11,2,quality_diversity_l05_b6000_k64,6000,6000,64,64,6000
higgs,11,2,top_quality_b6000_k128,6000,6000,128,128,6000
higgs,11,2,coerror_cert_b6000_k64,6000,5029,64,64,6000
higgs,11,2,top_quality_b3000_k64,3000,3000,64,64,6000
higgs,11,2,random_b1000_k64,1000,1000,64,64,6000
higgs,11,2,coerror_b6000_k256,6000,6000,256,256,6000
higgs,11,2,top_quality_b6000_k16,6000,6000,16,16,6000
higgs,11,2,top_quality_f20_d3_b1000_k64,1000,1000,64,30,6000
higgs,11,2,top_quality_cert_b6000_k64,6000,5029,64,64,6000
higgs,11,2,top_quality_b1000_k64,1000,1000,64,64,6000
higgs,11,2,random_b3000_k64,3000,3000,64,64,6000
higgs,11,2,random_b6000_k128,6000,6000,128,124,6000
higgs,11,2,top_quality_f05_d3_b1000_k64,1000,1000,64,15,6000
higgs,11,2,top_quality_f50_d3_b1000_k64,1000,1000,64,5,6000
higgs,11,2,caruana_b6000_k64,6000,6000,32,32,6000
higgs,11,2,random_b6000_k16,6000,6000,16,16,6000
higgs,11,2,random_cert_b6000_k64,6000,5029,64,64,6000
higgs,11,2,quality_diversity_l002_b6000_k64,6000,6000,64,64,6000
higgs,11,2,coerror_b6000_k128,6000,6000,128,128,6000
higgs,11,2,top_quality_f05_d6_b1000_k64,1000,1000,64,40,6000
higgs,11,2,top_quality_f50_d6_b1000_k64,1000,1000,64,64,6000
higgs,11,2,top_quality_b300_k64,300,300,64,59,6000
higgs,11,2,coerror_b3000_k128,3000,3000,128,128,6000
higgs,11,2,random_b6000_k64,6000,6000,64,64,6000
higgs,11,2,random_b3000_k16,3000,3000,16,16,6000
higgs,11,2,top_quality_b1000_k16,1000,1000,16,16,6000
higgs,11,2,random_b3000_k128,3000,3000,128,127,6000
higgs,11,2,top_quality_b6000_k64,6000,6000,64,64,6000
higgs,11,2,random_b1000_k16,1000,1000,16,16,6000
higgs,11,2,top_quality_b3000_k16,3000,3000,16,16,6000
higgs,11,2,signed_correlation_b6000_k64,6000,6000,64,64,6000
higgs,11,2,top_quality_f20_d6_b1000_k64,1000,1000,64,64,6000
higgs,11,2,coerror_b300_k64,300,300,64,62,6000
higgs,11,2,top_quality_b3000_k128,3000,3000,128,128,6000
higgs,11,2,coerror_f50_d6_b1000_k64,1000,1000,64,64,6000
higgs,11,2,coerror_f05_d6_b1000_k64,1000,1000,64,48,6000
higgs,11,2,coerror_b3000_k64,3000,3000,64,64,6000
higgs,11,2,top_quality_b1000_k128,1000,1000,128,116,6000
higgs,11,2,abs_correlation_b6000_k64,6000,6000,64,64,6000
higgs,11,2,coerror_b6000_k16,6000,6000,16,16,6000
higgs,11,2,quality_diversity_l01_b6000_k64,6000,6000,64,64,6000
higgs,11,2,coerror_b1000_k64,1000,1000,64,64,6000
higgs,11,2,coerror_f20_d6_b1000_k64,1000,1000,64,64,6000
higgs,11,2,coerror_swap_b6000_k64,6000,6000,64,64,6000
higgs,11,2,coerror_b1000_k128,1000,1000,128,128,6000
higgs,11,2,random_b1000_k128,1000,1000,128,126,6000
miniboone,11,0,coerror_f20_d3_b1000_k64,1000,1000,64,59,6000
miniboone,11,0,coerror_b1000_k16,1000,1000,16,16,6000
miniboone,11,0,coerror_b6000_k64,6000,6000,64,64,6000
miniboone,11,0,coerror_b3000_k16,3000,3000,16,16,6000
miniboone,11,0,coerror_f50_d3_b1000_k64,1000,1000,64,49,6000
miniboone,11,0,coerror_f05_d3_b1000_k64,1000,1000,64,57,6000
miniboone,11,0,quality_diversity_l05_b6000_k64,6000,6000,64,64,6000
miniboone,11,0,top_quality_b6000_k128,6000,6000,128,128,6000
miniboone,11,0,coerror_cert_b6000_k64,6000,6000,64,64,6000
miniboone,11,0,top_quality_b3000_k64,3000,3000,64,64,6000
miniboone,11,0,random_b1000_k64,1000,1000,64,64,6000
miniboone,11,0,coerror_b6000_k256,6000,6000,256,256,6000
miniboone,11,0,top_quality_b6000_k16,6000,6000,16,16,6000
miniboone,11,0,top_quality_f20_d3_b1000_k64,1000,1000,64,51,6000
miniboone,11,0,top_quality_cert_b6000_k64,6000,6000,64,64,6000
miniboone,11,0,top_quality_b1000_k64,1000,1000,64,64,6000
miniboone,11,0,random_b3000_k64,3000,3000,64,64,6000
miniboone,11,0,random_b6000_k128,6000,6000,128,128,6000
miniboone,11,0,top_quality_f05_d3_b1000_k64,1000,1000,64,55,6000
miniboone,11,0,top_quality_f50_d3_b1000_k64,1000,1000,64,28,6000
miniboone,11,0,caruana_b6000_k64,6000,6000,42,42,6000
miniboone,11,0,random_b6000_k16,6000,6000,16,16,6000
miniboone,11,0,random_cert_b6000_k64,6000,6000,64,64,6000
miniboone,11,0,quality_diversity_l002_b6000_k64,6000,6000,64,64,6000
miniboone,11,0,coerror_b6000_k128,6000,6000,128,128,6000
miniboone,11,0,top_quality_f05_d6_b1000_k64,1000,1000,64,63,6000
miniboone,11,0,top_quality_f50_d6_b1000_k64,1000,1000,64,64,6000
miniboone,11,0,top_quality_b300_k64,300,300,64,64,6000
miniboone,11,0,coerror_b3000_k128,3000,3000,128,128,6000
miniboone,11,0,random_b6000_k64,6000,6000,64,64,6000
miniboone,11,0,random_b3000_k16,3000,3000,16,16,6000
miniboone,11,0,top_quality_b1000_k16,1000,1000,16,16,6000
miniboone,11,0,random_b3000_k128,3000,3000,128,128,6000
miniboone,11,0,top_quality_b6000_k64,6000,6000,64,64,6000
miniboone,11,0,random_b1000_k16,1000,1000,16,16,6000
miniboone,11,0,top_quality_b3000_k16,3000,3000,16,16,6000
miniboone,11,0,signed_correlation_b6000_k64,6000,6000,64,64,6000
miniboone,11,0,top_quality_f20_d6_b1000_k64,1000,1000,64,64,6000
miniboone,11,0,coerror_b300_k64,300,300,64,64,6000
miniboone,11,0,top_quality_b3000_k128,3000,3000,128,128,6000
miniboone,11,0,coerror_f50_d6_b1000_k64,1000,1000,64,64,6000
miniboone,11,0,coerror_f05_d6_b1000_k64,1000,1000,64,63,6000
miniboone,11,0,coerror_b3000_k64,3000,3000,64,64,6000
miniboone,11,0,top_quality_b1000_k128,1000,1000,128,128,6000
miniboone,11,0,abs_correlation_b6000_k64,6000,6000,64,64,6000
miniboone,11,0,coerror_b6000_k16,6000,6000,16,16,6000
miniboone,11,0,quality_diversity_l01_b6000_k64,6000,6000,64,64,6000
miniboone,11,0,coerror_b1000_k64,1000,1000,64,64,6000
miniboone,11,0,coerror_f20_d6_b1000_k64,1000,1000,64,64,6000
miniboone,11,0,coerror_swap_b6000_k64,6000,6000,64,64,6000
miniboone,11,0,coerror_b1000_k128,1000,1000,128,128,6000
miniboone,11,0,random_b1000_k128,1000,1000,128,128,6000
miniboone,11,1,coerror_f20_d3_b1000_k64,1000,1000,64,61,6000
miniboone,11,1,coerror_b1000_k16,1000,1000,16,16,6000
miniboone,11,1,coerror_b6000_k64,6000,6000,64,64,6000
miniboone,11,1,coerror_b3000_k16,3000,3000,16,16,6000
miniboone,11,1,coerror_f50_d3_b1000_k64,1000,1000,64,53,6000
miniboone,11,1,coerror_f05_d3_b1000_k64,1000,1000,64,59,6000
miniboone,11,1,quality_diversity_l05_b6000_k64,6000,6000,64,64,6000
miniboone,11,1,top_quality_b6000_k128,6000,6000,128,128,6000
miniboone,11,1,coerror_cert_b6000_k64,6000,6000,64,64,6000
miniboone,11,1,top_quality_b3000_k64,3000,3000,64,64,6000
miniboone,11,1,random_b1000_k64,1000,1000,64,64,6000
miniboone,11,1,coerror_b6000_k256,6000,6000,256,256,6000
miniboone,11,1,top_quality_b6000_k16,6000,6000,16,16,6000
miniboone,11,1,top_quality_f20_d3_b1000_k64,1000,1000,64,52,6000
miniboone,11,1,top_quality_cert_b6000_k64,6000,6000,64,64,6000
miniboone,11,1,top_quality_b1000_k64,1000,1000,64,64,6000
miniboone,11,1,random_b3000_k64,3000,3000,64,64,6000
miniboone,11,1,random_b6000_k128,6000,6000,128,128,6000
miniboone,11,1,top_quality_f05_d3_b1000_k64,1000,1000,64,61,6000
miniboone,11,1,top_quality_f50_d3_b1000_k64,1000,1000,64,42,6000
miniboone,11,1,caruana_b6000_k64,6000,6000,41,41,6000
miniboone,11,1,random_b6000_k16,6000,6000,16,16,6000
miniboone,11,1,random_cert_b6000_k64,6000,6000,64,64,6000
miniboone,11,1,quality_diversity_l002_b6000_k64,6000,6000,64,64,6000
miniboone,11,1,coerror_b6000_k128,6000,6000,128,128,6000
miniboone,11,1,top_quality_f05_d6_b1000_k64,1000,1000,64,64,6000
miniboone,11,1,top_quality_f50_d6_b1000_k64,1000,1000,64,64,6000
miniboone,11,1,top_quality_b300_k64,300,300,64,64,6000
miniboone,11,1,coerror_b3000_k128,3000,3000,128,128,6000
miniboone,11,1,random_b6000_k64,6000,6000,64,64,6000
miniboone,11,1,random_b3000_k16,3000,3000,16,16,6000
miniboone,11,1,top_quality_b1000_k16,1000,1000,16,16,6000
miniboone,11,1,random_b3000_k128,3000,3000,128,128,6000
miniboone,11,1,top_quality_b6000_k64,6000,6000,64,64,6000
miniboone,11,1,random_b1000_k16,1000,1000,16,16,6000
miniboone,11,1,top_quality_b3000_k16,3000,3000,16,16,6000
miniboone,11,1,signed_correlation_b6000_k64,6000,6000,64,64,6000
miniboone,11,1,top_quality_f20_d6_b1000_k64,1000,1000,64,64,6000
miniboone,11,1,coerror_b300_k64,300,300,64,64,6000
miniboone,11,1,top_quality_b3000_k128,3000,3000,128,128,6000
miniboone,11,1,coerror_f50_d6_b1000_k64,1000,1000,64,64,6000
miniboone,11,1,coerror_f05_d6_b1000_k64,1000,1000,64,64,6000
miniboone,11,1,coerror_b3000_k64,3000,3000,64,64,6000
miniboone,11,1,top_quality_b1000_k128,1000,1000,128,128,6000
miniboone,11,1,abs_correlation_b6000_k64,6000,6000,64,64,6000
miniboone,11,1,coerror_b6000_k16,6000,6000,16,16,6000
miniboone,11,1,quality_diversity_l01_b6000_k64,6000,6000,64,64,6000
miniboone,11,1,coerror_b1000_k64,1000,1000,64,64,6000
miniboone,11,1,coerror_f20_d6_b1000_k64,1000,1000,64,64,6000
miniboone,11,1,coerror_swap_b6000_k64,6000,6000,64,64,6000
miniboone,11,1,coerror_b1000_k128,1000,1000,128,128,6000
miniboone,11,1,random_b1000_k128,1000,1000,128,128,6000
miniboone,11,2,coerror_f20_d3_b1000_k64,1000,1000,64,61,6000
miniboone,11,2,coerror_b1000_k16,1000,1000,16,16,6000
miniboone,11,2,coerror_b6000_k64,6000,6000,64,64,6000
miniboone,11,2,coerror_b3000_k16,3000,3000,16,16,6000
miniboone,11,2,coerror_f50_d3_b1000_k64,1000,1000,64,61,6000
miniboone,11,2,coerror_f05_d3_b1000_k64,1000,1000,64,61,6000
miniboone,11,2,quality_diversity_l05_b6000_k64,6000,6000,64,64,6000
miniboone,11,2,top_quality_b6000_k128,6000,6000,128,128,6000
miniboone,11,2,coerror_cert_b6000_k64,6000,6000,64,64,6000
miniboone,11,2,top_quality_b3000_k64,3000,3000,64,64,6000
miniboone,11,2,random_b1000_k64,1000,1000,64,64,6000
miniboone,11,2,coerror_b6000_k256,6000,6000,256,256,6000
miniboone,11,2,top_quality_b6000_k16,6000,6000,16,16,6000
miniboone,11,2,top_quality_f20_d3_b1000_k64,1000,1000,64,59,6000
miniboone,11,2,top_quality_cert_b6000_k64,6000,6000,64,64,6000
miniboone,11,2,top_quality_b1000_k64,1000,1000,64,64,6000
miniboone,11,2,random_b3000_k64,3000,3000,64,64,6000
miniboone,11,2,random_b6000_k128,6000,6000,128,127,6000
miniboone,11,2,top_quality_f05_d3_b1000_k64,1000,1000,64,59,6000
miniboone,11,2,top_quality_f50_d3_b1000_k64,1000,1000,64,48,6000
miniboone,11,2,caruana_b6000_k64,6000,6000,40,40,6000
miniboone,11,2,random_b6000_k16,6000,6000,16,16,6000
miniboone,11,2,random_cert_b6000_k64,6000,6000,64,64,6000
miniboone,11,2,quality_diversity_l002_b6000_k64,6000,6000,64,64,6000
miniboone,11,2,coerror_b6000_k128,6000,6000,128,128,6000
miniboone,11,2,top_quality_f05_d6_b1000_k64,1000,1000,64,64,6000
miniboone,11,2,top_quality_f50_d6_b1000_k64,1000,1000,64,64,6000
miniboone,11,2,top_quality_b300_k64,300,300,64,64,6000
miniboone,11,2,coerror_b3000_k128,3000,3000,128,128,6000
miniboone,11,2,random_b6000_k64,6000,6000,64,64,6000
miniboone,11,2,random_b3000_k16,3000,3000,16,16,6000
miniboone,11,2,top_quality_b1000_k16,1000,1000,16,16,6000
miniboone,11,2,random_b3000_k128,3000,3000,128,128,6000
miniboone,11,2,top_quality_b6000_k64,6000,6000,64,64,6000
miniboone,11,2,random_b1000_k16,1000,1000,16,16,6000
miniboone,11,2,top_quality_b3000_k16,3000,3000,16,16,6000
miniboone,11,2,signed_correlation_b6000_k64,6000,6000,64,64,6000
miniboone,11,2,top_quality_f20_d6_b1000_k64,1000,1000,64,64,6000
miniboone,11,2,coerror_b300_k64,300,300,64,64,6000
miniboone,11,2,top_quality_b3000_k128,3000,3000,128,128,6000
miniboone,11,2,coerror_f50_d6_b1000_k64,1000,1000,64,64,6000
miniboone,11,2,coerror_f05_d6_b1000_k64,1000,1000,64,64,6000
miniboone,11,2,coerror_b3000_k64,3000,3000,64,64,6000
miniboone,11,2,top_quality_b1000_k128,1000,1000,128,128,6000
miniboone,11,2,abs_correlation_b6000_k64,6000,6000,64,64,6000
miniboone,11,2,coerror_b6000_k16,6000,6000,16,16,6000
miniboone,11,2,quality_diversity_l01_b6000_k64,6000,6000,64,64,6000
miniboone,11,2,coerror_b1000_k64,1000,1000,64,64,6000
miniboone,11,2,coerror_f20_d6_b1000_k64,1000,1000,64,64,6000
miniboone,11,2,coerror_swap_b6000_k64,6000,6000,64,64,6000
miniboone,11,2,coerror_b1000_k128,1000,1000,128,128,6000
miniboone,11,2,random_b1000_k128,1000,1000,128,128,6000
superconductivity,11,0,coerror_f20_d3_b1000_k64,1000,1000,64,64,6000
superconductivity,11,0,coerror_b1000_k16,1000,1000,16,16,6000
superconductivity,11,0,coerror_b6000_k64,6000,6000,64,64,6000
superconductivity,11,0,coerror_b3000_k16,3000,3000,16,16,6000
superconductivity,11,0,coerror_f50_d3_b1000_k64,1000,1000,64,64,6000
superconductivity,11,0,coerror_f05_d3_b1000_k64,1000,1000,64,64,6000
superconductivity,11,0,quality_diversity_l05_b6000_k64,6000,6000,64,64,6000
superconductivity,11,0,top_quality_b6000_k128,6000,6000,128,128,6000
superconductivity,11,0,coerror_cert_b6000_k64,6000,6000,64,64,6000
superconductivity,11,0,top_quality_b3000_k64,3000,3000,64,64,6000
superconductivity,11,0,random_b1000_k64,1000,1000,64,64,6000
superconductivity,11,0,coerror_b6000_k256,6000,6000,256,256,6000
superconductivity,11,0,top_quality_b6000_k16,6000,6000,16,16,6000
superconductivity,11,0,top_quality_f20_d3_b1000_k64,1000,1000,64,64,6000
superconductivity,11,0,top_quality_cert_b6000_k64,6000,6000,64,64,6000
superconductivity,11,0,top_quality_b1000_k64,1000,1000,64,64,6000
superconductivity,11,0,random_b3000_k64,3000,3000,64,64,6000
superconductivity,11,0,random_b6000_k128,6000,6000,128,128,6000
superconductivity,11,0,top_quality_f05_d3_b1000_k64,1000,1000,64,64,6000
superconductivity,11,0,top_quality_f50_d3_b1000_k64,1000,1000,64,64,6000
superconductivity,11,0,caruana_b6000_k64,6000,6000,32,32,6000
superconductivity,11,0,random_b6000_k16,6000,6000,16,16,6000
superconductivity,11,0,random_cert_b6000_k64,6000,6000,64,64,6000
superconductivity,11,0,quality_diversity_l002_b6000_k64,6000,6000,64,64,6000
superconductivity,11,0,coerror_b6000_k128,6000,6000,128,128,6000
superconductivity,11,0,top_quality_f05_d6_b1000_k64,1000,1000,64,64,6000
superconductivity,11,0,top_quality_f50_d6_b1000_k64,1000,1000,64,64,6000
superconductivity,11,0,top_quality_b300_k64,300,300,64,64,6000
superconductivity,11,0,coerror_b3000_k128,3000,3000,128,128,6000
superconductivity,11,0,random_b6000_k64,6000,6000,64,64,6000
superconductivity,11,0,random_b3000_k16,3000,3000,16,16,6000
superconductivity,11,0,top_quality_b1000_k16,1000,1000,16,16,6000
superconductivity,11,0,random_b3000_k128,3000,3000,128,128,6000
superconductivity,11,0,top_quality_b6000_k64,6000,6000,64,64,6000
superconductivity,11,0,random_b1000_k16,1000,1000,16,16,6000
superconductivity,11,0,top_quality_b3000_k16,3000,3000,16,16,6000
superconductivity,11,0,signed_correlation_b6000_k64,6000,6000,64,64,6000
superconductivity,11,0,top_quality_f20_d6_b1000_k64,1000,1000,64,64,6000
superconductivity,11,0,coerror_b300_k64,300,300,64,64,6000
superconductivity,11,0,top_quality_b3000_k128,3000,3000,128,128,6000
superconductivity,11,0,coerror_f50_d6_b1000_k64,1000,1000,64,64,6000
superconductivity,11,0,coerror_f05_d6_b1000_k64,1000,1000,64,64,6000
superconductivity,11,0,coerror_b3000_k64,3000,3000,64,64,6000
superconductivity,11,0,top_quality_b1000_k128,1000,1000,128,128,6000
superconductivity,11,0,abs_correlation_b6000_k64,6000,6000,64,64,6000
superconductivity,11,0,coerror_b6000_k16,6000,6000,16,16,6000
superconductivity,11,0,quality_diversity_l01_b6000_k64,6000,6000,64,64,6000
superconductivity,11,0,coerror_b1000_k64,1000,1000,64,64,6000
superconductivity,11,0,coerror_f20_d6_b1000_k64,1000,1000,64,64,6000
superconductivity,11,0,coerror_swap_b6000_k64,6000,6000,64,64,6000
superconductivity,11,0,coerror_b1000_k128,1000,1000,128,128,6000
superconductivity,11,0,random_b1000_k128,1000,1000,128,128,6000
superconductivity,11,1,coerror_f20_d3_b1000_k64,1000,1000,64,64,6000
superconductivity,11,1,coerror_b1000_k16,1000,1000,16,16,6000
superconductivity,11,1,coerror_b6000_k64,6000,6000,64,64,6000
superconductivity,11,1,coerror_b3000_k16,3000,3000,16,16,6000
superconductivity,11,1,coerror_f50_d3_b1000_k64,1000,1000,64,64,6000
superconductivity,11,1,coerror_f05_d3_b1000_k64,1000,1000,64,64,6000
superconductivity,11,1,quality_diversity_l05_b6000_k64,6000,6000,64,64,6000
superconductivity,11,1,top_quality_b6000_k128,6000,6000,128,128,6000
superconductivity,11,1,coerror_cert_b6000_k64,6000,6000,64,64,6000
superconductivity,11,1,top_quality_b3000_k64,3000,3000,64,64,6000
superconductivity,11,1,random_b1000_k64,1000,1000,64,64,6000
superconductivity,11,1,coerror_b6000_k256,6000,6000,256,256,6000
superconductivity,11,1,top_quality_b6000_k16,6000,6000,16,16,6000
superconductivity,11,1,top_quality_f20_d3_b1000_k64,1000,1000,64,64,6000
superconductivity,11,1,top_quality_cert_b6000_k64,6000,6000,64,64,6000
superconductivity,11,1,top_quality_b1000_k64,1000,1000,64,64,6000
superconductivity,11,1,random_b3000_k64,3000,3000,64,64,6000
superconductivity,11,1,random_b6000_k128,6000,6000,128,128,6000
superconductivity,11,1,top_quality_f05_d3_b1000_k64,1000,1000,64,64,6000
superconductivity,11,1,top_quality_f50_d3_b1000_k64,1000,1000,64,64,6000
superconductivity,11,1,caruana_b6000_k64,6000,6000,33,33,6000
superconductivity,11,1,random_b6000_k16,6000,6000,16,16,6000
superconductivity,11,1,random_cert_b6000_k64,6000,6000,64,64,6000
superconductivity,11,1,quality_diversity_l002_b6000_k64,6000,6000,64,64,6000
superconductivity,11,1,coerror_b6000_k128,6000,6000,128,128,6000
superconductivity,11,1,top_quality_f05_d6_b1000_k64,1000,1000,64,64,6000
superconductivity,11,1,top_quality_f50_d6_b1000_k64,1000,1000,64,64,6000
superconductivity,11,1,top_quality_b300_k64,300,300,64,64,6000
superconductivity,11,1,coerror_b3000_k128,3000,3000,128,128,6000
superconductivity,11,1,random_b6000_k64,6000,6000,64,64,6000
superconductivity,11,1,random_b3000_k16,3000,3000,16,16,6000
superconductivity,11,1,top_quality_b1000_k16,1000,1000,16,16,6000
superconductivity,11,1,random_b3000_k128,3000,3000,128,128,6000
superconductivity,11,1,top_quality_b6000_k64,6000,6000,64,64,6000
superconductivity,11,1,random_b1000_k16,1000,1000,16,16,6000
superconductivity,11,1,top_quality_b3000_k16,3000,3000,16,16,6000
superconductivity,11,1,signed_correlation_b6000_k64,6000,6000,64,64,6000
superconductivity,11,1,top_quality_f20_d6_b1000_k64,1000,1000,64,64,6000
superconductivity,11,1,coerror_b300_k64,300,300,64,64,6000
superconductivity,11,1,top_quality_b3000_k128,3000,3000,128,128,6000
superconductivity,11,1,coerror_f50_d6_b1000_k64,1000,1000,64,64,6000
superconductivity,11,1,coerror_f05_d6_b1000_k64,1000,1000,64,64,6000
superconductivity,11,1,coerror_b3000_k64,3000,3000,64,64,6000
superconductivity,11,1,top_quality_b1000_k128,1000,1000,128,128,6000
superconductivity,11,1,abs_correlation_b6000_k64,6000,6000,64,64,6000
superconductivity,11,1,coerror_b6000_k16,6000,6000,16,16,6000
superconductivity,11,1,quality_diversity_l01_b6000_k64,6000,6000,64,64,6000
superconductivity,11,1,coerror_b1000_k64,1000,1000,64,64,6000
superconductivity,11,1,coerror_f20_d6_b1000_k64,1000,1000,64,64,6000
superconductivity,11,1,coerror_swap_b6000_k64,6000,6000,64,64,6000
superconductivity,11,1,coerror_b1000_k128,1000,1000,128,128,6000
superconductivity,11,1,random_b1000_k128,1000,1000,128,128,6000
superconductivity,11,2,coerror_f20_d3_b1000_k64,1000,1000,64,64,6000
superconductivity,11,2,coerror_b1000_k16,1000,1000,16,16,6000
superconductivity,11,2,coerror_b6000_k64,6000,6000,64,64,6000
superconductivity,11,2,coerror_b3000_k16,3000,3000,16,16,6000
superconductivity,11,2,coerror_f50_d3_b1000_k64,1000,1000,64,64,6000
superconductivity,11,2,coerror_f05_d3_b1000_k64,1000,1000,64,64,6000
superconductivity,11,2,quality_diversity_l05_b6000_k64,6000,6000,64,64,6000
superconductivity,11,2,top_quality_b6000_k128,6000,6000,128,128,6000
superconductivity,11,2,coerror_cert_b6000_k64,6000,6000,64,64,6000
superconductivity,11,2,top_quality_b3000_k64,3000,3000,64,64,6000
superconductivity,11,2,random_b1000_k64,1000,1000,64,64,6000
superconductivity,11,2,coerror_b6000_k256,6000,6000,256,256,6000
superconductivity,11,2,top_quality_b6000_k16,6000,6000,16,16,6000
superconductivity,11,2,top_quality_f20_d3_b1000_k64,1000,1000,64,64,6000
superconductivity,11,2,top_quality_cert_b6000_k64,6000,6000,64,64,6000
superconductivity,11,2,top_quality_b1000_k64,1000,1000,64,64,6000
superconductivity,11,2,random_b3000_k64,3000,3000,64,64,6000
superconductivity,11,2,random_b6000_k128,6000,6000,128,128,6000
superconductivity,11,2,top_quality_f05_d3_b1000_k64,1000,1000,64,64,6000
superconductivity,11,2,top_quality_f50_d3_b1000_k64,1000,1000,64,64,6000
superconductivity,11,2,caruana_b6000_k64,6000,6000,34,34,6000
superconductivity,11,2,random_b6000_k16,6000,6000,16,16,6000
superconductivity,11,2,random_cert_b6000_k64,6000,6000,64,64,6000
superconductivity,11,2,quality_diversity_l002_b6000_k64,6000,6000,64,64,6000
superconductivity,11,2,coerror_b6000_k128,6000,6000,128,128,6000
superconductivity,11,2,top_quality_f05_d6_b1000_k64,1000,1000,64,64,6000
superconductivity,11,2,top_quality_f50_d6_b1000_k64,1000,1000,64,64,6000
superconductivity,11,2,top_quality_b300_k64,300,300,64,64,6000
superconductivity,11,2,coerror_b3000_k128,3000,3000,128,128,6000
superconductivity,11,2,random_b6000_k64,6000,6000,64,64,6000
superconductivity,11,2,random_b3000_k16,3000,3000,16,16,6000
superconductivity,11,2,top_quality_b1000_k16,1000,1000,16,16,6000
superconductivity,11,2,random_b3000_k128,3000,3000,128,128,6000
superconductivity,11,2,top_quality_b6000_k64,6000,6000,64,64,6000
superconductivity,11,2,random_b1000_k16,1000,1000,16,16,6000
superconductivity,11,2,top_quality_b3000_k16,3000,3000,16,16,6000
superconductivity,11,2,signed_correlation_b6000_k64,6000,6000,64,64,6000
superconductivity,11,2,top_quality_f20_d6_b1000_k64,1000,1000,64,64,6000
superconductivity,11,2,coerror_b300_k64,300,300,64,64,6000
superconductivity,11,2,top_quality_b3000_k128,3000,3000,128,128,6000
superconductivity,11,2,coerror_f50_d6_b1000_k64,1000,1000,64,64,6000
superconductivity,11,2,coerror_f05_d6_b1000_k64,1000,1000,64,64,6000
superconductivity,11,2,coerror_b3000_k64,3000,3000,64,64,6000
superconductivity,11,2,top_quality_b1000_k128,1000,1000,128,128,6000
superconductivity,11,2,abs_correlation_b6000_k64,6000,6000,64,64,6000
superconductivity,11,2,coerror_b6000_k16,6000,6000,16,16,6000
superconductivity,11,2,quality_diversity_l01_b6000_k64,6000,6000,64,64,6000
superconductivity,11,2,coerror_b1000_k64,1000,1000,64,64,6000
superconductivity,11,2,coerror_f20_d6_b1000_k64,1000,1000,64,64,6000
superconductivity,11,2,coerror_swap_b6000_k64,6000,6000,64,64,6000
superconductivity,11,2,coerror_b1000_k128,1000,1000,128,128,6000
superconductivity,11,2,random_b1000_k128,1000,1000,128,128,6000
california_housing,11,0,coerror_f20_d3_b1000_k64,1000,1000,64,47,6000
california_housing,11,0,coerror_b1000_k16,1000,1000,16,16,6000
california_housing,11,0,coerror_b6000_k64,6000,6000,64,64,6000
california_housing,11,0,coerror_b3000_k16,3000,3000,16,16,6000
california_housing,11,0,coerror_f50_d3_b1000_k64,1000,1000,64,63,6000
california_housing,11,0,coerror_f05_d3_b1000_k64,1000,1000,64,2,6000
california_housing,11,0,quality_diversity_l05_b6000_k64,6000,6000,64,64,6000
california_housing,11,0,top_quality_b6000_k128,6000,6000,128,128,6000
california_housing,11,0,coerror_cert_b6000_k64,6000,5363,64,64,6000
california_housing,11,0,top_quality_b3000_k64,3000,3000,64,64,6000
california_housing,11,0,random_b1000_k64,1000,1000,64,52,6000
california_housing,11,0,coerror_b6000_k256,6000,6000,256,256,6000
california_housing,11,0,top_quality_b6000_k16,6000,6000,16,16,6000
california_housing,11,0,top_quality_f20_d3_b1000_k64,1000,1000,64,45,6000
california_housing,11,0,top_quality_cert_b6000_k64,6000,5363,64,64,6000
california_housing,11,0,top_quality_b1000_k64,1000,1000,64,64,6000
california_housing,11,0,random_b3000_k64,3000,3000,64,56,6000
california_housing,11,0,random_b6000_k128,6000,6000,128,97,6000
california_housing,11,0,top_quality_f05_d3_b1000_k64,1000,1000,64,1,6000
california_housing,11,0,top_quality_f50_d3_b1000_k64,1000,1000,64,64,6000
california_housing,11,0,caruana_b6000_k64,6000,6000,17,17,6000
california_housing,11,0,random_b6000_k16,6000,6000,16,16,6000
california_housing,11,0,random_cert_b6000_k64,6000,5363,64,60,6000
california_housing,11,0,quality_diversity_l002_b6000_k64,6000,6000,64,64,6000
california_housing,11,0,coerror_b6000_k128,6000,6000,128,128,6000
california_housing,11,0,top_quality_f05_d6_b1000_k64,1000,1000,64,1,6000
california_housing,11,0,top_quality_f50_d6_b1000_k64,1000,1000,64,64,6000
california_housing,11,0,top_quality_b300_k64,300,300,64,64,6000
california_housing,11,0,coerror_b3000_k128,3000,3000,128,128,6000
california_housing,11,0,random_b6000_k64,6000,6000,64,54,6000
california_housing,11,0,random_b3000_k16,3000,3000,16,16,6000
california_housing,11,0,top_quality_b1000_k16,1000,1000,16,16,6000
california_housing,11,0,random_b3000_k128,3000,3000,128,110,6000
california_housing,11,0,top_quality_b6000_k64,6000,6000,64,64,6000
california_housing,11,0,random_b1000_k16,1000,1000,16,14,6000
california_housing,11,0,top_quality_b3000_k16,3000,3000,16,16,6000
california_housing,11,0,signed_correlation_b6000_k64,6000,6000,64,64,6000
california_housing,11,0,top_quality_f20_d6_b1000_k64,1000,1000,64,64,6000
california_housing,11,0,coerror_b300_k64,300,300,64,64,6000
california_housing,11,0,top_quality_b3000_k128,3000,3000,128,128,6000
california_housing,11,0,coerror_f50_d6_b1000_k64,1000,1000,64,64,6000
california_housing,11,0,coerror_f05_d6_b1000_k64,1000,1000,64,3,6000
california_housing,11,0,coerror_b3000_k64,3000,3000,64,64,6000
california_housing,11,0,top_quality_b1000_k128,1000,1000,128,128,6000
california_housing,11,0,abs_correlation_b6000_k64,6000,6000,64,64,6000
california_housing,11,0,coerror_b6000_k16,6000,6000,16,16,6000
california_housing,11,0,quality_diversity_l01_b6000_k64,6000,6000,64,64,6000
california_housing,11,0,coerror_b1000_k64,1000,1000,64,64,6000
california_housing,11,0,coerror_f20_d6_b1000_k64,1000,1000,64,64,6000
california_housing,11,0,coerror_swap_b6000_k64,6000,6000,64,64,6000
california_housing,11,0,coerror_b1000_k128,1000,1000,128,128,6000
california_housing,11,0,random_b1000_k128,1000,1000,128,107,6000
california_housing,11,1,coerror_f20_d3_b1000_k64,1000,1000,64,44,6000
california_housing,11,1,coerror_b1000_k16,1000,1000,16,16,6000
california_housing,11,1,coerror_b6000_k64,6000,6000,64,64,6000
california_housing,11,1,coerror_b3000_k16,3000,3000,16,16,6000
california_housing,11,1,coerror_f50_d3_b1000_k64,1000,1000,64,63,6000
california_housing,11,1,coerror_f05_d3_b1000_k64,1000,1000,64,2,6000
california_housing,11,1,quality_diversity_l05_b6000_k64,6000,6000,64,64,6000
california_housing,11,1,top_quality_b6000_k128,6000,6000,128,128,6000
california_housing,11,1,coerror_cert_b6000_k64,6000,5373,64,64,6000
california_housing,11,1,top_quality_b3000_k64,3000,3000,64,64,6000
california_housing,11,1,random_b1000_k64,1000,1000,64,55,6000
california_housing,11,1,coerror_b6000_k256,6000,6000,256,256,6000
california_housing,11,1,top_quality_b6000_k16,6000,6000,16,16,6000
california_housing,11,1,top_quality_f20_d3_b1000_k64,1000,1000,64,38,6000
california_housing,11,1,top_quality_cert_b6000_k64,6000,5373,64,64,6000
california_housing,11,1,top_quality_b1000_k64,1000,1000,64,64,6000
california_housing,11,1,random_b3000_k64,3000,3000,64,56,6000
california_housing,11,1,random_b6000_k128,6000,6000,128,101,6000
california_housing,11,1,top_quality_f05_d3_b1000_k64,1000,1000,64,1,6000
california_housing,11,1,top_quality_f50_d3_b1000_k64,1000,1000,64,63,6000
california_housing,11,1,caruana_b6000_k64,6000,6000,19,19,6000
california_housing,11,1,random_b6000_k16,6000,6000,16,16,6000
california_housing,11,1,random_cert_b6000_k64,6000,5373,64,54,6000
california_housing,11,1,quality_diversity_l002_b6000_k64,6000,6000,64,64,6000
california_housing,11,1,coerror_b6000_k128,6000,6000,128,128,6000
california_housing,11,1,top_quality_f05_d6_b1000_k64,1000,1000,64,1,6000
california_housing,11,1,top_quality_f50_d6_b1000_k64,1000,1000,64,64,6000
california_housing,11,1,top_quality_b300_k64,300,300,64,64,6000
california_housing,11,1,coerror_b3000_k128,3000,3000,128,128,6000
california_housing,11,1,random_b6000_k64,6000,6000,64,50,6000
california_housing,11,1,random_b3000_k16,3000,3000,16,16,6000
california_housing,11,1,top_quality_b1000_k16,1000,1000,16,16,6000
california_housing,11,1,random_b3000_k128,3000,3000,128,97,6000
california_housing,11,1,top_quality_b6000_k64,6000,6000,64,64,6000
california_housing,11,1,random_b1000_k16,1000,1000,16,16,6000
california_housing,11,1,top_quality_b3000_k16,3000,3000,16,16,6000
california_housing,11,1,signed_correlation_b6000_k64,6000,6000,64,64,6000
california_housing,11,1,top_quality_f20_d6_b1000_k64,1000,1000,64,64,6000
california_housing,11,1,coerror_b300_k64,300,300,64,64,6000
california_housing,11,1,top_quality_b3000_k128,3000,3000,128,128,6000
california_housing,11,1,coerror_f50_d6_b1000_k64,1000,1000,64,64,6000
california_housing,11,1,coerror_f05_d6_b1000_k64,1000,1000,64,3,6000
california_housing,11,1,coerror_b3000_k64,3000,3000,64,64,6000
california_housing,11,1,top_quality_b1000_k128,1000,1000,128,128,6000
california_housing,11,1,abs_correlation_b6000_k64,6000,6000,64,64,6000
california_housing,11,1,coerror_b6000_k16,6000,6000,16,16,6000
california_housing,11,1,quality_diversity_l01_b6000_k64,6000,6000,64,64,6000
california_housing,11,1,coerror_b1000_k64,1000,1000,64,64,6000
california_housing,11,1,coerror_f20_d6_b1000_k64,1000,1000,64,64,6000
california_housing,11,1,coerror_swap_b6000_k64,6000,6000,64,64,6000
california_housing,11,1,coerror_b1000_k128,1000,1000,128,128,6000
california_housing,11,1,random_b1000_k128,1000,1000,128,102,6000
california_housing,11,2,coerror_f20_d3_b1000_k64,1000,1000,64,49,6000
california_housing,11,2,coerror_b1000_k16,1000,1000,16,16,6000
california_housing,11,2,coerror_b6000_k64,6000,6000,64,64,6000
california_housing,11,2,coerror_b3000_k16,3000,3000,16,16,6000
california_housing,11,2,coerror_f50_d3_b1000_k64,1000,1000,64,64,6000
california_housing,11,2,coerror_f05_d3_b1000_k64,1000,1000,64,2,6000
california_housing,11,2,quality_diversity_l05_b6000_k64,6000,6000,64,64,6000
california_housing,11,2,top_quality_b6000_k128,6000,6000,128,128,6000
california_housing,11,2,coerror_cert_b6000_k64,6000,5433,64,64,6000
california_housing,11,2,top_quality_b3000_k64,3000,3000,64,64,6000
california_housing,11,2,random_b1000_k64,1000,1000,64,56,6000
california_housing,11,2,coerror_b6000_k256,6000,6000,256,256,6000
california_housing,11,2,top_quality_b6000_k16,6000,6000,16,16,6000
california_housing,11,2,top_quality_f20_d3_b1000_k64,1000,1000,64,42,6000
california_housing,11,2,top_quality_cert_b6000_k64,6000,5433,64,64,6000
california_housing,11,2,top_quality_b1000_k64,1000,1000,64,64,6000
california_housing,11,2,random_b3000_k64,3000,3000,64,57,6000
california_housing,11,2,random_b6000_k128,6000,6000,128,102,6000
california_housing,11,2,top_quality_f05_d3_b1000_k64,1000,1000,64,1,6000
california_housing,11,2,top_quality_f50_d3_b1000_k64,1000,1000,64,61,6000
california_housing,11,2,caruana_b6000_k64,6000,6000,20,20,6000
california_housing,11,2,random_b6000_k16,6000,6000,16,15,6000
california_housing,11,2,random_cert_b6000_k64,6000,5433,64,55,6000
california_housing,11,2,quality_diversity_l002_b6000_k64,6000,6000,64,64,6000
california_housing,11,2,coerror_b6000_k128,6000,6000,128,128,6000
california_housing,11,2,top_quality_f05_d6_b1000_k64,1000,1000,64,1,6000
california_housing,11,2,top_quality_f50_d6_b1000_k64,1000,1000,64,64,6000
california_housing,11,2,top_quality_b300_k64,300,300,64,64,6000
california_housing,11,2,coerror_b3000_k128,3000,3000,128,128,6000
california_housing,11,2,random_b6000_k64,6000,6000,64,54,6000
california_housing,11,2,random_b3000_k16,3000,3000,16,15,6000
california_housing,11,2,top_quality_b1000_k16,1000,1000,16,16,6000
california_housing,11,2,random_b3000_k128,3000,3000,128,98,6000
california_housing,11,2,top_quality_b6000_k64,6000,6000,64,64,6000
california_housing,11,2,random_b1000_k16,1000,1000,16,16,6000
california_housing,11,2,top_quality_b3000_k16,3000,3000,16,16,6000
california_housing,11,2,signed_correlation_b6000_k64,6000,6000,64,64,6000
california_housing,11,2,top_quality_f20_d6_b1000_k64,1000,1000,64,64,6000
california_housing,11,2,coerror_b300_k64,300,300,64,64,6000
california_housing,11,2,top_quality_b3000_k128,3000,3000,128,128,6000
california_housing,11,2,coerror_f50_d6_b1000_k64,1000,1000,64,64,6000
california_housing,11,2,coerror_f05_d6_b1000_k64,1000,1000,64,3,6000
california_housing,11,2,coerror_b3000_k64,3000,3000,64,64,6000
california_housing,11,2,top_quality_b1000_k128,1000,1000,128,127,6000
california_housing,11,2,abs_correlation_b6000_k64,6000,6000,64,64,6000
california_housing,11,2,coerror_b6000_k16,6000,6000,16,16,6000
california_housing,11,2,quality_diversity_l01_b6000_k64,6000,6000,64,64,6000
california_housing,11,2,coerror_b1000_k64,1000,1000,64,64,6000
california_housing,11,2,coerror_f20_d6_b1000_k64,1000,1000,64,64,6000
california_housing,11,2,coerror_swap_b6000_k64,6000,6000,64,64,6000
california_housing,11,2,coerror_b1000_k128,1000,1000,128,128,6000
california_housing,11,2,random_b1000_k128,1000,1000,128,102,6000
musk2,11,0,coerror_f20_d3_b1000_k64,1000,1000,64,64,6000
musk2,11,0,coerror_b1000_k16,1000,1000,16,16,6000
musk2,11,0,coerror_b6000_k64,6000,6000,64,64,6000
musk2,11,0,coerror_b3000_k16,3000,3000,16,16,6000
musk2,11,0,coerror_f50_d3_b1000_k64,1000,1000,64,64,6000
musk2,11,0,coerror_f05_d3_b1000_k64,1000,1000,64,64,6000
musk2,11,0,quality_diversity_l05_b6000_k64,6000,6000,64,64,6000
musk2,11,0,top_quality_b6000_k128,6000,6000,128,128,6000
musk2,11,0,coerror_cert_b6000_k64,6000,5235,64,64,6000
musk2,11,0,top_quality_b3000_k64,3000,3000,64,64,6000
musk2,11,0,random_b1000_k64,1000,1000,64,64,6000
musk2,11,0,coerror_b6000_k256,6000,6000,256,256,6000
musk2,11,0,top_quality_b6000_k16,6000,6000,16,16,6000
musk2,11,0,top_quality_f20_d3_b1000_k64,1000,1000,64,64,6000
musk2,11,0,top_quality_cert_b6000_k64,6000,5235,64,64,6000
musk2,11,0,top_quality_b1000_k64,1000,1000,64,64,6000
musk2,11,0,random_b3000_k64,3000,3000,64,64,6000
musk2,11,0,random_b6000_k128,6000,6000,128,128,6000
musk2,11,0,top_quality_f05_d3_b1000_k64,1000,1000,64,64,6000
musk2,11,0,top_quality_f50_d3_b1000_k64,1000,1000,64,64,6000
musk2,11,0,caruana_b6000_k64,6000,6000,30,30,6000
musk2,11,0,random_b6000_k16,6000,6000,16,16,6000
musk2,11,0,random_cert_b6000_k64,6000,5235,64,64,6000
musk2,11,0,quality_diversity_l002_b6000_k64,6000,6000,64,64,6000
musk2,11,0,coerror_b6000_k128,6000,6000,128,128,6000
musk2,11,0,top_quality_f05_d6_b1000_k64,1000,1000,64,64,6000
musk2,11,0,top_quality_f50_d6_b1000_k64,1000,1000,64,64,6000
musk2,11,0,top_quality_b300_k64,300,300,64,64,6000
musk2,11,0,coerror_b3000_k128,3000,3000,128,128,6000
musk2,11,0,random_b6000_k64,6000,6000,64,64,6000
musk2,11,0,random_b3000_k16,3000,3000,16,16,6000
musk2,11,0,top_quality_b1000_k16,1000,1000,16,16,6000
musk2,11,0,random_b3000_k128,3000,3000,128,128,6000
musk2,11,0,top_quality_b6000_k64,6000,6000,64,64,6000
musk2,11,0,random_b1000_k16,1000,1000,16,16,6000
musk2,11,0,top_quality_b3000_k16,3000,3000,16,16,6000
musk2,11,0,signed_correlation_b6000_k64,6000,6000,64,64,6000
musk2,11,0,top_quality_f20_d6_b1000_k64,1000,1000,64,64,6000
musk2,11,0,coerror_b300_k64,300,300,64,64,6000
musk2,11,0,top_quality_b3000_k128,3000,3000,128,128,6000
musk2,11,0,coerror_f50_d6_b1000_k64,1000,1000,64,64,6000
musk2,11,0,coerror_f05_d6_b1000_k64,1000,1000,64,64,6000
musk2,11,0,coerror_b3000_k64,3000,3000,64,64,6000
musk2,11,0,top_quality_b1000_k128,1000,1000,128,128,6000
musk2,11,0,abs_correlation_b6000_k64,6000,6000,64,64,6000
musk2,11,0,coerror_b6000_k16,6000,6000,16,16,6000
musk2,11,0,quality_diversity_l01_b6000_k64,6000,6000,64,64,6000
musk2,11,0,coerror_b1000_k64,1000,1000,64,64,6000
musk2,11,0,coerror_f20_d6_b1000_k64,1000,1000,64,64,6000
musk2,11,0,coerror_swap_b6000_k64,6000,6000,64,64,6000
musk2,11,0,coerror_b1000_k128,1000,1000,128,128,6000
musk2,11,0,random_b1000_k128,1000,1000,128,128,6000
musk2,11,1,coerror_f20_d3_b1000_k64,1000,1000,64,64,6000
musk2,11,1,coerror_b1000_k16,1000,1000,16,16,6000
musk2,11,1,coerror_b6000_k64,6000,6000,64,64,6000
musk2,11,1,coerror_b3000_k16,3000,3000,16,16,6000
musk2,11,1,coerror_f50_d3_b1000_k64,1000,1000,64,64,6000
musk2,11,1,coerror_f05_d3_b1000_k64,1000,1000,64,64,6000
musk2,11,1,quality_diversity_l05_b6000_k64,6000,6000,64,64,6000
musk2,11,1,top_quality_b6000_k128,6000,6000,128,128,6000
musk2,11,1,coerror_cert_b6000_k64,6000,1372,64,64,6000
musk2,11,1,top_quality_b3000_k64,3000,3000,64,64,6000
musk2,11,1,random_b1000_k64,1000,1000,64,64,6000
musk2,11,1,coerror_b6000_k256,6000,6000,256,256,6000
musk2,11,1,top_quality_b6000_k16,6000,6000,16,16,6000
musk2,11,1,top_quality_f20_d3_b1000_k64,1000,1000,64,64,6000
musk2,11,1,top_quality_cert_b6000_k64,6000,1372,64,64,6000
musk2,11,1,top_quality_b1000_k64,1000,1000,64,64,6000
musk2,11,1,random_b3000_k64,3000,3000,64,64,6000
musk2,11,1,random_b6000_k128,6000,6000,128,128,6000
musk2,11,1,top_quality_f05_d3_b1000_k64,1000,1000,64,64,6000
musk2,11,1,top_quality_f50_d3_b1000_k64,1000,1000,64,64,6000
musk2,11,1,caruana_b6000_k64,6000,6000,23,23,6000
musk2,11,1,random_b6000_k16,6000,6000,16,16,6000
musk2,11,1,random_cert_b6000_k64,6000,1372,64,64,6000
musk2,11,1,quality_diversity_l002_b6000_k64,6000,6000,64,64,6000
musk2,11,1,coerror_b6000_k128,6000,6000,128,128,6000
musk2,11,1,top_quality_f05_d6_b1000_k64,1000,1000,64,64,6000
musk2,11,1,top_quality_f50_d6_b1000_k64,1000,1000,64,64,6000
musk2,11,1,top_quality_b300_k64,300,300,64,64,6000
musk2,11,1,coerror_b3000_k128,3000,3000,128,128,6000
musk2,11,1,random_b6000_k64,6000,6000,64,64,6000
musk2,11,1,random_b3000_k16,3000,3000,16,16,6000
musk2,11,1,top_quality_b1000_k16,1000,1000,16,16,6000
musk2,11,1,random_b3000_k128,3000,3000,128,128,6000
musk2,11,1,top_quality_b6000_k64,6000,6000,64,64,6000
musk2,11,1,random_b1000_k16,1000,1000,16,16,6000
musk2,11,1,top_quality_b3000_k16,3000,3000,16,16,6000
musk2,11,1,signed_correlation_b6000_k64,6000,6000,64,64,6000
musk2,11,1,top_quality_f20_d6_b1000_k64,1000,1000,64,64,6000
musk2,11,1,coerror_b300_k64,300,300,64,64,6000
musk2,11,1,top_quality_b3000_k128,3000,3000,128,128,6000
musk2,11,1,coerror_f50_d6_b1000_k64,1000,1000,64,64,6000
musk2,11,1,coerror_f05_d6_b1000_k64,1000,1000,64,64,6000
musk2,11,1,coerror_b3000_k64,3000,3000,64,64,6000
musk2,11,1,top_quality_b1000_k128,1000,1000,128,128,6000
musk2,11,1,abs_correlation_b6000_k64,6000,6000,64,64,6000
musk2,11,1,coerror_b6000_k16,6000,6000,16,16,6000
musk2,11,1,quality_diversity_l01_b6000_k64,6000,6000,64,64,6000
musk2,11,1,coerror_b1000_k64,1000,1000,64,64,6000
musk2,11,1,coerror_f20_d6_b1000_k64,1000,1000,64,64,6000
musk2,11,1,coerror_swap_b6000_k64,6000,6000,64,64,6000
musk2,11,1,coerror_b1000_k128,1000,1000,128,128,6000
musk2,11,1,random_b1000_k128,1000,1000,128,128,6000
musk2,11,2,coerror_f20_d3_b1000_k64,1000,1000,64,64,6000
musk2,11,2,coerror_b1000_k16,1000,1000,16,16,6000
musk2,11,2,coerror_b6000_k64,6000,6000,64,64,6000
musk2,11,2,coerror_b3000_k16,3000,3000,16,16,6000
musk2,11,2,coerror_f50_d3_b1000_k64,1000,1000,64,64,6000
musk2,11,2,coerror_f05_d3_b1000_k64,1000,1000,64,64,6000
musk2,11,2,quality_diversity_l05_b6000_k64,6000,6000,64,64,6000
musk2,11,2,top_quality_b6000_k128,6000,6000,128,128,6000
musk2,11,2,coerror_cert_b6000_k64,6000,1510,64,64,6000
musk2,11,2,top_quality_b3000_k64,3000,3000,64,64,6000
musk2,11,2,random_b1000_k64,1000,1000,64,64,6000
musk2,11,2,coerror_b6000_k256,6000,6000,256,256,6000
musk2,11,2,top_quality_b6000_k16,6000,6000,16,16,6000
musk2,11,2,top_quality_f20_d3_b1000_k64,1000,1000,64,64,6000
musk2,11,2,top_quality_cert_b6000_k64,6000,1510,64,64,6000
musk2,11,2,top_quality_b1000_k64,1000,1000,64,64,6000
musk2,11,2,random_b3000_k64,3000,3000,64,64,6000
musk2,11,2,random_b6000_k128,6000,6000,128,128,6000
musk2,11,2,top_quality_f05_d3_b1000_k64,1000,1000,64,64,6000
musk2,11,2,top_quality_f50_d3_b1000_k64,1000,1000,64,63,6000
musk2,11,2,caruana_b6000_k64,6000,6000,26,26,6000
musk2,11,2,random_b6000_k16,6000,6000,16,16,6000
musk2,11,2,random_cert_b6000_k64,6000,1510,64,64,6000
musk2,11,2,quality_diversity_l002_b6000_k64,6000,6000,64,64,6000
musk2,11,2,coerror_b6000_k128,6000,6000,128,128,6000
musk2,11,2,top_quality_f05_d6_b1000_k64,1000,1000,64,64,6000
musk2,11,2,top_quality_f50_d6_b1000_k64,1000,1000,64,64,6000
musk2,11,2,top_quality_b300_k64,300,300,64,64,6000
musk2,11,2,coerror_b3000_k128,3000,3000,128,128,6000
musk2,11,2,random_b6000_k64,6000,6000,64,64,6000
musk2,11,2,random_b3000_k16,3000,3000,16,16,6000
musk2,11,2,top_quality_b1000_k16,1000,1000,16,16,6000
musk2,11,2,random_b3000_k128,3000,3000,128,128,6000
musk2,11,2,top_quality_b6000_k64,6000,6000,64,64,6000
musk2,11,2,random_b1000_k16,1000,1000,16,16,6000
musk2,11,2,top_quality_b3000_k16,3000,3000,16,16,6000
musk2,11,2,signed_correlation_b6000_k64,6000,6000,64,64,6000
musk2,11,2,top_quality_f20_d6_b1000_k64,1000,1000,64,64,6000
musk2,11,2,coerror_b300_k64,300,300,64,64,6000
musk2,11,2,top_quality_b3000_k128,3000,3000,128,128,6000
musk2,11,2,coerror_f50_d6_b1000_k64,1000,1000,64,64,6000
musk2,11,2,coerror_f05_d6_b1000_k64,1000,1000,64,64,6000
musk2,11,2,coerror_b3000_k64,3000,3000,64,64,6000
musk2,11,2,top_quality_b1000_k128,1000,1000,128,128,6000
musk2,11,2,abs_correlation_b6000_k64,6000,6000,64,64,6000
musk2,11,2,coerror_b6000_k16,6000,6000,16,16,6000
musk2,11,2,quality_diversity_l01_b6000_k64,6000,6000,64,64,6000
musk2,11,2,coerror_b1000_k64,1000,1000,64,64,6000
musk2,11,2,coerror_f20_d6_b1000_k64,1000,1000,64,64,6000
musk2,11,2,coerror_swap_b6000_k64,6000,6000,64,64,6000
musk2,11,2,coerror_b1000_k128,1000,1000,128,128,6000
musk2,11,2,random_b1000_k128,1000,1000,128,128,6000
