B,certified_count,certification_rate,seed,fold,task,dataset,method,status,rmse,mse,mae,r2,normalized_squared_loss,mean_selected_quality,mean_residual_correlation,mean_abs_residual_correlation,max_abs_residual_correlation,residual_effective_rank,mean_feature_jaccard,feature_coverage,oof_squared_loss,requested_K,aggregation,search_charged,model_bytes,train_wall_seconds,train_cpu_seconds,retained_count,nodes,leaves,inference_batch_rows,inference_batch_seconds,inference_rows_per_second,inference_timing_scope,oof_calibrated_squared_loss,aggregation_scalar_parameters,wall_seconds,cpu_seconds,observed_peak_rss_bytes
20.0,0.0,0.0,11,0,regression,additive_regression,random_subspace,complete,1.7081349797631595,2.9177251090904894,1.398353075836555,-0.0283714671999688,0.9583223183554233,-0.2080341721725946,0.795833770955265,0.795833770955265,0.8508567689759821,1.3812749629022625,0.0555555555555555,7.0,1.8239384391019728,4.0,equal,False,13200,0.0271547511219978,0.0232079999999998,4,42,23,80,0.0158129578921943,5059.1420368917625,median 5 warm calls on training rows; end-to-end preprocessing,,,,,
20.0,0.0,0.0,11,0,regression,additive_regression,random_subspace_affine,complete,1.7214345936219275,2.9633370601182905,1.4207657698894396,-0.0444477003084859,0.9733034934213984,-0.2080341721725946,0.795833770955265,0.795833770955265,0.8508567689759821,1.3812749629022625,0.0555555555555555,7.0,1.8239384391019728,4.0,affine_of_equal,True,13435,0.4294270840473473,0.3750789999999999,4,42,23,80,0.0117277910467237,6821.40393542813,median 5 warm calls on training rows; end-to-end preprocessing,1.7663928165330431,2.0,,,
20.0,0.0,0.0,11,0,regression,additive_regression,top_no_cert,complete,1.6843002714124515,2.8368674042800577,1.3824736749099908,0.000127364397037,0.931764729743182,0.0039537693679274,0.7804763781257725,0.7804763781257725,0.852297930961621,1.4236028552413085,0.1111111111111111,6.0,1.4781865186775645,4.0,equal,True,13057,0.4418743751011789,0.3777889999999999,4,40,22,80,0.0098399999551475,8130.081337871386,median 5 warm calls on training rows; end-to-end preprocessing,,,,,
20.0,0.0,0.0,11,0,regression,additive_regression,top_no_cert_affine,complete,1.694645380109752,2.871822964327326,1.3893619941593112,-0.0121929533945903,0.943245829604009,0.0039537693679274,0.7804763781257725,0.7804763781257725,0.852297930961621,1.4236028552413085,0.1111111111111111,6.0,1.4781865186775645,4.0,affine_of_equal,True,13292,0.4296091240830719,0.3746790000000004,4,40,22,80,0.0094875830691307,8432.07373438358,median 5 warm calls on training rows; end-to-end preprocessing,1.4610666341890564,2.0,,,
20.0,0.0,0.0,11,0,regression,additive_regression,coerror_no_cert,complete,1.6658252954810722,2.7749739150646016,1.3724268461708946,0.02194213307292,0.9114359085354324,-0.0484288304217308,0.6851371248855669,0.6851371248855669,0.7444080115567187,1.6823527893639825,0.0,8.0,1.4171714662550945,4.0,equal,True,13506,0.4311759173870086,0.3726019999999996,4,46,25,80,0.0099231249187141,8061.97650995271,median 5 warm calls on training rows; end-to-end preprocessing,,,,,
20.0,0.0,0.0,11,0,regression,additive_regression,coerror_no_cert_affine,complete,1.674189727374459,2.802911243246166,1.3566081379603994,0.0120954374119027,0.9206118809490772,-0.0484288304217308,0.6851371248855669,0.6851371248855669,0.7444080115567187,1.6823527893639825,0.0,8.0,1.4171714662550945,4.0,affine_of_equal,True,13741,0.4430620411876589,0.3774469999999992,4,46,25,80,0.0133080831728875,6011.384131035736,median 5 warm calls on training rows; end-to-end preprocessing,1.345632390344579,2.0,,,
20.0,0.0,0.0,11,0,regression,additive_regression,affine_profiled,complete,1.674189727374459,2.802911243246166,1.3566081379603994,0.0120954374119027,0.9206118809490772,-0.0484288304217308,0.6851371248855669,0.6851371248855669,0.7444080115567187,1.6823527893639831,0.0,8.0,1.4171714662550945,4.0,affine_of_equal,True,13741,0.4293851247057318,0.3744819999999995,4,46,25,80,0.0125658749602735,6366.448834873552,median 5 warm calls on training rows; end-to-end preprocessing,1.345632390344579,2.0,,,
,,,11,0,regression,additive_regression,rf_shallow,complete,1.5946381860939935,2.542870944549142,1.3284744468141376,0.1037483565539448,0.8352020453423056,,,,,,,,,,,,11571,0.0156848749611526,0.015085,8,78,43,80,0.0034555830061435,23150.941493163547,median 5 warm calls on training rows; end-to-end preprocessing,,,0.0156848749611526,0.015085,172752896.0
20.0,0.0,0.0,11,1,regression,additive_regression,random_subspace,complete,1.374211029925023,1.888455954767592,1.1008491900698805,-0.0594409608889325,0.9490247013601488,-0.4056858761412646,0.7480076439285926,0.7480076439285926,0.8638003594155176,1.4909847701244825,0.0555555555555555,7.0,3.218036758618595,4.0,equal,False,13632,0.0218183319084346,0.0213019999999994,4,48,26,80,0.0121615829411894,6578.091058282579,median 5 warm calls on training rows; end-to-end preprocessing,,,,,
20.0,0.0,0.0,11,1,regression,additive_regression,random_subspace_affine,complete,1.410635054077574,1.9898912557924404,1.1165859871441646,-0.1163470870363381,1.0,-0.4056858761412646,0.7480076439285926,0.7480076439285926,0.8638003594155176,1.4909847701244825,0.0555555555555555,7.0,3.218036758618595,4.0,affine_of_equal,True,13867,0.3783758329227566,0.3409359999999983,4,48,26,80,0.0093987919390201,8511.732201227998,median 5 warm calls on training rows; end-to-end preprocessing,2.837228766211122,2.0,,,
20.0,0.0,0.0,11,1,regression,additive_regression,top_no_cert,complete,1.544733826058662,2.3862025933698328,1.1961420048940106,-0.3386813507686594,1.199162309208484,-0.013388164427649,0.7489892459393328,0.7489892459393328,0.8204539549169163,1.4864284840214017,0.1111111111111111,6.0,2.3257289489481,4.0,equal,True,13937,0.3846573736518621,0.3411409999999995,4,52,28,80,0.0107651250436902,7431.404621434532,median 5 warm calls on training rows; end-to-end preprocessing,,,,,
20.0,0.0,0.0,11,1,regression,additive_regression,top_no_cert_affine,complete,1.6072748282167106,2.583332373419057,1.2443606817522384,-0.4492729497243664,1.2982279136606834,-0.013388164427649,0.7489892459393328,0.7489892459393328,0.8204539549169163,1.4864284840214017,0.1111111111111111,6.0,2.3257289489481,4.0,affine_of_equal,True,14172,0.3860498748254031,0.3418199999999993,4,52,28,80,0.0108690839260816,7360.325906402332,median 5 warm calls on training rows; end-to-end preprocessing,2.316516930624931,2.0,,,
20.0,0.0,0.0,11,1,regression,additive_regression,coerror_no_cert,complete,1.547413369721965,2.3944881367942865,1.1923994956600803,-0.3433296159637937,1.2033261264021795,-0.05972003835512,0.6801606355978076,0.6801606355978076,0.8200752635136983,1.685850484113206,0.0555555555555555,7.0,2.2564076804660695,4.0,equal,True,13794,0.3970087498892098,0.3423079999999991,4,50,27,80,0.0135480419266968,5904.912343263211,median 5 warm calls on training rows; end-to-end preprocessing,,,,,
20.0,0.0,0.0,11,1,regression,additive_regression,coerror_no_cert_affine,complete,1.6407770328976847,2.69214927168453,1.2765237470595772,-0.5103202190388969,1.3529127603570614,-0.05972003835512,0.6801606355978076,0.6801606355978076,0.8200752635136983,1.685850484113206,0.0555555555555555,7.0,2.2564076804660695,4.0,affine_of_equal,True,14029,0.3827350821811706,0.3415689999999989,4,50,27,80,0.0118549161124974,6748.25525890175,median 5 warm calls on training rows; end-to-end preprocessing,2.23647570851577,2.0,,,
20.0,0.0,0.0,11,1,regression,additive_regression,affine_profiled,complete,1.6407770328976847,2.69214927168453,1.2765237470595772,-0.5103202190388969,1.3529127603570614,-0.05972003835512,0.6801606355978076,0.6801606355978076,0.8200752635136983,1.685850484113206,0.0555555555555555,7.0,2.2564076804660695,4.0,affine_of_equal,True,14029,0.3793284583371132,0.3409590000000007,4,50,27,80,0.0112077081575989,7137.944606967568,median 5 warm calls on training rows; end-to-end preprocessing,2.23647570851577,2.0,,,
,,,11,1,regression,additive_regression,rf_shallow,complete,1.428798813023039,2.041466048096045,1.10542533393938,-0.1452810144482181,1.0259183973764767,,,,,,,,,,,,13299,0.018037041183561,0.0149829999999999,8,102,55,80,0.0040074998978525,19962.570689738215,median 5 warm calls on training rows; end-to-end preprocessing,,,0.018037041183561,0.0149829999999999,172916736.0
20.0,0.0,0.0,11,0,regression,null_regression,random_subspace,complete,1.1278278886897233,1.271995746506319,0.9230796751687532,-0.1846365163443264,1.007110999032202,-0.1049660060050373,0.78940546599146,0.78940546599146,0.8322199459798498,1.388773266576817,0.0555555555555555,7.0,0.9655486155911336,4.0,equal,False,12336,0.025881583802402,0.0224419999999998,4,30,17,80,0.0101712089963257,7865.338331844264,median 5 warm calls on training rows; end-to-end preprocessing,,,,,
20.0,0.0,0.0,11,0,regression,null_regression,random_subspace_affine,complete,1.1043307373352278,1.219546377423368,0.8999103566152655,-0.1357893106476555,0.9655838660674716,-0.1049660060050373,0.78940546599146,0.78940546599146,0.8322199459798498,1.388773266576817,0.0555555555555555,7.0,0.9655486155911336,4.0,affine_of_equal,True,12571,0.3886669180355966,0.3340150000000008,4,30,17,80,0.0137175829149782,5831.93121527611,median 5 warm calls on training rows; end-to-end preprocessing,0.956072127694523,2.0,,,
20.0,0.0,0.0,11,0,regression,null_regression,top_no_cert,complete,1.1795329896111006,1.3912980735809009,0.9548181679794286,-0.2957452944401517,1.1015694012217976,-0.032836895015328,0.7723789887743756,0.7723789887743756,0.8529375022927315,1.4278561896758986,0.1111111111111111,6.0,0.8889531736351175,4.0,equal,True,12352,0.3953152080066502,0.3358189999999998,4,30,17,80,0.0126640831585973,6317.077912244273,median 5 warm calls on training rows; end-to-end preprocessing,,,,,
20.0,0.0,0.0,11,0,regression,null_regression,top_no_cert_affine,complete,1.1811524639336042,1.395121143056424,0.9547812224668718,-0.2993057998252251,1.104596341625835,-0.032836895015328,0.7723789887743756,0.7723789887743756,0.8529375022927315,1.4278561896758986,0.1111111111111111,6.0,0.8889531736351175,4.0,affine_of_equal,True,12587,0.3892733328975737,0.3342239999999998,4,30,17,80,0.0102688749320805,7790.532120522355,median 5 warm calls on training rows; end-to-end preprocessing,0.8833311867450808,2.0,,,
20.0,0.0,0.0,11,0,regression,null_regression,coerror_no_cert,complete,1.1342897607854958,1.2866132614228174,0.925280860759851,-0.1982501168582069,1.0186845126161563,-0.0485557246560733,0.7371703000354235,0.7371703000354235,0.8024509526882955,1.5297324747475125,0.0555555555555555,7.0,0.8693247685538761,4.0,equal,True,12481,0.4889305429533124,0.3927549999999993,4,32,18,80,0.0108233338687568,7391.43788504312,median 5 warm calls on training rows; end-to-end preprocessing,,,,,
20.0,0.0,0.0,11,0,regression,null_regression,coerror_no_cert_affine,complete,1.109616474555071,1.2312487206040246,0.9041800960905269,-0.1466879501255586,0.9748492732546098,-0.0485557246560733,0.7371703000354235,0.7371703000354235,0.8024509526882955,1.5297324747475125,0.0555555555555555,7.0,0.8693247685538761,4.0,affine_of_equal,True,12716,0.3923685839399695,0.335782,4,32,18,80,0.0094281670171767,8485.212433578197,median 5 warm calls on training rows; end-to-end preprocessing,0.8478212784449053,2.0,,,
20.0,0.0,0.0,11,0,regression,null_regression,affine_profiled,complete,1.147487997998712,1.316728705551092,0.9614867894826832,-0.2262972663225579,1.042528613593403,-0.0506733516140013,0.7355535476200864,0.7355535476200864,0.7664413850709696,1.5369131128843307,0.0555555555555555,7.0,0.8694163439663856,4.0,affine_of_equal,True,13004,0.3968572928570211,0.3362930000000004,4,36,20,80,0.0129318751860409,6186.264470473245,median 5 warm calls on training rows; end-to-end preprocessing,0.8442533031113495,2.0,,,
,,,11,0,regression,null_regression,rf_shallow,complete,1.173513076511852,1.377132940744312,0.9358050260682028,-0.2825530069162503,1.0903540641252203,,,,,,,,,,,,10563,0.0161632921081036,0.0150040000000002,8,64,36,80,0.0030886670574545,25901.140690097276,median 5 warm calls on training rows; end-to-end preprocessing,,,0.0161632921081036,0.0150040000000002,172998656.0
20.0,0.0,0.0,11,1,regression,null_regression,random_subspace,complete,1.1177087013805145,1.2492727411417155,0.8560475237106993,-0.243168132534286,1.0461330657100227,-0.5108141656780126,0.8005595857472625,0.8005595857472625,0.8695962133170367,1.3822842068908008,0.0555555555555555,7.0,1.4363474923730646,4.0,equal,False,13920,0.0239331228658556,0.0210460000000001,4,52,28,80,0.0099044169764965,8077.204361432071,median 5 warm calls on training rows; end-to-end preprocessing,,,,,
20.0,0.0,0.0,11,1,regression,null_regression,random_subspace_affine,complete,1.092786112687346,1.194181488082321,0.821294734777314,-0.188346084530397,1.0,-0.5108141656780126,0.8005595857472625,0.8005595857472625,0.8695962133170367,1.3822842068908008,0.0555555555555555,7.0,1.4363474923730646,4.0,affine_of_equal,True,14155,0.4199683335609734,0.3399699999999992,4,52,28,80,0.0107702910900115,7427.840095630494,median 5 warm calls on training rows; end-to-end preprocessing,1.0737434892109985,2.0,,,
20.0,0.0,0.0,11,1,regression,null_regression,top_no_cert,complete,1.2141449195611842,1.4741478856962342,0.9214416741132518,-0.466944417970347,1.234442084731608,-0.1100060015186931,0.7573254013534662,0.7573254013534662,0.8235129517212818,1.4703500703750263,0.0555555555555555,7.0,1.019003092230556,4.0,equal,True,13794,0.4172431654296815,0.3392999999999997,4,50,27,80,0.0152146248146891,5258.098768414122,median 5 warm calls on training rows; end-to-end preprocessing,,,,,
20.0,0.0,0.0,11,1,regression,null_regression,top_no_cert_affine,complete,1.1767140844718216,1.3846560365943572,0.8898656476299405,-0.3778898734652411,1.159502178197311,-0.1100060015186931,0.7573254013534662,0.7573254013534662,0.8235129517212818,1.4703500703750263,0.0555555555555555,7.0,1.019003092230556,4.0,affine_of_equal,True,14029,0.4208266665227711,0.341207999999999,4,50,27,80,0.0172353330999612,4641.627726950036,median 5 warm calls on training rows; end-to-end preprocessing,1.0080182700669644,2.0,,,
20.0,0.0,0.0,11,1,regression,null_regression,coerror_no_cert,complete,1.183040148885879,1.399583993875923,0.883770262255623,-0.3927448848371495,1.1720027548940222,-0.1205796572506461,0.7347314259134241,0.7347314259134241,0.7895459395766508,1.5355435227037706,0.0555555555555555,7.0,1.0047453251398186,4.0,equal,True,13777,0.4167712922208011,0.338988999999998,4,50,27,80,0.0102129171136766,7833.217396121593,median 5 warm calls on training rows; end-to-end preprocessing,,,,,
20.0,0.0,0.0,11,1,regression,null_regression,coerror_no_cert_affine,complete,1.148158904503972,1.3182688699917608,0.855554068462577,-0.3118271097374683,1.1039099861686066,-0.1205796572506461,0.7347314259134241,0.7347314259134241,0.7895459395766508,1.5355435227037706,0.0555555555555555,7.0,1.0047453251398186,4.0,affine_of_equal,True,14012,0.4193444994743913,0.3404229999999995,4,50,27,80,0.008748291991651,9144.642185737292,median 5 warm calls on training rows; end-to-end preprocessing,0.9988528705329875,2.0,,,
20.0,0.0,0.0,11,1,regression,null_regression,affine_profiled,complete,1.148158904503972,1.3182688699917608,0.855554068462577,-0.3118271097374683,1.1039099861686066,-0.1205796572506461,0.734731425913424,0.734731425913424,0.7895459395766508,1.5355435227037708,0.0555555555555555,7.0,1.0047453251398186,4.0,affine_of_equal,True,14012,0.4182125004008412,0.3409579999999987,4,50,27,80,0.0109521248377859,7304.518637697751,median 5 warm calls on training rows; end-to-end preprocessing,0.9988528705329875,2.0,,,
,,,11,1,regression,null_regression,rf_shallow,complete,1.2162233838784804,1.4791993194928212,0.9346325520444566,-0.4719711677846305,1.2386721233371294,,,,,,,,,,,,12291,0.020400958135724,0.0154649999999998,8,88,48,80,0.0039500000420957,20253.16434112082,median 5 warm calls on training rows; end-to-end preprocessing,,,0.020400958135724,0.0154649999999998,173015040.0
